16.558594 -23.554688 04 01 12
20.144531 -22.992188 04 01 12
21.128906 -20.132812 04 01 12
22.042969 -19.945312 04 01 12
22.042969 -19.945312 04 01 12
34.48828 -8.0390625 04 01 12
35.54297 -7.6640625 04 01 12
37.01953 -7.1484375 04 01 12
40.67578 0.3984375 04 01 12
40.67578 0.6796875 04 01 12
40.67578 2.2265625 04 01 12
41.941406 2.0859375 04 01 12
40.464844 2.4609375 04 01 12
40.535156 2.6015625 04 01 12
41.80078 2.1328125 04 01 12
40.253906 5.0859375 04 01 12
17.121094 -22.429688 04 01 13
35.05078 -5.5546875 04 01 13
13.605469 6.9609375 04 01 13
25.347656 -29.414062 04 01 14
25.347656 -29.414062 04 01 14
25.417969 -28.757812 04 01 14
25.417969 -28.757812 04 01 14
25.558594 -27.679688 04 01 14
25.558594 -27.679688 04 01 14
17.824219 -26.367188 04 01 14
19.300781 -24.585938 04 01 14
35.82422 -6.6328125 04 01 14
14.097656 -5.2734375 04 01 14
13.746094 -2.3203125 04 01 14
24.152344 4.1484375 04 01 14
20.144531 5.7890625 04 01 14
20.144531 5.7890625 04 01 14
27.527344 -29.929688 04 01 15
26.894531 -28.804688 04 01 15
23.097656 -27.492188 04 01 15
24.433594 -27.023438 04 01 15
23.097656 -27.492188 04 01 15
23.097656 -27.492188 04 01 15
24.433594 -27.023438 04 01 15
24.433594 -27.023438 04 01 15
23.589844 -26.039062 04 01 15
23.589844 -26.039062 04 01 15
23.589844 -26.039062 04 01 15
23.589844 -26.039062 04 01 15
27.667969 -7.3828125 04 01 15
14.308594 -4.1484375 04 01 15
18.316406 -3.5390625 04 01 15
13.183594 -2.7890625 04 01 15
23.800781 -0.2109375 04 01 15
12.269531 -0.1171875 04 01 15
24.574219 0.3046875 04 01 15
23.730469 1.0078125 04 01 15
21.902344 0.7265625 04 01 15
24.644531 1.0078125 04 01 15
23.730469 1.0546875 04 01 15
24.644531 1.0078125 04 01 15
25.417969 2.2265625 04 01 15
25.980469 2.8359375 04 01 15
21.269531 2.8359375 04 01 15
24.152344 3.6328125 04 01 15
25.207031 4.2890625 04 01 15
25.839844 5.0859375 04 01 15
25.207031 5.9765625 04 01 15
25.207031 5.9765625 04 01 15
17.683594 -5.8828125 04 01 16
20.917969 -4.7109375 04 01 16
18.316406 -4.2890625 04 01 16
15.714844 -4.5703125 04 01 16
18.246094 -4.1953125 04 01 16
18.246094 -4.1953125 04 01 16
24.855469 0.8203125 04 01 16
20.425781 2.6484375 04 01 16
21.761719 3.5859375 04 01 16
24.433594 -5.3203125 04 01 17
27.738281 -1.1953125 04 01 17
27.738281 -1.1953125 04 01 17
17.964844 4.8046875 04 01 17
27.667969 -29.695312 04 02 12
29.707031 -22.523438 04 02 12
36.035156 -9.0234375 04 02 12
34.839844 -7.9921875 04 02 12
40.39453 0.6328125 04 02 12
25.066406 -29.085938 04 02 13
24.855469 -28.757812 04 02 13
24.855469 -28.757812 04 02 13
24.855469 -28.757812 04 02 13
24.574219 -28.242188 04 02 13
19.863281 -27.679688 04 02 13
17.824219 -7.4296875 04 02 13
27.738281 -7.3359375 04 02 13
18.035156 -6.5390625 04 02 13
16.066406 -6.5859375 04 02 13
18.035156 -6.5390625 04 02 13
16.066406 -6.5859375 04 02 13
28.300781 -1.3359375 04 02 13
25.769531 0.9609375 04 02 13
21.410156 2.3203125 04 02 13
24.152344 2.6015625 04 02 13
23.800781 3.3984375 04 02 13
22.464844 3.4453125 04 02 13
23.871094 3.6796875 04 02 13
19.652344 5.2265625 04 02 13
24.644531 5.2734375 04 02 13
15.644531 5.4609375 04 02 13
17.542969 -25.664062 04 02 14
25.417969 -10.1484375 04 02 14
36.246094 -9.6796875 04 02 14
17.542969 -8.2265625 04 02 14
20.988281 -1.7109375 04 02 14
27.738281 -0.5390625 04 02 14
39.972656 -0.3984375 04 02 14
28.089844 0.3046875 04 02 14
38.91797 0.3984375 04 02 14
25.558594 0.8671875 04 02 14
23.027344 2.3671875 04 02 14
13.605469 5.3203125 04 02 14
13.605469 5.3203125 04 02 14
10.933594 9.4921875 04 02 14
20.917969 -5.9765625 04 02 15
18.316406 -5.8828125 04 02 15
25.910156 -0.7734375 04 02 15
26.542969 -0.0234375 04 02 15
24.082031 1.0546875 04 02 15
19.863281 -7.0078125 04 02 16
38.003906 -0.1171875 04 02 16
33.57422 -7.8984375 04 02 17
24.574219 -31.804688 04 03 12
24.363281 -29.882812 04 03 12
23.941406 -28.570312 04 03 12
37.58203 -9.5859375 04 03 12
26.332031 -9.0234375 04 03 12
20.707031 -8.8359375 04 03 12
19.300781 -8.6953125 04 03 12
25.699219 -8.6484375 04 03 12
25.699219 -8.6484375 04 03 12
26.894531 -8.4140625 04 03 12
26.894531 -8.4140625 04 03 12
23.167969 -7.8984375 04 03 12
23.589844 -7.6640625 04 03 12
23.167969 -7.8984375 04 03 12
23.941406 -6.3046875 04 03 12
15.714844 -3.1171875 04 03 12
14.167969 -3.0703125 04 03 12
14.167969 -3.0703125 04 03 12
37.01953 -0.1171875 04 03 12
40.39453 0.7265625 04 03 12
40.253906 1.6640625 04 03 12
40.253906 1.6640625 04 03 12
40.253906 1.6640625 04 03 12
40.253906 1.6640625 04 03 12
13.957031 1.6640625 04 03 12
40.95703 3.3515625 04 03 12
23.378906 -27.585938 04 03 13
11.847656 1.0546875 04 03 13
11.707031 1.0546875 04 03 13
39.19922 3.0234375 04 03 13
39.19922 3.0234375 04 03 13
29.707031 -26.554688 04 03 14
29.707031 -26.554688 04 03 14
17.613281 -9.3515625 04 03 14
21.832031 -27.257812 04 03 15
21.832031 -27.257812 04 03 15
38.35547 -10.8046875 04 03 15
38.98828 0.3984375 04 03 15
16.417969 -2.6015625 04 03 16
38.98828 -1.1484375 04 03 17
24.011719 -27.867188 04 04 12
24.503906 -27.117188 04 04 12
24.503906 -27.117188 04 04 12
27.597656 -26.601562 04 04 12
24.503906 -27.117188 04 04 12
39.128906 -12.9609375 04 04 12
26.683594 -8.6953125 04 04 12
26.683594 -8.6953125 04 04 12
17.542969 0.2109375 04 04 12
40.04297 1.4296875 04 04 12
34.41797 1.3359375 04 04 12
25.558594 -27.351562 04 04 13
45.808594 -18.117188 04 04 13
35.61328 -8.2265625 04 04 13
35.61328 -8.2265625 04 04 13
39.410156 2.8359375 04 04 13
39.410156 2.8359375 04 04 13
33.152344 19.054688 04 04 13
37.86328 -8.7421875 04 04 14
23.871094 -24.632812 04 04 15
23.871094 -24.632812 04 04 15
23.730469 -24.632812 04 04 15
28.722656 -28.570312 04 05 12
28.722656 -28.570312 04 05 12
28.722656 -26.976562 04 05 12
29.074219 -26.367188 04 05 12
36.527344 -8.6484375 04 05 12
36.316406 -7.6640625 04 05 12
35.964844 -3.5390625 04 05 12
36.808594 -3.4921875 04 05 12
35.964844 -3.5390625 04 05 12
13.324219 -2.3671875 04 05 12
13.324219 -2.3671875 04 05 12
13.324219 -2.3671875 04 05 12
29.566406 -1.1015625 04 05 12
29.566406 -1.1015625 04 05 12
30.128906 -0.3046875 04 05 12
40.95703 2.6015625 04 05 12
27.878906 -27.257812 04 05 14
35.05078 -8.2734375 04 05 15
39.19922 2.9296875 04 05 15
35.82422 -1.8046875 04 05 17
19.300781 -28.148438 04 06 12
28.441406 -27.585938 04 06 12
28.441406 -27.585938 04 06 12
16.628906 -12.3046875 04 06 12
16.417969 -12.4921875 04 06 12
16.628906 -12.3046875 04 06 12
16.628906 -12.3046875 04 06 12
26.121094 -9.5859375 04 06 12
26.121094 -9.5859375 04 06 12
36.035156 -9.3515625 04 06 12
36.035156 -9.3515625 04 06 12
20.496094 -3.5859375 04 06 12
21.339844 -3.7265625 04 06 12
21.339844 -3.7265625 04 06 12
21.269531 -3.7265625 04 06 12
36.878906 0.2109375 04 06 12
32.941406 3.8671875 04 06 12
39.19922 5.1328125 04 06 12
33.222656 9.6328125 04 06 12
33.222656 9.6328125 04 06 12
33.433594 9.9140625 04 06 12
27.878906 -28.898438 04 06 13
28.511719 -11.0859375 04 06 13
25.699219 -10.1953125 04 06 13
36.66797 -10.6171875 04 06 13
16.347656 -9.3046875 04 06 13
21.691406 -2.8828125 04 06 13
31.183594 10.9921875 04 06 13
21.691406 -32.039062 04 06 14
21.691406 -32.039062 04 06 14
21.621094 -31.007812 04 06 14
21.621094 -2.7890625 04 06 14
31.042969 10.1953125 04 06 14
27.738281 -30.960938 04 06 15
26.964844 -6.6796875 04 06 15
36.246094 -1.8515625 04 06 15
47.63672 7.8515625 04 06 16
26.050781 -0.7265625 04 06 17
23.027344 -31.476562 04 07 12
22.183594 -31.617188 04 07 12
23.027344 -31.476562 04 07 12
25.628906 -31.429688 04 07 12
18.667969 -27.867188 04 07 12
45.878906 -17.976562 04 07 12
22.957031 -13.5234375 04 07 12
24.363281 -13.3828125 04 07 12
22.957031 -12.5859375 04 07 12
25.277344 -10.2890625 04 07 12
37.652344 -10.0546875 04 07 12
21.199219 -6.0703125 04 07 12
20.988281 -6.3046875 04 07 12
21.199219 -6.0703125 04 07 12
24.152344 -5.3203125 04 07 12
22.464844 -5.0859375 04 07 12
20.917969 -4.7109375 04 07 12
21.691406 -5.0390625 04 07 12
36.527344 -0.3046875 04 07 12
30.058594 -0.6796875 04 07 12
30.058594 -0.5859375 04 07 12
36.527344 -0.3046875 04 07 12
15.925781 1.2421875 04 07 12
38.98828 2.4609375 04 07 12
40.04297 4.3359375 04 07 12
40.04297 4.3359375 04 07 12
39.55078 4.7109375 04 07 12
41.871094 6.0703125 04 07 12
33.08203 8.4609375 04 07 12
34.558594 10.2421875 04 07 12
34.066406 11.1328125 04 07 12
37.51172 11.8359375 04 07 12
39.621094 12.3046875 04 07 12
30.480469 13.8515625 04 07 12
30.480469 13.8515625 04 07 12
23.730469 -27.960938 04 07 13
17.261719 -12.7265625 04 07 13
18.808594 -12.2109375 04 07 13
13.324219 -0.2578125 04 07 13
13.957031 0.3046875 04 07 13
13.394531 0.4453125 04 07 13
39.26953 7.3359375 04 07 13
20.777344 6.8203125 04 07 13
21.269531 7.3359375 04 07 13
22.042969 8.0859375 04 07 13
23.097656 8.6484375 04 07 13
18.878906 -11.6015625 04 07 14
28.371094 -10.4765625 04 07 14
20.566406 -9.0703125 04 07 14
23.519531 -8.0859375 04 07 14
25.277344 -6.2578125 04 07 14
24.855469 -5.1328125 04 07 14
28.441406 3.9609375 04 07 14
28.441406 3.9609375 04 07 14
28.582031 4.0078125 04 07 14
46.441406 -17.929688 04 07 15
22.464844 -9.0234375 04 07 15
20.988281 -4.0078125 04 07 15
22.464844 -3.5390625 04 07 15
23.449219 7.5234375 04 07 15
40.32422 7.9921875 04 07 15
23.730469 -7.8515625 04 07 16
32.378906 -7.2421875 04 07 16
20.214844 -5.0859375 04 07 16
26.472656 3.7265625 04 07 16
26.894531 0.9140625 04 07 17
24.363281 -31.992188 04 08 12
26.613281 -30.070312 04 08 12
27.175781 -29.554688 04 08 12
27.175781 -29.554688 04 08 12
25.277344 -27.210938 04 08 12
20.566406 -14.3671875 04 08 12
18.808594 -12.8203125 04 08 12
22.957031 -9.0234375 04 08 12
36.10547 -8.6484375 04 08 12
16.980469 -5.7890625 04 08 12
29.847656 -2.3203125 04 08 12
39.48047 3.8203125 04 08 12
34.76953 5.7890625 04 08 12
34.839844 6.2578125 04 08 12
38.496094 6.6796875 04 08 12
37.371094 6.4921875 04 08 12
38.496094 6.6796875 04 08 12
46.441406 6.5390625 04 08 12
24.644531 7.3359375 04 08 12
38.496094 6.6796875 04 08 12
36.73828 6.5859375 04 08 12
38.496094 6.6796875 04 08 12
35.964844 7.8046875 04 08 12
24.433594 7.2421875 04 08 12
24.433594 7.2421875 04 08 12
35.964844 7.8046875 04 08 12
38.07422 7.9453125 04 08 12
35.964844 7.8046875 04 08 12
46.30078 7.8984375 04 08 12
25.910156 7.9453125 04 08 12
38.003906 8.9765625 04 08 12
38.566406 8.5546875 04 08 12
36.73828 7.7578125 04 08 12
35.121094 9.1171875 04 08 12
36.17578 9.1171875 04 08 12
46.160156 9.3046875 04 08 12
46.160156 9.3046875 04 08 12
46.30078 9.3515625 04 08 12
30.832031 12.8671875 04 08 12
25.417969 -31.289062 04 08 13
37.371094 -6.5390625 04 08 13
37.652344 11.2265625 04 08 13
21.128906 -31.945312 04 08 14
17.964844 -8.6953125 04 08 14
26.824219 -8.5078125 04 08 14
37.089844 11.1328125 04 08 14
22.886719 -7.0546875 04 08 15
20.425781 -32.742188 04 08 16
20.074219 -9.6796875 04 08 16
36.66797 -1.0546875 04 08 17
46.371094 -17.226562 04 09 12
19.160156 -11.8828125 04 09 12
17.191406 -11.5546875 04 09 12
19.160156 -11.8828125 04 09 12
17.332031 -11.4140625 04 09 12
17.191406 -11.4609375 04 09 12
17.613281 -8.1328125 04 09 12
29.425781 -2.0859375 04 09 12
29.777344 -1.0546875 04 09 12
29.636719 -1.0546875 04 09 12
12.761719 -0.5390625 04 09 12
29.777344 -1.0546875 04 09 12
13.113281 -0.3984375 04 09 12
30.199219 -0.2578125 04 09 12
13.675781 -0.3984375 04 09 12
12.761719 -0.5390625 04 09 12
13.253906 -0.3515625 04 09 12
13.113281 -0.3984375 04 09 12
37.79297 5.3203125 04 09 12
38.214844 5.9296875 04 09 12
38.35547 6.0703125 04 09 12
41.871094 6.2578125 04 09 12
39.339844 6.3984375 04 09 12
38.847656 6.8203125 04 09 12
47.14453 6.5390625 04 09 12
41.80078 6.2578125 04 09 12
40.11328 7.8984375 04 09 12
47.285156 6.7734375 04 09 12
39.972656 7.8046875 04 09 12
40.464844 8.1796875 04 09 12
47.70703 8.5546875 04 09 12
36.035156 9.9609375 04 09 12
39.48047 9.6328125 04 09 12
39.26953 9.7734375 04 09 12
27.878906 9.4921875 04 09 12
35.964844 10.0546875 04 09 12
36.10547 10.1484375 04 09 12
35.89453 10.7578125 04 09 12
15.644531 -11.0390625 04 09 13
18.457031 -16.757812 04 09 14
18.246094 -16.851562 04 09 15
14.589844 -14.0390625 04 09 16
20.988281 -30.257812 04 10 12
36.10547 -8.3671875 04 10 12
37.371094 -6.6328125 04 10 12
37.23047 -5.9296875 04 10 12
37.23047 -5.9296875 04 10 12
26.964844 -5.7890625 04 10 12
37.722656 5.4609375 04 10 12
33.36328 5.2265625 04 10 12
34.41797 5.7421875 04 10 12
34.41797 5.7421875 04 10 12
37.652344 5.6484375 04 10 12
36.246094 6.2109375 04 10 12
38.91797 6.7734375 04 10 12
36.246094 6.2109375 04 10 12
39.691406 8.1328125 04 10 12
42.29297 8.9765625 04 10 12
39.621094 8.2734375 04 10 12
41.80078 8.6953125 04 10 12
18.105469 -7.3828125 04 10 13
23.730469 -7.2890625 04 10 13
23.097656 -6.8671875 04 10 13
17.753906 -5.9765625 04 10 13
19.160156 -5.3671875 04 10 13
36.878906 -5.1796875 04 10 13
18.316406 -8.3671875 04 10 14
16.207031 -6.7734375 04 10 14
17.472656 -13.6640625 04 10 15
17.332031 -10.1484375 04 10 15
17.332031 -10.1484375 04 10 15
16.207031 -9.8671875 04 10 15
35.05078 -5.6484375 04 10 15
14.097656 -2.3671875 04 10 15
37.160156 -0.2578125 04 10 15
16.277344 -12.3984375 04 10 16
25.417969 -6.7265625 04 10 16
14.800781 -3.6796875 04 10 16
12.761719 1.2890625 04 10 16
46.58203 7.3359375 04 10 16
47.63672 8.0390625 04 10 16
19.792969 -32.507812 04 11 12
21.972656 -31.617188 04 11 12
24.925781 -28.101562 04 11 12
24.925781 -28.101562 04 11 12
16.910156 -11.3671875 04 11 12
17.472656 -9.2109375 04 11 12
23.378906 -6.9609375 04 11 12
17.824219 -4.7109375 04 11 12
23.660156 -5.4609375 04 11 12
23.660156 -5.4609375 04 11 12
37.58203 -4.1015625 04 11 12
37.58203 -4.1015625 04 11 12
29.003906 -0.6796875 04 11 12
29.003906 -0.6796875 04 11 12
42.222656 2.3203125 04 11 12
39.76172 2.4140625 04 11 12
41.097656 2.2265625 04 11 12
41.51953 3.4921875 04 11 12
39.691406 4.1015625 04 11 12
41.51953 3.4921875 04 11 12
38.496094 3.7265625 04 11 12
39.76172 4.5703125 04 11 12
38.496094 3.7265625 04 11 12
41.308594 4.3828125 04 11 12
40.11328 4.6171875 04 11 12
40.535156 4.9453125 04 11 12
42.222656 5.6484375 04 11 12
42.08203 6.0703125 04 11 12
42.222656 5.6484375 04 11 12
45.597656 5.9296875 04 11 12
45.597656 5.9296875 04 11 12
41.871094 6.3984375 04 11 12
42.714844 7.1953125 04 11 12
42.714844 7.1953125 04 11 12
41.941406 8.5078125 04 11 12
37.722656 10.3828125 04 11 12
37.722656 10.3828125 04 11 12
20.144531 -31.664062 04 11 13
26.472656 -28.757812 04 11 13
20.355469 -28.476562 04 11 13
18.035156 -11.5078125 04 11 13
17.402344 -7.4296875 04 11 13
34.277344 -4.1484375 04 11 13
26.824219 -27.210938 04 11 14
13.746094 -17.132812 04 11 14
14.097656 -1.8984375 04 11 14
14.941406 1.2421875 04 11 14
24.222656 -27.773438 04 11 15
24.996094 -26.976562 04 11 15
26.542969 -7.1484375 04 11 15
24.363281 -3.6328125 04 11 15
21.339844 -3.0703125 04 11 15
43.628906 7.2421875 04 11 15
22.042969 -23.601562 04 12 12
22.605469 -24.257812 04 12 12
15.925781 -19.617188 04 12 12
16.910156 -12.0234375 04 12 12
16.910156 -11.9765625 04 12 12
16.910156 -11.9765625 04 12 12
26.191406 -9.5859375 04 12 12
26.191406 -9.2578125 04 12 12
26.753906 -8.5078125 04 12 12
25.628906 -7.4765625 04 12 12
23.378906 -8.5546875 04 12 12
23.378906 -8.5546875 04 12 12
25.066406 -8.1328125 04 12 12
24.996094 -8.1328125 04 12 12
23.308594 -8.3203125 04 12 12
25.628906 -7.4765625 04 12 12
25.417969 -6.8671875 04 12 12
31.535156 -5.3671875 04 12 12
29.425781 -1.5703125 04 12 12
29.425781 -1.5703125 04 12 12
29.425781 -1.2421875 04 12 12
40.95703 0.6328125 04 12 12
36.17578 1.2421875 04 12 12
35.121094 1.4765625 04 12 12
41.378906 2.6953125 04 12 12
41.378906 2.6953125 04 12 12
33.36328 3.8203125 04 12 12
33.152344 4.0078125 04 12 12
40.39453 5.0859375 04 12 12
41.027344 5.5546875 04 12 12
38.98828 7.1015625 04 12 12
25.417969 -27.257812 04 12 13
14.660156 -18.773438 04 12 13
23.871094 -11.4609375 04 12 13
24.785156 -9.0234375 04 12 13
26.613281 -6.7734375 04 12 13
45.527344 4.6171875 04 12 13
34.347656 6.2109375 04 12 13
14.308594 -16.054688 04 12 14
22.816406 -7.2421875 04 12 14
35.89453 -7.1015625 04 12 14
42.36328 8.4609375 04 12 14
14.449219 -3.0703125 04 12 16
14.449219 -3.0234375 04 12 16
13.394531 -1.7578125 04 12 16
19.089844 6.0234375 04 12 16
37.79297 -0.5390625 04 12 17
24.082031 -11.5078125 04 13 12
24.925781 -10.9921875 04 13 12
25.347656 -10.1484375 04 13 12
36.035156 -7.7578125 04 13 12
27.597656 -5.7421875 04 13 12
37.01953 -6.8203125 04 13 12
25.207031 -6.6328125 04 13 12
25.207031 -6.6328125 04 13 12
33.01172 -6.5390625 04 13 12
35.26172 -6.1640625 04 13 12
33.01172 -6.5390625 04 13 12
27.597656 -5.7421875 04 13 12
35.683594 -5.2265625 04 13 12
27.597656 -5.7421875 04 13 12
27.597656 -5.7421875 04 13 12
35.683594 -5.2265625 04 13 12
35.683594 -4.2421875 04 13 12
34.48828 -3.5390625 04 13 12
32.097656 -3.9609375 04 13 12
36.597656 -3.1171875 04 13 12
36.66797 -3.1171875 04 13 12
36.035156 -3.7265625 04 13 12
36.66797 -3.0703125 04 13 12
29.425781 -1.3828125 04 13 12
29.425781 -1.3828125 04 13 12
29.425781 -1.3828125 04 13 12
36.808594 0.7734375 04 13 12
36.808594 0.7734375 04 13 12
34.41797 3.1640625 04 13 12
34.347656 3.3515625 04 13 12
32.80078 6.9140625 04 13 12
32.80078 6.9140625 04 13 12
32.80078 7.1484375 04 13 12
40.183594 7.4296875 04 13 12
40.183594 12.9140625 04 13 12
16.136719 -11.1328125 04 13 13
16.136719 -11.1328125 04 13 13
15.996094 -11.1796875 04 13 13
24.785156 -8.3671875 04 13 13
35.121094 -7.7109375 04 13 13
25.628906 -7.4296875 04 13 13
30.902344 6.3984375 04 13 13
24.011719 -9.8203125 04 13 14
26.121094 -9.3515625 04 13 14
16.769531 -9.2578125 04 13 14
18.246094 -8.8359375 04 13 14
19.933594 -8.8828125 04 13 14
28.230469 6.1171875 04 13 14
16.699219 -9.3984375 04 13 15
26.542969 -2.5546875 04 13 15
27.316406 5.4609375 04 13 15
23.167969 -8.1796875 04 13 17
26.472656 -9.0703125 04 14 12
34.76953 -8.1796875 04 14 12
19.160156 -7.2421875 04 14 12
21.550781 -4.1953125 04 14 12
31.535156 -3.7265625 04 14 12
31.535156 -3.7265625 04 14 12
37.722656 -0.5390625 04 14 12
22.253906 0.8671875 04 14 12
22.253906 0.8671875 04 14 12
22.253906 0.8671875 04 14 12
38.214844 1.8515625 04 14 12
21.128906 1.7109375 04 14 12
38.214844 1.8515625 04 14 12
21.058594 2.4140625 04 14 12
19.582031 2.7421875 04 14 12
19.582031 2.7421875 04 14 12
21.058594 2.4140625 04 14 12
34.41797 3.0234375 04 14 12
45.45703 4.2890625 04 14 12
45.45703 4.2890625 04 14 12
45.45703 4.2890625 04 14 12
33.152344 4.2890625 04 14 12
39.76172 3.9609375 04 14 12
39.76172 3.9609375 04 14 12
18.808594 4.7109375 04 14 12
45.45703 4.2890625 04 14 12
18.808594 4.7109375 04 14 12
39.55078 4.5703125 04 14 12
18.808594 4.7109375 04 14 12
18.878906 5.0859375 04 14 12
39.83203 5.6953125 04 14 12
39.83203 5.6953125 04 14 12
18.316406 6.1640625 04 14 12
18.316406 6.1640625 04 14 12
13.816406 6.7734375 04 14 12
31.746094 6.1640625 04 14 12
30.761719 6.2578125 04 14 12
38.91797 7.1015625 04 14 12
39.691406 6.7265625 04 14 12
17.191406 6.4921875 04 14 12
13.675781 6.9609375 04 14 12
29.003906 6.8671875 04 14 12
28.019531 7.6640625 04 14 12
37.933594 8.2265625 04 14 12
38.285156 9.1640625 04 14 12
9.246094 23.601562 04 14 12
8.191406 23.695312 04 14 12
20.425781 -9.9140625 04 14 13
42.503906 2.5546875 04 14 13
19.441406 3.0234375 04 14 13
13.957031 5.4140625 04 14 13
37.23047 8.8359375 04 14 13
38.42578 -11.3203125 04 14 14
38.003906 -10.5703125 04 14 14
15.644531 -6.4453125 04 14 14
14.378906 -3.9609375 04 14 14
14.941406 3.3515625 04 14 14
22.113281 3.4453125 04 14 14
16.910156 -9.6796875 04 14 15
16.769531 4.2421875 04 14 15
40.88672 1.6171875 04 14 16
16.207031 4.9921875 04 14 16
46.722656 8.1328125 04 14 16
20.636719 -7.3828125 04 14 17
36.10547 -1.6171875 04 14 17
18.457031 -11.4609375 04 15 12
15.292969 -11.0859375 04 15 12
22.957031 -9.3046875 04 15 12
26.261719 -9.0234375 04 15 12
16.628906 -9.5390625 04 15 12
24.292969 -8.7421875 04 15 12
26.402344 -9.0703125 04 15 12
26.753906 -8.6953125 04 15 12
14.589844 -6.5859375 04 15 12
16.488281 -5.7890625 04 15 12
17.542969 -5.3203125 04 15 12
40.60547 6.8203125 04 15 12
39.691406 8.0390625 04 15 12
39.691406 8.0390625 04 15 12
40.60547 9.0703125 04 15 12
38.214844 8.9765625 04 15 12
42.36328 9.8203125 04 15 12
41.23828 10.6171875 04 15 12
16.699219 -10.8984375 04 15 13
25.699219 -8.6484375 04 15 13
36.597656 -7.9921875 04 15 13
24.644531 -6.6328125 04 15 13
27.667969 -5.9765625 04 15 13
29.988281 -0.9609375 04 15 13
36.10547 1.2890625 04 15 13
32.16797 3.5859375 04 15 13
25.136719 -10.4296875 04 15 14
36.246094 -9.0234375 04 15 14
26.191406 -5.2265625 04 15 14
38.63672 6.6796875 04 15 14
45.808594 8.7421875 04 15 15
29.144531 3.3515625 04 15 16
46.01953 7.3359375 04 15 16
21.410156 -11.3671875 04 16 12
14.589844 -6.4453125 04 16 12
17.542969 -4.9453125 04 16 12
17.542969 -4.9453125 04 16 12
17.472656 -4.8984375 04 16 12
17.894531 -3.4453125 04 16 12
29.636719 -0.7734375 04 16 12
29.636719 -0.7734375 04 16 12
29.636719 -0.7734375 04 16 12
29.847656 -0.1171875 04 16 12
34.41797 2.4140625 04 16 12
38.14453 3.0703125 04 16 12
45.17578 5.1796875 04 16 12
43.76953 7.1484375 04 16 12
43.41797 8.7421875 04 16 12
47.566406 9.2109375 04 16 12
38.98828 9.0234375 04 16 12
38.98828 9.0234375 04 16 12
39.410156 9.2109375 04 16 12
47.847656 9.3984375 04 16 12
21.339844 -10.1015625 04 16 13
21.339844 -10.0546875 04 16 13
21.339844 -9.9609375 04 16 13
21.339844 -9.9609375 04 16 13
21.761719 -9.4921875 04 16 13
18.738281 -8.8359375 04 16 13
17.824219 -8.8359375 04 16 13
22.464844 -8.4609375 04 16 13
22.675781 -7.4765625 04 16 13
15.996094 -6.3046875 04 16 13
22.605469 -6.4921875 04 16 13
20.566406 -5.8359375 04 16 13
32.73047 3.3984375 04 16 13
16.558594 -8.1796875 04 16 14
17.542969 -7.4296875 04 16 14
38.285156 8.2734375 04 16 14
18.457031 -7.7109375 04 16 15
21.480469 -7.7109375 04 16 15
20.988281 7.3828125 04 16 15
27.667969 -7.3359375 04 16 16
24.363281 -5.5078125 04 16 16
33.152344 5.3203125 04 16 16
18.597656 -6.1640625 04 16 17
15.644531 -12.0703125 04 17 12
18.949219 -9.3515625 04 17 12
24.292969 -9.3046875 04 17 12
24.292969 -9.3046875 04 17 12
24.574219 -7.5234375 04 17 12
25.628906 -6.3984375 04 17 12
27.386719 -5.5546875 04 17 12
27.386719 -5.5546875 04 17 12
30.199219 -1.4765625 04 17 12
29.144531 -1.8984375 04 17 12
29.144531 -1.8046875 04 17 12
28.300781 -1.2890625 04 17 12
36.878906 -0.3984375 04 17 12
18.527344 0.4921875 04 17 12
39.19922 2.2265625 04 17 12
38.70703 3.4921875 04 17 12
39.55078 3.0703125 04 17 12
39.55078 3.0703125 04 17 12
13.746094 2.6015625 04 17 12
40.746094 4.8046875 04 17 12
40.816406 4.8515625 04 17 12
42.01172 4.8046875 04 17 12
13.183594 5.2734375 04 17 12
13.816406 4.7578125 04 17 12
41.871094 4.9453125 04 17 12
42.503906 6.2109375 04 17 12
13.886719 6.1640625 04 17 12
13.957031 6.1640625 04 17 12
10.371094 6.1640625 04 17 12
45.17578 6.5859375 04 17 12
10.371094 6.1640625 04 17 12
13.886719 6.1640625 04 17 12
14.027344 6.1640625 04 17 12
10.300781 6.2109375 04 17 12
13.746094 7.0546875 04 17 12
13.886719 6.2109375 04 17 12
37.58203 7.2890625 04 17 12
37.58203 7.2890625 04 17 12
23.941406 -9.2109375 04 17 13
26.824219 -8.7421875 04 17 13
26.824219 -8.7421875 04 17 13
15.011719 -7.9921875 04 17 13
14.800781 -5.8828125 04 17 13
14.800781 -5.8828125 04 17 13
23.871094 -5.6484375 04 17 13
23.871094 -5.6484375 04 17 13
12.550781 2.6953125 04 17 13
39.058594 7.6171875 04 17 13
38.285156 8.2265625 04 17 13
22.394531 -10.7109375 04 17 14
22.464844 -6.3984375 04 17 14
22.464844 -6.3984375 04 17 14
19.582031 -4.3828125 04 17 14
19.511719 -4.3359375 04 17 14
25.417969 -4.1015625 04 17 14
19.511719 -4.3359375 04 17 14
19.511719 -4.3359375 04 17 14
19.230469 -2.8359375 04 17 14
17.894531 -1.6171875 04 17 14
17.191406 -1.5703125 04 17 14
17.894531 -1.6171875 04 17 14
15.644531 -1.2890625 04 17 14
16.277344 -1.2890625 04 17 14
17.894531 -1.6171875 04 17 14
17.402344 -0.3984375 04 17 14
18.597656 -10.5703125 04 17 15
22.886719 -3.8203125 04 17 15
17.753906 -2.8359375 04 17 16
11.496094 3.0234375 04 17 16
17.472656 -3.5390625 04 17 17
22.464844 -9.6796875 04 18 12
23.238281 -9.2109375 04 18 12
26.261719 -8.8359375 04 18 12
26.261719 -8.8359375 04 18 12
23.519531 -8.2734375 04 18 12
24.292969 -8.0390625 04 18 12
24.363281 -7.3828125 04 18 12
14.941406 -7.8046875 04 18 12
24.363281 -7.3828125 04 18 12
24.363281 -7.3828125 04 18 12
15.363281 -6.4921875 04 18 12
24.574219 -7.0546875 04 18 12
24.574219 -7.0078125 04 18 12
16.417969 -5.6484375 04 18 12
15.363281 -6.3984375 04 18 12
29.636719 -1.2890625 04 18 12
36.527344 -0.5390625 04 18 12
37.01953 -0.0703125 04 18 12
36.527344 -0.5390625 04 18 12
37.01953 -0.0703125 04 18 12
21.128906 1.1953125 04 18 12
21.128906 1.1953125 04 18 12
43.558594 3.3984375 04 18 12
43.628906 4.4765625 04 18 12
45.527344 7.8046875 04 18 12
38.70703 8.9296875 04 18 12
39.26953 12.5390625 04 18 12
47.003906 -19.101562 04 18 13
25.769531 -7.3828125 04 18 13
23.027344 -6.0234375 04 18 13
23.027344 -6.0234375 04 18 13
23.941406 -5.7890625 04 18 13
23.027344 -6.0234375 04 18 13
23.941406 -5.7890625 04 18 13
24.222656 -4.5703125 04 18 13
24.292969 -3.7734375 04 18 13
15.785156 -2.6484375 04 18 13
42.503906 4.6640625 04 18 13
20.214844 -11.4140625 04 18 14
21.621094 -11.2734375 04 18 14
27.386719 -5.1796875 04 18 14
26.402344 -4.8984375 04 18 14
39.55078 5.7890625 04 18 15
11.988281 10.2890625 04 18 15
45.878906 -17.976562 04 18 17
36.10547 -1.3828125 04 18 17
40.11328 6.5859375 04 18 17
16.347656 -11.3203125 04 19 12
20.777344 -10.7578125 04 19 12
20.777344 -10.7578125 04 19 12
36.45703 -8.3203125 04 19 12
26.191406 -7.5234375 04 19 12
21.550781 -6.0703125 04 19 12
15.785156 -2.1328125 04 19 12
29.496094 -1.3828125 04 19 12
36.66797 -0.5390625 04 19 12
14.308594 1.1484375 04 19 12
40.60547 2.8359375 04 19 12
40.95703 4.5234375 04 19 12
40.95703 4.5234375 04 19 12
40.95703 4.5234375 04 19 12
46.23047 5.0859375 04 19 12
46.23047 5.0859375 04 19 12
38.70703 6.4453125 04 19 12
45.45703 6.3046875 04 19 12
38.70703 6.4453125 04 19 12
44.05078 6.3046875 04 19 12
42.785156 6.0234375 04 19 12
36.94922 6.9609375 04 19 12
37.652344 7.3359375 04 19 12
45.316406 7.7109375 04 19 12
34.839844 8.3203125 04 19 12
27.949219 8.6484375 04 19 12
27.878906 8.6484375 04 19 12
27.878906 8.6484375 04 19 12
37.86328 8.5078125 04 19 12
9.738281 9.2578125 04 19 12
38.98828 8.9296875 04 19 12
27.246094 10.1953125 04 19 12
23.097656 11.3671875 04 19 12
23.097656 11.3671875 04 19 12
23.097656 11.3671875 04 19 12
23.449219 11.8828125 04 19 12
24.222656 -7.0546875 04 19 13
24.925781 -4.2890625 04 19 13
34.69922 -4.0546875 04 19 13
15.574219 -1.6640625 04 19 13
15.011719 -5.7421875 04 19 14
16.207031 -4.9453125 04 19 14
16.207031 -4.9453125 04 19 14
16.207031 -4.9453125 04 19 14
24.152344 -4.0078125 04 19 14
24.714844 -3.2109375 04 19 14
24.714844 -3.2109375 04 19 14
24.714844 -3.2109375 04 19 14
15.011719 1.3359375 04 19 14
21.621094 -9.2109375 04 19 15
20.847656 -8.9765625 04 19 15
17.964844 -8.0859375 04 19 15
22.253906 -7.8515625 04 19 15
21.128906 -6.6796875 04 19 15
21.269531 -6.5390625 04 19 15
22.183594 -5.6484375 04 19 15
36.45703 -2.1796875 04 19 15
21.128906 -7.8984375 04 19 16
21.128906 -7.8984375 04 19 16
18.105469 -6.1171875 04 19 16
7.4179688 8.4609375 04 19 16
19.089844 -8.0859375 04 19 17
24.996094 -5.5078125 04 19 17
19.933594 -5.2265625 04 19 17
22.535156 -2.9765625 04 19 17
39.410156 6.2578125 04 19 17
22.253906 -32.179688 04 20 12
22.253906 -32.179688 04 20 12
26.824219 -30.632812 04 20 12
19.652344 -27.773438 04 20 12
19.652344 -27.773438 04 20 12
26.050781 -27.257812 04 20 12
16.558594 -25.195312 04 20 12
19.230469 -10.6171875 04 20 12
19.230469 -10.6171875 04 20 12
15.714844 -6.8203125 04 20 12
24.222656 -5.4609375 04 20 12
22.324219 -5.2265625 04 20 12
23.941406 -4.5234375 04 20 12
23.449219 -5.0390625 04 20 12
24.222656 -5.4609375 04 20 12
26.964844 -4.3828125 04 20 12
27.316406 -4.3359375 04 20 12
22.605469 0.8671875 04 20 12
42.57422 3.5390625 04 20 12
42.57422 3.5390625 04 20 12
42.57422 3.5859375 04 20 12
16.207031 3.3984375 04 20 12
41.16797 4.2890625 04 20 12
44.121094 4.3359375 04 20 12
45.38672 4.4765625 04 20 12
42.433594 5.1796875 04 20 12
45.17578 4.7109375 04 20 12
42.433594 5.2265625 04 20 12
40.39453 6.7734375 04 20 12
36.73828 7.3359375 04 20 12
35.33203 7.6640625 04 20 12
22.253906 -31.757812 04 20 13
21.902344 -31.101562 04 20 13
21.902344 -31.101562 04 20 13
21.269531 -30.257812 04 20 13
22.464844 -30.773438 04 20 13
23.519531 -29.507812 04 20 13
26.332031 -26.320312 04 20 13
18.035156 -11.1328125 04 20 13
18.035156 -11.1328125 04 20 13
18.386719 -9.6328125 04 20 13
21.269531 -7.3359375 04 20 13
19.792969 -6.7734375 04 20 13
21.058594 -7.3359375 04 20 13
19.792969 -6.7734375 04 20 13
14.378906 -6.4453125 04 20 13
20.847656 -6.2109375 04 20 13
18.457031 -1.8515625 04 20 13
20.636719 1.2421875 04 20 13
28.933594 4.4765625 04 20 13
31.675781 5.1328125 04 20 13
31.816406 5.9765625 04 20 13
21.621094 -29.273438 04 20 14
20.425781 -8.9765625 04 20 14
35.121094 -3.9140625 04 20 14
14.871094 7.0078125 04 20 15
40.32422 6.9609375 04 20 15
28.792969 -29.179688 04 21 12
28.652344 -28.429688 04 21 12
29.355469 -27.773438 04 21 12
29.355469 -27.773438 04 21 12
28.652344 -26.648438 04 21 12
26.683594 -25.898438 04 21 12
26.683594 -25.898438 04 21 12
20.355469 -6.9609375 04 21 12
20.355469 -6.9609375 04 21 12
20.355469 -6.9609375 04 21 12
20.355469 -6.9609375 04 21 12
13.816406 -4.8046875 04 21 12
27.527344 -5.2734375 04 21 12
13.816406 -4.8046875 04 21 12
27.527344 -5.2734375 04 21 12
13.816406 -4.8046875 04 21 12
15.011719 -3.4453125 04 21 12
29.636719 -1.0078125 04 21 12
30.199219 -2.1328125 04 21 12
11.074219 -1.1953125 04 21 12
29.636719 -1.0078125 04 21 12
29.425781 -1.0546875 04 21 12
36.597656 -0.4453125 04 21 12
43.628906 4.3359375 04 21 12
43.347656 3.6328125 04 21 12
38.566406 6.6328125 04 21 12
37.652344 7.1484375 04 21 12
38.566406 6.6328125 04 21 12
37.722656 7.1953125 04 21 12
39.128906 9.0703125 04 21 12
26.894531 -8.5546875 04 21 13
21.199219 -9.0234375 04 21 14
36.597656 -1.8046875 04 21 16
33.85547 5.0859375 04 21 17
25.558594 -7.1015625 04 22 12
25.417969 -6.5390625 04 22 12
26.261719 -5.8828125 04 22 12
32.589844 -4.4296875 04 22 12
33.01172 -4.5234375 04 22 12
31.113281 -4.0078125 04 22 12
31.113281 -4.0078125 04 22 12
35.26172 -3.3984375 04 22 12
29.214844 -1.6171875 04 22 12
37.23047 -2.3671875 04 22 12
29.214844 -1.6171875 04 22 12
41.660156 2.9296875 04 22 12
40.67578 3.4921875 04 22 12
41.097656 3.7265625 04 22 12
41.027344 3.7734375 04 22 12
5.0976562 10.7578125 04 22 12
5.3789062 10.9921875 04 22 12
15.363281 -11.1328125 04 22 13
17.542969 -10.0546875 04 22 14
18.738281 -8.8359375 04 22 14
18.808594 -8.8359375 04 22 14
18.386719 -7.5703125 04 22 14
16.980469 -6.7265625 04 22 14
19.722656 -6.7265625 04 22 14
19.722656 -5.6953125 04 22 14
16.488281 -10.3828125 04 22 15
24.292969 -5.2265625 04 22 16
16.558594 0.1640625 04 22 16
26.050781 -3.8671875 04 22 17
18.035156 -1.1484375 04 22 17
18.597656 -1.1953125 04 22 17
25.699219 -8.5546875 04 23 12
25.699219 -8.5546875 04 23 12
25.699219 -8.5546875 04 23 12
16.628906 -4.0546875 04 23 12
35.05078 -4.1484375 04 23 12
38.214844 -2.6953125 04 23 12
38.214844 -2.6953125 04 23 12
36.597656 -1.8984375 04 23 12
37.371094 -2.9296875 04 23 12
36.597656 -1.8984375 04 23 12
36.66797 -1.8984375 04 23 12
42.503906 5.3203125 04 23 12
42.503906 5.3203125 04 23 12
42.503906 5.3203125 04 23 12
15.714844 -11.9765625 04 23 13
25.417969 -7.0546875 04 23 13
36.38672 -7.4296875 04 23 13
17.683594 -22.945312 04 23 14
17.683594 -22.945312 04 23 14
36.10547 -10.0546875 04 23 14
42.64453 4.3828125 04 23 14
35.683594 -4.8046875 04 23 15
35.683594 -4.8046875 04 23 15
26.332031 -3.9140625 04 23 15
25.277344 -4.6640625 04 23 16
31.394531 -4.8515625 04 24 12
10.511719 6.2109375 04 24 12
38.003906 7.4765625 04 24 12
35.26172 8.2734375 04 24 12
19.933594 -10.7109375 04 24 13
21.269531 -8.5078125 04 24 14
18.457031 -7.5234375 04 24 14
18.386719 -7.2890625 04 24 14
23.308594 -25.664062 04 24 15
22.886719 -24.914062 04 24 16
15.082031 -7.6171875 04 24 16
21.550781 -6.8671875 04 24 16
36.246094 -9.1640625 04 24 17
24.925781 -31.335938 04 25 12
24.785156 -31.148438 04 25 12
24.714844 -30.304688 04 25 12
24.714844 -30.304688 04 25 12
24.714844 -30.304688 04 25 12
25.628906 -26.648438 04 25 12
24.714844 -24.585938 04 25 12
36.246094 -3.2109375 04 25 12
36.17578 -3.2109375 04 25 12
29.636719 -1.8515625 04 25 12
29.214844 -1.3828125 04 25 12
38.14453 7.4296875 04 25 12
12.832031 7.4765625 04 25 12
46.58203 8.2265625 04 25 12
12.691406 9.0234375 04 25 12
12.128906 9.1640625 04 25 12
12.128906 9.1640625 04 25 12
18.808594 -8.3671875 04 25 13
33.152344 -5.8828125 04 25 13
33.152344 -5.8828125 04 25 13
46.089844 9.2109375 04 25 13
22.957031 -25.710938 04 25 14
22.957031 -25.664062 04 25 14
22.957031 -25.664062 04 25 14
18.386719 -19.898438 04 25 14
21.058594 -8.2734375 04 25 14
18.597656 -7.6640625 04 25 14
20.777344 -6.3046875 04 25 14
20.988281 -5.5546875 04 25 14
20.988281 -5.5546875 04 25 14
21.339844 -4.7109375 04 25 14
21.339844 -4.7109375 04 25 14
22.394531 -3.7265625 04 25 14
22.394531 -3.7265625 04 25 14
20.144531 -4.6640625 04 25 15
27.316406 -3.5859375 04 25 15
47.496094 7.4296875 04 25 15
47.91797 8.3203125 04 25 15
24.152344 -5.2734375 04 25 16
23.378906 -4.5703125 04 25 17
16.488281 -5.6953125 04 26 12
17.472656 -4.8515625 04 26 12
15.714844 -5.3203125 04 26 12
15.714844 -5.3203125 04 26 12
17.472656 -4.8515625 04 26 12
34.347656 -4.1953125 04 26 12
32.308594 -3.9609375 04 26 12
16.910156 -3.1640625 04 26 12
36.17578 -2.7890625 04 26 12
16.207031 -1.8046875 04 26 12
29.214844 -2.4140625 04 26 12
36.94922 -0.1171875 04 26 12
17.191406 3.2578125 04 26 12
13.042969 3.7265625 04 26 12
33.01172 4.1015625 04 26 12
33.222656 4.1484375 04 26 12
13.957031 5.2734375 04 26 12
13.957031 5.2734375 04 26 12
39.058594 6.5390625 04 26 12
39.058594 6.5390625 04 26 12
40.464844 7.4765625 04 26 12
40.39453 7.0546875 04 26 12
39.128906 6.5859375 04 26 12
38.285156 7.0546875 04 26 12
36.94922 7.2890625 04 26 12
15.152344 6.8203125 04 26 12
38.214844 8.1796875 04 26 12
37.01953 7.3359375 04 26 12
40.464844 7.4765625 04 26 12
38.214844 8.1796875 04 26 12
15.714844 -12.5859375 04 26 13
19.230469 -10.8984375 04 26 13
19.230469 -10.8984375 04 26 13
24.785156 -5.2265625 04 26 13
14.589844 -4.7578125 04 26 13
16.066406 -4.3359375 04 26 13
20.707031 2.2265625 04 26 13
13.464844 5.8359375 04 26 13
33.01172 -6.0234375 04 26 14
14.660156 -13.5703125 04 26 15
21.902344 -8.6484375 04 26 15
26.894531 -26.882812 04 27 12
26.894531 -26.882812 04 27 12
26.894531 -26.882812 04 27 12
27.738281 -26.929688 04 27 12
22.746094 -25.054688 04 27 12
22.746094 -21.773438 04 27 12
36.246094 -8.9765625 04 27 12
34.69922 -7.8984375 04 27 12
16.207031 -4.9453125 04 27 12
34.066406 -4.1953125 04 27 12
39.128906 7.7578125 04 27 12
40.183594 8.5078125 04 27 12
16.628906 8.2265625 04 27 12
5.3789062 7.9921875 04 27 12
40.816406 8.6484375 04 27 12
41.308594 9.1171875 04 27 12
41.308594 9.1171875 04 27 12
5.3085938 8.5546875 04 27 12
41.308594 9.1171875 04 27 12
5.3085938 8.5546875 04 27 12
40.816406 9.8671875 04 27 12
40.816406 10.5703125 04 27 12
15.082031 -8.1796875 04 27 13
32.871094 -4.4765625 04 27 13
33.92578 2.2265625 04 27 13
16.628906 5.8828125 04 27 13
16.628906 5.8828125 04 27 13
15.082031 7.1953125 04 27 13
40.32422 7.1953125 04 27 13
15.574219 7.8984375 04 27 13
16.136719 8.2265625 04 27 13
15.503906 7.8984375 04 27 13
25.207031 -26.460938 04 27 14
16.066406 -9.5859375 04 27 15
37.58203 -15.2578125 04 27 16
32.660156 -7.9921875 04 27 16
34.76953 -7.9453125 04 28 12
24.292969 -7.7109375 04 28 12
31.394531 -3.8203125 04 28 12
17.402344 4.2890625 04 28 12
17.402344 4.2890625 04 28 12
17.402344 4.2890625 04 28 12
17.402344 4.2890625 04 28 12
8.332031 5.9296875 04 28 12
8.261719 6.0703125 04 28 12
7.8398438 6.9140625 04 28 12
20.777344 -9.2578125 04 28 13
24.996094 -6.2578125 04 28 13
24.996094 -6.2578125 04 28 13
21.480469 -4.8515625 04 28 13
32.027344 -5.2265625 04 28 13
31.535156 -4.0546875 04 28 13
29.355469 -1.3359375 04 28 13
25.558594 -25.289062 04 28 14
22.113281 -9.0703125 04 28 14
24.082031 -7.9453125 04 28 14
20.074219 -7.9921875 04 28 14
33.01172 -5.5078125 04 28 14
21.339844 -4.6640625 04 28 14
17.824219 -9.7734375 04 28 15
19.160156 -8.8828125 04 28 15
37.01953 -8.5078125 04 28 15
18.878906 -8.6484375 04 28 16
25.347656 -7.3359375 04 29 12
30.128906 -0.5390625 04 29 12
30.128906 -0.5390625 04 29 12
30.128906 -0.5390625 04 29 12
38.777344 6.6328125 04 29 12
38.777344 6.6328125 04 29 12
38.777344 6.6328125 04 29 12
39.128906 9.1171875 04 29 12
39.128906 9.2109375 04 29 12
40.88672 8.9296875 04 29 12
39.058594 9.2109375 04 29 12
39.128906 9.2109375 04 29 12
22.113281 -8.1328125 04 29 13
22.886719 -7.6640625 04 29 13
39.83203 8.0859375 04 29 13
17.402344 13.3359375 04 29 13
23.449219 0.5390625 04 29 15
12.058594 6.2109375 04 29 15
17.613281 12.9609375 04 29 15
18.035156 13.7578125 04 29 15
24.222656 1.3359375 04 29 16
31.675781 -3.9140625 04 30 12
31.675781 -3.9140625 04 30 12
25.066406 -3.2109375 04 30 12
31.675781 -3.8203125 04 30 12
25.066406 -3.2109375 04 30 12
29.285156 -2.1796875 04 30 12
29.285156 -2.1796875 04 30 12
29.566406 -1.3828125 04 30 12
39.19922 3.4921875 04 30 12
38.91797 3.9609375 04 30 12
38.91797 3.9609375 04 30 12
30.832031 3.9140625 04 30 12
37.722656 4.2421875 04 30 12
12.410156 7.2421875 04 30 12
10.371094 6.3046875 04 30 12
12.832031 6.6796875 04 30 12
12.410156 7.2421875 04 30 12
13.816406 6.9609375 04 30 12
40.183594 8.4140625 04 30 12
40.464844 7.9921875 04 30 12
23.097656 2.6015625 04 30 13
12.199219 5.6484375 04 30 13
9.035156 11.0390625 04 30 13
26.402344 -9.2109375 04 30 14
26.402344 -8.0390625 04 30 14
16.347656 -2.8828125 04 30 14
22.464844 4.5703125 04 30 14
21.972656 5.1796875 04 30 14
26.613281 -7.0078125 04 30 15
36.17578 -2.6484375 05 01 12
41.871094 1.5234375 05 01 12
41.871094 1.5234375 05 01 12
39.410156 2.3671875 05 01 12
39.410156 2.3671875 05 01 12
42.222656 2.3671875 05 01 12
40.816406 3.0234375 05 01 12
40.746094 2.9765625 05 01 12
33.36328 3.3984375 05 01 12
33.29297 3.3984375 05 01 12
40.04297 6.9609375 05 01 12
22.816406 -7.4296875 05 01 13
22.605469 -7.0546875 05 01 13
22.605469 -7.0546875 05 01 13
36.316406 -6.5859375 05 01 13
19.230469 9.6328125 05 01 13
19.160156 -10.1953125 05 01 14
18.457031 -7.6640625 05 01 14
18.457031 -7.6640625 05 01 14
18.457031 -7.6640625 05 01 14
19.441406 -6.1171875 05 01 14
18.246094 8.1796875 05 01 14
21.621094 -6.5859375 05 01 15
22.675781 -3.9140625 05 01 15
24.152344 -3.3046875 05 01 15
35.683594 -3.1171875 05 02 12
28.722656 -1.8515625 05 02 12
28.792969 -1.6640625 05 02 12
30.269531 3.9140625 05 02 12
32.097656 4.2890625 05 02 12
29.777344 6.0703125 05 02 12
11.074219 8.1328125 05 02 12
11.074219 8.1328125 05 02 12
28.933594 7.8515625 05 02 12
11.074219 8.1328125 05 02 12
28.792969 7.6171875 05 02 12
11.074219 8.1328125 05 02 12
11.214844 8.2734375 05 02 12
7.2070312 13.8515625 05 02 12
24.011719 -6.2578125 05 02 13
26.542969 -6.0703125 05 02 13
26.542969 -6.0703125 05 02 13
34.558594 2.1328125 05 02 13
5.2382812 7.9453125 05 02 13
17.050781 -6.7734375 05 02 14
8.894531 9.2109375 05 02 14
25.417969 -6.0234375 05 02 15
27.597656 -6.0234375 05 02 15
27.386719 -0.3984375 05 02 15
2.9179688 9.6796875 05 02 15
2.0742188 9.7734375 05 02 15
2.9179688 9.6796875 05 02 15
2.9179688 9.6796875 05 02 15
17.332031 -6.8203125 05 02 16
25.839844 -5.5078125 05 02 17
26.050781 -9.6328125 05 03 12
26.050781 -9.6328125 05 03 12
25.699219 -7.0546875 05 03 12
35.05078 -4.1953125 05 03 12
29.847656 -0.7265625 05 03 12
29.707031 -0.6796875 05 03 12
21.128906 4.0078125 05 03 12
21.128906 4.0078125 05 03 12
19.582031 6.6796875 05 03 12
19.300781 8.2265625 05 03 12
23.097656 -26.695312 05 03 13
23.097656 -26.695312 05 03 13
17.964844 6.0234375 05 03 13
31.394531 -3.9140625 05 03 14
14.589844 6.3984375 05 03 14
20.355469 3.0703125 05 03 15
13.957031 7.7578125 05 03 15
8.683594 9.2109375 05 03 15
6.9960938 9.4921875 05 03 15
23.449219 -7.7578125 05 03 16
16.417969 5.3203125 05 03 16
7.8398438 9.7734375 05 03 16
26.402344 -9.3515625 05 04 12
20.496094 -6.2578125 05 04 12
20.496094 -6.2578125 05 04 12
19.441406 -5.5078125 05 04 12
20.707031 -5.7890625 05 04 12
19.300781 -2.2734375 05 04 12
19.582031 -0.7734375 05 04 12
17.050781 -1.4296875 05 04 12
19.582031 -0.7265625 05 04 12
17.683594 -0.6796875 05 04 12
19.582031 -0.7265625 05 04 12
41.23828 8.9765625 05 04 12
41.23828 8.9765625 05 04 12
25.558594 -10.0546875 05 04 13
18.878906 -0.5859375 05 04 13
19.230469 0.0703125 05 04 13
31.183594 4.2421875 05 04 13
13.746094 12.6796875 05 04 13
12.761719 9.8203125 05 04 14
2.9882812 10.3359375 05 04 15
12.691406 12.5390625 05 04 15
38.14453 10.9921875 05 04 16
31.957031 -4.2890625 05 05 12
25.839844 0.7734375 05 05 12
19.722656 2.9296875 05 05 12
20.355469 2.6484375 05 05 12
39.128906 7.4296875 05 05 12
17.894531 -10.8046875 05 05 13
17.894531 -10.8046875 05 05 13
19.019531 -10.6171875 05 05 13
17.753906 -10.1484375 05 05 14
22.675781 -6.6328125 05 05 14
16.910156 -4.2421875 05 05 14
23.097656 -3.8671875 05 05 14
16.417969 -2.6484375 05 05 14
25.066406 -2.5078125 05 05 14
9.105469 14.7890625 05 05 14
24.644531 -6.5859375 05 05 15
24.644531 -6.5859375 05 05 15
26.472656 -5.2265625 05 05 15
37.58203 1.2890625 05 05 15
20.847656 -5.8828125 05 05 16
24.082031 -5.7890625 05 05 16
22.394531 -2.8828125 05 05 16
22.394531 -2.8828125 05 05 16
21.761719 -2.5546875 05 05 17
24.644531 -6.4921875 05 06 12
16.136719 -2.9765625 05 06 12
17.050781 -2.0390625 05 06 12
17.050781 -2.0390625 05 06 12
17.050781 -2.0390625 05 06 12
17.050781 -2.0390625 05 06 12
35.54297 1.1953125 05 06 12
35.54297 1.1953125 05 06 12
33.64453 3.6796875 05 06 12
33.57422 3.7265625 05 06 12
37.652344 8.6953125 05 06 12
37.652344 8.6953125 05 06 12
22.605469 -6.5859375 05 06 13
23.730469 -5.7890625 05 06 13
26.542969 -5.4140625 05 06 13
15.714844 7.4765625 05 06 13
14.941406 -2.4140625 05 06 14
14.519531 -1.4296875 05 06 14
15.503906 7.5703125 05 06 14
5.8710938 16.570312 05 06 14
14.378906 -1.3828125 05 06 15
20.636719 -3.8671875 05 06 16
14.519531 -3.8203125 05 06 16
13.605469 7.7109375 05 06 16
20.425781 -5.0390625 05 06 17
36.66797 1.1015625 05 07 12
36.66797 1.1015625 05 07 12
37.652344 7.2890625 05 07 12
5.7304688 8.0390625 05 07 13
15.855469 -4.3359375 05 07 14
15.855469 -4.3359375 05 07 14
15.855469 -4.3359375 05 07 14
14.167969 -1.3359375 05 07 14
4.1835938 7.4296875 05 07 14
3.9023438 7.8515625 05 07 14
3.9023438 7.8515625 05 07 14
6.9257812 7.8046875 05 07 14
6.9257812 7.8046875 05 07 14
2.4257812 8.3203125 05 07 14
2.4257812 8.3203125 05 07 14
5.8710938 8.4609375 05 07 14
1.6523438 9.2578125 05 07 14
1.6523438 9.2578125 05 07 14
27.597656 -2.0390625 05 07 15
18.667969 8.0390625 05 07 15
21.128906 8.2265625 05 07 15
8.191406 8.2265625 05 07 15
8.191406 8.2265625 05 07 15
6.4335938 9.3984375 05 07 15
17.824219 -6.0234375 05 07 16
26.683594 -1.6640625 05 07 16
7.2070312 9.5390625 05 07 16
24.644531 -31.992188 05 08 12
26.753906 -30.773438 05 08 12
23.097656 1.4765625 05 08 12
37.23047 1.1953125 05 08 12
23.097656 1.4765625 05 08 12
45.38672 4.5703125 05 08 12
13.394531 4.1015625 05 08 12
37.01953 9.4921875 05 08 12
18.175781 -7.2421875 05 08 13
18.316406 -8.1328125 05 08 14
17.191406 -6.2109375 05 08 14
17.191406 -6.2109375 05 08 14
17.191406 -6.2109375 05 08 14
20.707031 -1.7109375 05 08 14
21.199219 -2.8359375 05 08 15
25.207031 -1.1015625 05 08 15
25.207031 -1.1015625 05 08 15
1.6523438 22.242188 05 08 15
20.496094 -5.0390625 05 08 16
16.628906 -2.6484375 05 08 16
20.425781 -1.5234375 05 08 16
19.441406 -3.6328125 05 08 17
27.316406 -1.8515625 05 09 12
27.316406 -1.8515625 05 09 12
36.66797 0.9609375 05 09 12
33.714844 3.6328125 05 09 12
33.714844 3.6328125 05 09 12
33.714844 3.6328125 05 09 12
33.714844 3.6328125 05 09 12
33.714844 3.6796875 05 09 12
3.0585938 7.7578125 05 09 12
2.9179688 7.5234375 05 09 12
2.7070312 7.6171875 05 09 12
27.527344 7.4296875 05 09 12
3.0585938 7.7578125 05 09 12
28.722656 7.7109375 05 09 12
38.003906 7.7109375 05 09 12
28.722656 7.7109375 05 09 12
23.097656 9.1171875 05 09 12
26.402344 -0.7265625 05 09 13
25.699219 7.0546875 05 09 14
13.816406 7.8046875 05 09 14
26.542969 9.0234375 05 09 14
17.542969 9.1640625 05 09 14
8.332031 23.507812 05 09 14
17.753906 -6.5859375 05 09 15
17.753906 -6.5859375 05 09 15
17.753906 -6.5859375 05 09 15
18.878906 -3.2109375 05 09 15
15.644531 -2.6484375 05 09 15
27.949219 -1.9921875 05 09 15
20.917969 -2.3203125 05 09 15
24.363281 -1.9453125 05 09 15
25.628906 -0.7265625 05 09 15
14.730469 7.0078125 05 09 15
14.730469 8.0390625 05 09 15
16.488281 8.4609375 05 09 15
19.582031 -3.2109375 05 09 16
20.707031 -2.1328125 05 09 16
2.6367188 23.789062 05 09 16
36.45703 -0.6796875 05 10 12
36.45703 -0.6328125 05 10 12
19.933594 0.7265625 05 10 12
34.20703 4.3359375 05 10 12
5.3085938 22.804688 05 10 13
8.542969 23.835938 05 10 13
15.574219 -3.6328125 05 10 15
14.097656 -2.5546875 05 10 15
3.4101562 23.507812 05 10 15
15.222656 -5.8359375 05 10 16
15.222656 -5.8359375 05 10 16
17.472656 -5.5078125 05 10 16
15.222656 -5.8359375 05 10 16
13.886719 -4.2890625 05 10 17
16.910156 -4.1953125 05 10 17
13.886719 -4.2890625 05 10 17
25.558594 -32.320312 05 11 12
24.996094 -31.476562 05 11 12
26.613281 -2.6953125 05 11 12
27.808594 0.3046875 05 11 12
27.597656 1.0078125 05 11 12
26.613281 2.3671875 05 11 12
26.613281 2.3671875 05 11 12
34.066406 3.8203125 05 11 12
4.6757812 23.414062 05 11 12
5.0273438 23.835938 05 11 12
23.308594 -30.070312 05 11 13
23.589844 -3.9609375 05 11 13
15.925781 -2.0390625 05 11 13
22.957031 0.3046875 05 11 13
21.691406 -3.8671875 05 11 14
21.691406 -3.8671875 05 11 14
21.691406 -3.8671875 05 11 14
22.886719 -2.8828125 05 11 14
22.957031 -1.3359375 05 11 14
20.144531 -0.6328125 05 11 14
16.910156 7.2421875 05 11 14
17.050781 7.2421875 05 11 14
13.886719 7.1953125 05 11 14
21.339844 -2.1796875 05 11 15
21.761719 -0.1171875 05 11 15
21.761719 -0.1171875 05 11 15
32.51953 6.1171875 05 11 15
14.941406 7.1484375 05 11 15
13.464844 7.1953125 05 11 15
13.464844 7.2890625 05 11 15
16.839844 8.1328125 05 11 15
2.7070312 23.039062 05 11 15
16.910156 -2.6015625 05 11 16
20.496094 -1.9453125 05 11 16
14.308594 -0.9140625 05 11 16
14.308594 -0.9140625 05 11 16
19.300781 -30.257812 05 12 12
16.347656 -4.2890625 05 12 12
35.753906 -2.1328125 05 12 12
22.605469 -2.3671875 05 12 12
29.285156 -0.1640625 05 12 12
42.996094 2.7421875 05 12 12
42.996094 2.7421875 05 12 12
42.996094 3.0234375 05 12 12
43.066406 3.0234375 05 12 12
43.628906 3.3515625 05 12 12
38.98828 7.5234375 05 12 12
22.113281 -31.007812 05 12 13
24.082031 -2.1796875 05 12 13
18.878906 -1.9453125 05 12 13
23.871094 -1.6171875 05 12 13
19.652344 -0.5390625 05 12 13
21.972656 -3.9609375 05 12 14
20.777344 -3.1640625 05 12 14
20.777344 -3.1640625 05 12 14
22.113281 -2.5078125 05 12 14
16.980469 -2.8359375 05 12 14
18.105469 -2.6484375 05 12 14
21.550781 -2.9765625 05 12 14
20.425781 -2.2734375 05 12 14
20.425781 -2.2734375 05 12 14
20.566406 -0.7734375 05 12 14
22.183594 -0.8203125 05 12 14
22.816406 -4.0546875 05 12 15
21.761719 -1.8515625 05 12 15
21.410156 -1.1484375 05 12 15
15.855469 -5.9296875 05 12 16
17.542969 -3.8203125 05 12 16
25.207031 -5.2265625 05 13 12
24.363281 -3.9609375 05 13 12
21.691406 -3.9609375 05 13 12
35.54297 -3.2109375 05 13 12
28.933594 -1.4765625 05 13 12
38.70703 7.1484375 05 13 12
33.08203 13.1484375 05 13 12
18.808594 -6.1171875 05 13 13
21.128906 -5.2265625 05 13 13
22.886719 -4.5703125 05 13 13
26.332031 -5.6953125 05 13 14
17.542969 -5.2734375 05 13 14
21.410156 -5.2734375 05 13 14
18.949219 -5.3203125 05 13 15
17.613281 -6.9609375 05 13 16
16.488281 -6.0703125 05 13 17
35.121094 -4.0078125 05 14 12
29.636719 -1.0078125 05 14 12
29.636719 -1.0078125 05 14 12
36.17578 1.1953125 05 14 12
35.26172 1.3828125 05 14 12
20.988281 2.4140625 05 14 12
32.308594 3.9609375 05 14 12
35.54297 8.8359375 05 14 12
35.54297 8.8359375 05 14 12
22.253906 -5.9765625 05 14 13
23.308594 -5.8359375 05 14 13
25.558594 -5.5078125 05 14 13
34.13672 3.5859375 05 14 13
19.792969 -5.8359375 05 14 14
21.058594 -5.1328125 05 14 14
22.183594 -4.8046875 05 14 14
21.410156 -3.5859375 05 14 14
24.503906 5.4609375 05 15 12
24.433594 5.9765625 05 15 12
23.800781 6.6328125 05 15 12
24.503906 6.1171875 05 15 12
23.871094 13.4296875 05 15 12
23.871094 13.4296875 05 15 12
12.128906 1.6171875 05 15 13
21.128906 9.5390625 05 15 15
29.214844 -2.3203125 05 16 12
29.074219 -2.3203125 05 16 12
29.214844 -2.3203125 05 16 12
29.636719 -0.9609375 05 16 12
24.644531 0.3984375 05 16 12
7.9804688 6.2578125 05 16 12
22.113281 -1.1484375 05 16 13
16.839844 7.0078125 05 16 13
20.566406 2.3203125 05 16 14
19.089844 2.3203125 05 16 15
19.019531 2.3671875 05 16 15
14.238281 8.6953125 05 16 15
14.238281 8.6953125 05 16 15
14.238281 8.6953125 05 16 15
17.683594 -2.9765625 05 16 16
15.082031 9.2578125 05 16 16
33.85547 3.6328125 05 17 12
33.64453 3.5859375 05 17 12
32.73047 3.6328125 05 17 12
32.871094 3.8203125 05 17 12
32.660156 4.4765625 05 17 12
5.4492188 8.6484375 05 17 12
24.082031 -5.4609375 05 17 13
22.113281 9.8203125 05 17 13
24.644531 1.1015625 05 18 12
36.878906 0.9609375 05 18 12
27.175781 1.7578125 05 18 12
27.175781 1.7578125 05 18 12
24.925781 1.8046875 05 18 12
25.207031 1.9453125 05 18 12
18.667969 3.6328125 05 18 12
14.941406 3.0234375 05 18 12
13.886719 4.0546875 05 18 12
26.261719 2.7890625 05 18 12
13.605469 3.7265625 05 18 12
18.667969 3.6328125 05 18 12
22.675781 -0.2578125 05 18 13
26.050781 0.1640625 05 18 13
24.714844 0.3515625 05 18 14
18.597656 -5.7421875 05 18 15
17.894531 -6.1171875 05 19 12
25.628906 -1.7578125 05 19 12
25.628906 -1.7578125 05 19 12
10.582031 23.320312 05 19 12
24.574219 -1.5234375 05 19 13
18.878906 -4.3359375 05 19 14
18.808594 -4.3359375 05 19 14
28.511719 10.3828125 05 19 14
26.542969 2.2734375 05 20 12
26.542969 2.2734375 05 20 12
26.542969 2.2734375 05 20 12
26.542969 2.2734375 05 20 12
26.472656 2.5546875 05 20 12
27.386719 3.0234375 05 20 12
27.105469 2.9765625 05 20 12
22.183594 4.1953125 05 20 12
12.902344 5.3671875 05 20 12
12.902344 5.3671875 05 20 12
12.339844 5.7890625 05 20 12
7.2773438 6.1171875 05 20 12
12.199219 7.2890625 05 20 12
24.714844 1.9453125 05 20 13
11.636719 5.4609375 05 20 13
10.300781 6.2578125 05 20 13
11.074219 6.6328125 05 20 13
23.941406 0.8203125 05 20 15
3.6210938 15.7265625 05 20 15
15.152344 -5.5078125 05 20 16
27.457031 -1.9453125 05 21 12
17.402344 0.3046875 05 21 12
36.597656 1.1953125 05 21 12
26.472656 -1.8515625 05 21 13
24.292969 -2.2265625 05 21 14
24.363281 -1.4765625 05 21 14
25.558594 -1.2890625 05 21 14
26.261719 -0.5859375 05 21 14
23.589844 -1.8046875 05 21 15
12.339844 -0.0703125 05 21 15
2.0742188 14.2265625 05 21 15
26.261719 0.3984375 05 22 12
36.45703 0.7265625 05 22 12
34.48828 1.6171875 05 22 12
34.41797 2.6484375 05 22 12
26.613281 -0.9140625 05 22 13
21.691406 -1.3828125 05 22 14
24.574219 7.0078125 05 22 14
23.378906 7.2421875 05 22 14
26.894531 -29.320312 05 23 12
26.332031 -28.945312 05 23 12
13.183594 4.4765625 05 23 12
13.183594 4.4765625 05 23 12
21.972656 -2.4140625 05 23 16
29.425781 -1.4765625 05 24 12
24.785156 0.2578125 05 24 12
24.785156 0.2578125 05 24 12
28.863281 7.3359375 05 24 12
31.113281 8.1328125 05 24 12
31.113281 8.1328125 05 24 12
9.246094 16.898438 05 24 12
28.019531 7.1015625 05 24 13
6.9257812 20.320312 05 24 13
7.4882812 22.382812 05 24 13
34.066406 2.0859375 05 24 14
30.339844 6.8671875 05 24 14
27.246094 6.4921875 05 24 14
33.01172 2.3203125 05 24 15
26.402344 6.2578125 05 24 15
30.410156 4.5234375 05 24 17
22.253906 -1.3359375 05 25 12
17.332031 -1.1015625 05 25 12
22.253906 -1.3359375 05 25 12
29.566406 -1.0546875 05 25 12
29.566406 -1.0546875 05 25 12
22.253906 -1.3359375 05 25 12
17.191406 0.3046875 05 25 12
7.9804688 8.4140625 05 25 12
7.4179688 22.757812 05 25 12
7.4179688 22.757812 05 25 12
33.222656 4.1953125 05 25 14
33.222656 4.1953125 05 25 14
27.457031 -4.2421875 05 25 15
33.222656 3.8671875 05 25 15
31.324219 3.7734375 05 25 15
14.238281 -0.9609375 05 25 17
11.496094 1.6171875 05 26 14
6.5039062 13.1953125 05 26 14
12.339844 3.6328125 05 26 15
30.199219 -0.2109375 05 27 12
35.191406 1.2890625 05 27 12
35.191406 1.2890625 05 27 12
13.957031 7.1953125 05 27 13
22.464844 -0.1171875 05 27 14
35.33203 1.2421875 05 29 12
6.5742188 7.2421875 05 29 12
25.910156 -4.5234375 05 30 12
25.910156 -4.5234375 05 30 12
36.597656 1.1484375 05 30 12
14.730469 3.1171875 05 30 12
15.292969 3.3984375 05 30 12
14.730469 3.5390625 05 30 12
15.082031 3.6796875 05 30 12
20.214844 -0.8203125 05 30 13
18.316406 -6.3984375 05 30 14
20.285156 -2.6484375 05 30 14
31.113281 3.7265625 05 31 12
19.933594 11.1796875 05 31 12
23.308594 -6.3046875 05 31 13
18.386719 11.2734375 05 31 14
17.402344 10.8046875 05 31 15
25.488281 -3.7265625 06 01 12
25.910156 -3.0234375 06 01 12
21.972656 0.6796875 06 01 12
36.597656 1.1484375 06 01 12
27.246094 1.2890625 06 01 12
25.699219 -4.8046875 06 01 13
24.152344 -3.8203125 06 01 13
23.378906 -3.7265625 06 01 13
24.855469 -3.6796875 06 01 13
24.996094 -2.5078125 06 01 13
22.816406 -4.0546875 06 01 14
39.26953 7.6640625 06 02 12
24.292969 0.1171875 06 03 12
23.800781 1.1484375 06 03 12
6.6445312 21.539062 06 03 13
22.183594 -1.7109375 06 03 14
22.183594 -1.7109375 06 03 14
23.238281 -1.3359375 06 03 14
23.238281 -1.3359375 06 03 14
23.238281 -1.3359375 06 03 14
16.910156 9.7265625 06 03 14
9.738281 23.273438 06 03 14
7.8398438 23.320312 06 03 14
20.566406 -1.1484375 06 03 15
20.496094 -0.5390625 06 03 15
15.925781 9.0703125 06 03 15
19.582031 -0.5859375 06 03 16
12.269531 1.7578125 06 03 16
1.8632812 23.132812 06 03 16
11.988281 -1.7109375 06 03 17
12.761719 0.2578125 06 03 17
36.73828 -0.7265625 06 04 12
29.144531 0.0234375 06 04 12
29.144531 0.0234375 06 04 12
36.73828 0.5390625 06 04 12
10.722656 5.0859375 06 04 12
9.738281 5.9765625 06 04 12
9.738281 5.9765625 06 04 12
9.738281 5.9765625 06 04 12
11.847656 1.6640625 06 04 13
11.847656 1.6640625 06 04 13
3.1992188 21.492188 06 04 13
19.230469 -0.3515625 06 04 14
19.300781 -0.3515625 06 04 14
17.191406 3.7265625 06 05 12
18.597656 2.5546875 06 05 13
23.378906 -1.2890625 06 05 17
27.035156 1.1015625 06 06 12
25.769531 1.7109375 06 06 12
13.253906 3.8671875 06 07 12
13.253906 3.8671875 06 07 12
13.253906 3.8671875 06 07 12
31.042969 3.8671875 06 07 12
25.488281 -0.2578125 06 08 12
25.488281 -0.2578125 06 08 12
26.261719 0.0234375 06 08 12
36.45703 0.8203125 06 08 12
36.45703 0.8203125 06 08 12
33.85547 3.7265625 06 08 12
23.378906 0.0234375 06 08 13
14.167969 7.1953125 06 08 13
14.800781 8.0390625 06 08 13
15.082031 8.2265625 06 09 13
15.996094 8.4140625 06 09 13
15.855469 8.4140625 06 09 13
15.855469 8.4140625 06 09 13
15.082031 7.1015625 06 09 14
15.082031 7.1015625 06 09 14
13.957031 5.9296875 06 09 17
35.61328 1.1484375 06 10 12
15.433594 1.4765625 06 10 12
35.472656 8.6015625 06 10 12
35.472656 8.6015625 06 10 12
37.722656 10.1484375 06 10 12
28.441406 -1.8984375 06 10 16
41.16797 9.0234375 06 11 12
41.23828 8.9765625 06 11 12
38.566406 9.0234375 06 11 12
41.308594 8.9765625 06 11 12
25.980469 2.8828125 06 12 12
24.433594 3.1640625 06 12 12
24.433594 3.1640625 06 12 12
24.433594 3.1640625 06 12 12
22.746094 3.4921875 06 12 12
24.433594 3.1640625 06 12 12
22.746094 3.4921875 06 12 12
24.996094 3.6796875 06 12 12
1.5820312 13.6171875 06 12 14
36.66797 -0.2578125 06 13 14
36.73828 0.5859375 06 14 13
36.66797 1.1953125 06 14 13
36.808594 0.8203125 06 15 13
31.042969 3.3984375 06 16 12
30.480469 4.1953125 06 16 12
30.550781 4.1953125 06 16 12
33.433594 3.7265625 06 17 12
33.36328 3.7265625 06 17 12
33.433594 3.7265625 06 17 12
33.433594 3.7265625 06 17 12
33.433594 3.7734375 06 17 12
24.292969 3.8671875 06 17 13
13.957031 7.1953125 06 17 13
13.957031 7.1953125 06 17 13
13.957031 7.1953125 06 17 13
13.957031 7.1953125 06 17 13
36.66797 0.6328125 06 17 14
12.691406 3.3984375 06 17 16
12.269531 1.6640625 06 18 12
13.535156 2.1328125 06 18 12
12.410156 2.2734375 06 18 12
12.410156 2.2734375 06 18 12
27.175781 3.8671875 06 18 12
27.175781 3.8671875 06 18 12
27.175781 3.8671875 06 18 12
26.683594 4.1484375 06 18 12
13.394531 4.1015625 06 18 12
26.683594 4.1484375 06 18 12
27.175781 3.8671875 06 18 12
26.050781 5.2265625 06 18 12
17.683594 3.9140625 06 19 12
11.917969 5.6015625 06 19 12
26.542969 8.6953125 06 19 12
28.652344 -0.3046875 06 19 13
28.652344 -0.3046875 06 19 13
28.652344 -0.3046875 06 19 13
24.363281 9.0234375 06 19 13
24.222656 9.0234375 06 19 13
24.082031 9.0234375 06 19 13
23.308594 9.3515625 06 19 14
23.167969 11.5546875 06 19 16
19.089844 4.6171875 06 20 12
19.089844 4.6171875 06 20 12
19.089844 4.6171875 06 20 12
19.371094 5.6953125 06 20 12
20.214844 5.7421875 06 20 12
20.214844 5.7421875 06 20 12
28.722656 6.0234375 06 20 12
20.496094 5.9765625 06 20 12
19.300781 5.8828125 06 20 12
15.292969 6.8671875 06 20 13
20.285156 10.7578125 06 20 16
17.683594 1.1015625 06 21 12
36.527344 -0.9140625 06 21 13
32.308594 6.5390625 06 21 13
13.746094 7.0078125 06 21 14
12.480469 6.6796875 06 21 15
14.378906 7.8984375 06 21 16
22.816406 3.4921875 06 22 12
22.816406 3.5859375 06 22 12
21.480469 3.9140625 06 22 12
24.433594 4.1953125 06 22 12
24.433594 4.1953125 06 22 12
20.917969 4.4296875 06 22 12
25.066406 5.1328125 06 22 12
14.027344 7.9453125 06 22 13
37.51172 10.4765625 06 23 14
36.527344 -0.7265625 06 24 12
36.527344 -0.7265625 06 24 12
38.91797 10.4296875 06 24 12
37.160156 10.1484375 06 24 12
36.878906 10.8515625 06 24 12
36.45703 0.6796875 06 24 13
14.027344 7.7578125 06 24 14
16.628906 8.4140625 06 24 14
14.730469 7.9453125 06 24 15
36.45703 -0.5859375 06 25 12
36.45703 0.9140625 06 25 12
32.80078 3.8203125 06 25 12
33.08203 3.5859375 06 25 12
32.51953 4.0078125 06 25 12
37.79297 10.2421875 06 25 12
25.628906 5.8359375 06 26 12
24.925781 5.1328125 06 26 12
24.714844 5.7890625 06 26 12
17.613281 4.2421875 06 27 12
17.613281 4.2421875 06 27 12
18.667969 4.4765625 06 27 12
18.667969 4.4765625 06 27 12
31.816406 4.1484375 06 27 12
37.089844 10.8984375 06 27 12
29.917969 5.5078125 06 28 12
36.808594 10.6640625 06 28 12
36.808594 10.6640625 06 28 12
36.45703 0.3984375 06 28 14
33.433594 4.1015625 06 28 14
33.433594 4.1015625 06 28 14
34.066406 4.6640625 06 28 14
27.597656 3.7265625 06 28 16
36.66797 9.5859375 06 29 12
36.66797 9.5859375 06 29 12
36.66797 9.5859375 06 29 12
36.66797 9.5859375 06 29 12
37.652344 10.1484375 06 29 12
17.191406 0.6796875 06 30 12
13.113281 6.5859375 06 30 12
39.058594 10.1015625 07 02 12
38.91797 10.6171875 07 02 12
27.316406 -30.492188 07 03 12
18.878906 1.7109375 07 03 12
19.582031 4.2890625 07 03 12
29.496094 6.4921875 07 03 13
39.058594 10.2890625 07 04 12
38.777344 11.1328125 07 04 12
17.542969 4.4296875 07 04 15
10.441406 7.2421875 07 04 15
10.441406 7.2421875 07 04 15
7.4882812 6.0234375 07 04 16
15.082031 6.1640625 07 05 12
15.082031 6.1640625 07 05 12
15.222656 6.4453125 07 05 12
15.433594 6.6796875 07 05 12
14.871094 7.0078125 07 05 12
10.792969 6.4453125 07 05 12
11.917969 7.3359375 07 05 12
13.394531 7.5234375 07 05 12
11.917969 7.3359375 07 05 12
14.449219 8.0390625 07 05 12
39.128906 10.1484375 07 05 12
31.605469 9.1171875 07 05 12
27.316406 1.8515625 07 05 13
16.488281 4.9453125 07 05 14
26.402344 8.8828125 07 06 12
25.488281 -31.148438 07 06 14
24.433594 4.9453125 07 06 14
23.660156 -29.179688 07 06 16
36.878906 0.9140625 07 06 16
34.558594 2.0390625 07 06 16
26.191406 -31.617188 07 07 12
26.191406 -31.617188 07 07 12
26.121094 -31.523438 07 07 12
25.699219 -31.007812 07 07 12
34.839844 6.0234375 07 07 12
38.003906 5.3203125 07 07 12
31.183594 5.1328125 07 07 12
34.558594 6.1171875 07 07 12
36.10547 7.3359375 07 07 12
38.496094 5.8828125 07 07 12
13.957031 7.0078125 07 07 12
14.800781 6.8671875 07 07 12
34.558594 6.1171875 07 07 12
31.535156 7.1484375 07 07 12
31.253906 6.9140625 07 07 13
33.85547 2.6953125 07 08 12
34.41797 3.4453125 07 08 12
34.41797 3.4453125 07 08 12
34.558594 6.5390625 07 08 12
34.48828 6.5390625 07 08 12
34.558594 6.5390625 07 08 12
34.558594 6.5390625 07 08 12
22.253906 6.6328125 07 08 12
33.222656 7.7109375 07 08 12
16.980469 7.4296875 07 08 12
21.339844 7.0078125 07 08 12
21.691406 7.1484375 07 08 12
16.488281 7.2421875 07 08 12
32.871094 8.1328125 07 08 12
16.136719 5.3203125 07 08 13
26.402344 4.4296875 07 08 15
34.558594 1.3828125 07 09 12
27.105469 3.1640625 07 09 12
24.714844 2.7421875 07 09 12
29.496094 3.3046875 07 09 12
27.035156 3.1640625 07 09 12
29.496094 3.3046875 07 09 12
29.425781 3.3046875 07 09 12
25.769531 2.9296875 07 09 12
27.105469 3.1640625 07 09 12
26.050781 3.4453125 07 09 12
29.496094 3.3046875 07 09 12
29.917969 4.4765625 07 09 12
12.339844 5.2734375 07 09 12
34.558594 5.5546875 07 09 12
30.621094 4.7578125 07 09 12
33.92578 5.3203125 07 09 12
34.558594 5.5546875 07 09 12
12.832031 5.9296875 07 09 12
30.621094 4.8046875 07 09 12
33.08203 5.6953125 07 09 12
29.214844 6.4453125 07 09 12
26.753906 6.2109375 07 09 12
29.214844 6.4453125 07 09 12
35.05078 6.7734375 07 09 12
32.80078 7.4765625 07 09 12
35.05078 6.7734375 07 09 12
29.496094 7.2890625 07 09 12
32.660156 7.4296875 07 09 12
15.855469 6.1640625 07 09 13
33.433594 3.9609375 07 09 14
15.222656 4.0078125 07 09 17
14.097656 4.1953125 07 09 17
15.292969 5.6484375 07 09 17
12.550781 4.4296875 07 10 12
15.292969 6.0234375 07 10 12
28.019531 5.7890625 07 10 12
16.558594 6.2109375 07 10 12
29.003906 2.3671875 07 10 13
29.917969 3.3984375 07 10 14
31.886719 3.6796875 07 10 14
33.08203 3.7265625 07 10 14
12.621094 5.6484375 07 10 15
19.230469 0.6328125 07 11 12
20.074219 0.9140625 07 11 12
33.64453 1.6171875 07 11 12
39.19922 4.4296875 07 11 12
39.902344 5.5546875 07 11 12
34.910156 6.3046875 07 11 12
41.16797 6.3515625 07 11 12
35.683594 6.8203125 07 11 12
38.214844 6.6328125 07 11 12
36.10547 7.0078125 07 11 12
38.07422 6.5390625 07 11 12
39.19922 8.9296875 07 11 12
34.20703 8.5078125 07 11 12
34.20703 8.6015625 07 11 12
35.33203 8.6953125 07 11 12
16.699219 6.0703125 07 11 17
29.988281 5.5546875 07 12 12
28.371094 5.4140625 07 12 12
34.98047 6.0703125 07 12 12
27.246094 5.5546875 07 12 12
35.683594 7.0078125 07 12 12
35.753906 7.0078125 07 12 12
35.753906 7.0078125 07 12 12
38.285156 6.9609375 07 12 12
35.683594 7.0078125 07 12 12
34.839844 7.8515625 07 12 12
34.839844 7.8515625 07 12 12
39.339844 8.0859375 07 12 12
34.558594 8.9296875 07 12 12
32.16797 9.0703125 07 12 12
35.191406 9.3515625 07 12 12
35.191406 9.3515625 07 12 12
35.191406 9.3515625 07 12 12
37.30078 9.7265625 07 12 12
36.66797 9.7734375 07 12 12
35.191406 9.3515625 07 12 12
36.66797 9.7734375 07 12 12
36.66797 9.7734375 07 12 12
35.402344 9.8671875 07 12 12
35.33203 10.3359375 07 12 12
33.785156 5.3671875 07 12 16
28.582031 1.9921875 07 13 12
38.566406 4.6171875 07 13 12
38.566406 4.6171875 07 13 12
17.472656 6.0703125 07 13 12
17.472656 6.0703125 07 13 12
37.089844 5.9765625 07 13 12
17.472656 6.0703125 07 13 12
36.035156 6.1171875 07 13 12
15.996094 6.4921875 07 13 12
17.613281 6.2578125 07 13 12
14.449219 7.8515625 07 13 12
14.378906 7.9453125 07 13 12
35.683594 10.6640625 07 13 12
34.347656 4.8984375 07 13 13
38.214844 9.1640625 07 13 14
38.214844 9.1640625 07 13 14
28.722656 6.9140625 07 13 15
1.5117188 13.1484375 07 13 15
21.691406 -32.226562 07 14 12
22.675781 -31.101562 07 14 12
23.238281 -31.101562 07 14 12
24.222656 -30.257812 07 14 12
26.121094 -4.0546875 07 14 12
32.308594 4.5703125 07 14 12
32.308594 4.5703125 07 14 12
27.597656 6.7734375 07 14 12
28.582031 7.1015625 07 14 12
35.54297 6.7734375 07 14 12
27.597656 6.7734375 07 14 12
36.73828 7.4296875 07 14 12
27.597656 6.7734375 07 14 12
27.597656 7.1953125 07 14 12
29.847656 8.1328125 07 14 12
28.582031 7.1484375 07 14 12
30.128906 7.6640625 07 14 12
38.847656 7.6171875 07 14 12
29.355469 8.5546875 07 14 12
29.847656 8.1328125 07 14 12
30.480469 8.6484375 07 14 12
36.246094 8.2265625 07 14 12
35.121094 8.9296875 07 14 12
35.964844 9.3046875 07 14 12
35.964844 9.3046875 07 14 12
34.76953 8.8359375 07 14 12
34.76953 8.8359375 07 14 12
36.035156 9.3046875 07 14 12
38.003906 9.4453125 07 14 12
33.01172 9.7265625 07 14 12
35.191406 10.2890625 07 14 12
35.191406 10.2890625 07 14 12
32.16797 10.0546875 07 14 12
32.16797 10.0546875 07 14 12
35.191406 10.2890625 07 14 12
33.64453 11.3203125 07 14 12
1.5117188 12.5859375 07 14 12
1.7929688 12.5390625 07 14 12
29.917969 4.7578125 07 14 13
24.292969 6.6796875 07 14 13
26.402344 7.1484375 07 14 13
29.003906 4.5234375 07 14 14
37.58203 5.7421875 07 14 14
37.58203 5.7421875 07 14 14
22.675781 -1.2890625 07 14 15
22.675781 -1.2890625 07 14 15
29.003906 6.0234375 07 14 16
29.707031 6.3046875 07 14 16
23.097656 -0.7734375 07 14 17
29.917969 4.6171875 07 14 17
37.30078 6.0703125 07 15 12
12.269531 6.4921875 07 15 12
26.683594 6.5390625 07 15 12
26.964844 6.3984375 07 15 12
28.089844 7.7109375 07 15 12
27.597656 7.5234375 07 15 12
28.230469 7.7578125 07 15 12
30.691406 7.6171875 07 15 12
36.73828 8.3671875 07 15 12
30.832031 7.7578125 07 15 12
36.73828 8.3671875 07 15 12
30.128906 8.9296875 07 15 12
28.511719 7.9921875 07 15 12
38.42578 8.9765625 07 15 12
30.128906 8.9296875 07 15 12
21.621094 -1.3359375 07 15 15
22.605469 8.1796875 07 15 16
29.285156 4.1484375 07 15 17
33.01172 8.6953125 07 15 17
25.136719 0.4453125 07 16 12
17.191406 2.2265625 07 16 12
20.003906 2.8828125 07 16 12
33.29297 3.7265625 07 16 12
32.941406 3.7265625 07 16 12
18.597656 3.3984375 07 16 12
19.441406 3.0703125 07 16 12
18.597656 3.3984375 07 16 12
18.597656 3.3984375 07 16 12
18.667969 4.1953125 07 16 12
31.324219 4.6171875 07 16 12
18.175781 4.9453125 07 16 12
30.550781 4.2890625 07 16 12
27.316406 4.0078125 07 16 12
27.316406 4.0546875 07 16 12
29.636719 4.5703125 07 16 12
29.636719 4.5703125 07 16 12
31.324219 4.6171875 07 16 12
31.324219 4.6171875 07 16 12
17.824219 6.0234375 07 16 12
17.824219 6.0234375 07 16 12
36.17578 6.8203125 07 16 12
38.42578 7.7578125 07 16 12
36.17578 6.8203125 07 16 12
36.73828 8.6484375 07 16 12
39.972656 8.3671875 07 16 12
35.402344 7.9453125 07 16 12
39.972656 8.4140625 07 16 12
39.972656 8.4140625 07 16 12
35.402344 7.9453125 07 16 12
36.878906 9.2578125 07 16 12
39.972656 8.4140625 07 16 12
39.972656 8.4140625 07 16 12
37.51172 9.4453125 07 16 12
40.60547 9.0234375 07 16 12
39.058594 9.1640625 07 16 12
25.136719 0.9140625 07 16 13
26.613281 6.8203125 07 16 13
27.105469 0.7265625 07 16 14
27.316406 1.3359375 07 16 14
26.332031 2.3203125 07 16 14
31.183594 4.8984375 07 16 14
21.761719 -3.2109375 07 16 15
22.324219 1.2890625 07 16 15
22.394531 1.2890625 07 16 15
27.246094 6.4453125 07 16 17
27.246094 7.3359375 07 16 17
33.152344 3.3046875 07 17 12
33.01172 3.4453125 07 17 12
33.152344 3.3515625 07 17 12
33.36328 3.4921875 07 17 12
30.480469 4.2421875 07 17 12
33.36328 3.4921875 07 17 12
30.550781 4.1953125 07 17 12
30.691406 4.1953125 07 17 12
30.691406 4.1953125 07 17 12
26.402344 8.9296875 07 17 12
26.402344 8.9296875 07 17 12
26.402344 8.9296875 07 17 12
22.886719 -1.0546875 07 17 14
34.76953 1.9453125 07 17 14
22.464844 -2.7421875 07 17 15
21.480469 -1.7578125 07 17 15
32.589844 4.4296875 07 18 12
33.57422 4.8515625 07 18 12
31.816406 5.2734375 07 18 12
33.57422 4.8515625 07 18 12
34.20703 5.6953125 07 18 12
34.20703 5.6953125 07 18 12
35.05078 6.6328125 07 18 12
14.519531 7.0546875 07 18 12
33.01172 6.9609375 07 18 12
18.949219 7.4765625 07 18 12
33.01172 6.9609375 07 18 12
18.949219 7.4765625 07 18 12
21.621094 7.5234375 07 18 12
37.089844 7.8984375 07 18 12
15.152344 7.3828125 07 18 12
18.878906 7.4296875 07 18 12
18.949219 7.4765625 07 18 12
15.152344 7.3828125 07 18 12
38.285156 8.4140625 07 18 12
14.941406 7.8046875 07 18 12
37.722656 8.0390625 07 18 12
36.035156 8.6484375 07 18 12
20.566406 8.6015625 07 18 12
18.386719 1.6640625 07 18 16
28.863281 3.3046875 07 18 16
28.863281 3.3046875 07 18 16
34.41797 3.5390625 07 18 17
34.41797 3.5390625 07 18 17
14.941406 4.3359375 07 19 12
14.941406 4.3359375 07 19 12
11.425781 4.9921875 07 19 12
9.386719 6.1640625 07 19 12
9.316406 6.2109375 07 19 12
35.54297 8.5078125 07 19 12
4.1835938 8.4609375 07 19 12
35.472656 9.1171875 07 19 12
4.3242188 8.5078125 07 19 12
2.6367188 9.5390625 07 19 12
3.9726562 8.4609375 07 19 12
4.8867188 8.9296875 07 19 12
3.4804688 10.3828125 07 19 12
28.582031 6.9140625 07 19 14
28.652344 6.9140625 07 19 14
36.246094 7.8984375 07 19 14
23.097656 4.8046875 07 19 16
23.097656 4.8046875 07 19 16
28.863281 4.9921875 07 19 16
25.347656 6.0234375 07 19 16
20.847656 -0.1640625 07 20 12
21.972656 0.0234375 07 20 12
23.167969 1.6171875 07 20 12
24.433594 1.2890625 07 20 12
23.308594 3.7265625 07 20 12
27.457031 4.0078125 07 20 12
22.957031 4.3828125 07 20 12
25.277344 5.4140625 07 20 12
20.777344 6.6328125 07 20 12
36.38672 7.6171875 07 20 12
32.16797 8.3671875 07 20 12
36.316406 8.2265625 07 20 12
36.316406 8.2265625 07 20 12
36.316406 8.2265625 07 20 12
36.316406 8.2265625 07 20 12
36.316406 8.2265625 07 20 12
36.035156 8.6953125 07 20 12
36.035156 8.6953125 07 20 12
38.003906 6.9609375 07 20 13
24.785156 8.1796875 07 20 13
28.652344 7.3359375 07 20 14
28.652344 7.3359375 07 20 14
29.988281 9.3046875 07 20 14
29.425781 9.0234375 07 20 15
26.050781 7.8046875 07 20 17
26.050781 7.8046875 07 20 17
27.949219 2.4140625 07 21 12
28.511719 2.7890625 07 21 12
25.910156 6.6328125 07 21 12
28.652344 7.6640625 07 21 12
30.832031 7.1015625 07 21 12
29.355469 7.1015625 07 21 12
30.972656 8.4609375 07 21 12
30.972656 8.3203125 07 21 12
3.3398438 10.9921875 07 21 12
3.3398438 10.9921875 07 21 12
34.066406 3.3515625 07 21 13
20.144531 4.6171875 07 21 13
22.113281 7.1953125 07 21 13
25.628906 2.9296875 07 21 14
24.855469 3.3515625 07 21 14
25.558594 4.1015625 07 21 14
25.558594 4.1015625 07 21 14
25.558594 4.1015625 07 21 14
19.230469 6.1171875 07 21 14
23.941406 2.8828125 07 21 15
22.253906 5.1796875 07 21 15
10.441406 5.1328125 07 21 15
17.332031 6.3984375 07 21 15
20.636719 4.2421875 07 21 16
20.988281 5.1796875 07 21 16
23.589844 6.0234375 07 21 16
18.035156 5.1328125 07 21 17
33.57422 2.0390625 07 22 12
20.636719 3.4921875 07 22 12
22.675781 5.6953125 07 22 12
22.675781 5.7421875 07 22 12
20.144531 5.4140625 07 22 12
21.480469 6.8203125 07 22 12
22.746094 5.7421875 07 22 12
22.746094 5.7421875 07 22 12
24.082031 6.3984375 07 22 12
20.496094 6.2578125 07 22 12
22.394531 5.7890625 07 22 12
19.019531 6.3984375 07 22 12
21.832031 6.5859375 07 22 12
15.855469 7.1015625 07 22 12
22.816406 7.7109375 07 22 12
21.550781 7.7578125 07 22 12
30.902344 3.3984375 07 22 13
25.558594 5.4609375 07 22 13
10.722656 6.2109375 07 22 13
13.605469 7.2421875 07 22 13
20.566406 7.7109375 07 22 13
20.566406 7.7109375 07 22 13
20.285156 8.1796875 07 22 13
20.285156 8.1796875 07 22 13
39.902344 12.6796875 07 22 13
39.902344 12.6796875 07 22 13
25.347656 0.4453125 07 22 14
19.792969 7.5234375 07 22 14
18.386719 7.6171875 07 22 14
19.230469 7.1484375 07 22 14
25.558594 7.5703125 07 22 17
21.410156 5.6015625 07 23 12
21.410156 5.6015625 07 23 12
19.792969 6.3046875 07 23 12
19.019531 8.1796875 07 23 12
20.074219 8.4609375 07 23 12
41.097656 9.6796875 07 23 12
20.074219 8.4609375 07 23 12
7.6992188 10.4765625 07 23 12
22.253906 7.1015625 07 23 13
12.410156 7.3828125 07 23 13
24.363281 5.7890625 07 23 14
25.839844 6.7734375 07 23 14
11.847656 7.0078125 07 23 14
14.941406 7.5703125 07 23 16
25.417969 5.9296875 07 23 17
28.511719 2.6015625 07 24 12
32.80078 5.9765625 07 24 12
33.01172 6.2109375 07 24 12
3.7617188 7.5234375 07 24 12
34.48828 1.4296875 07 25 12
22.957031 6.0234375 07 25 12
23.589844 5.7421875 07 25 12
24.292969 5.7890625 07 25 12
22.957031 6.0703125 07 25 12
27.527344 6.6328125 07 25 12
30.269531 6.3984375 07 25 12
27.808594 6.4921875 07 25 12
28.300781 6.7265625 07 25 12
27.316406 6.5859375 07 25 12
27.597656 6.7265625 07 25 12
24.644531 6.8671875 07 25 12
23.519531 8.0390625 07 25 12
24.925781 7.3828125 07 25 12
23.519531 8.0390625 07 25 12
22.324219 9.3515625 07 25 12
34.76953 9.3046875 07 25 12
34.76953 9.3046875 07 25 12
32.660156 8.9296875 07 25 12
32.660156 8.9296875 07 25 12
33.503906 9.9140625 07 25 12
33.503906 9.9140625 07 25 12
6.1523438 16.710938 07 25 12
25.417969 1.5234375 07 25 13
29.425781 3.5390625 07 25 13
24.785156 4.5703125 07 25 13
22.324219 6.7734375 07 25 13
20.917969 8.0390625 07 25 13
36.808594 8.2734375 07 25 13
23.589844 0.2109375 07 25 14
23.941406 0.4453125 07 25 14
27.316406 0.3515625 07 25 14
27.105469 0.3515625 07 25 14
23.730469 0.7265625 07 25 14
22.957031 -2.6953125 07 26 12
22.957031 -2.6953125 07 26 12
22.464844 -1.8515625 07 26 12
27.808594 -1.8984375 07 26 12
22.464844 -1.8515625 07 26 12
18.457031 -1.9453125 07 26 12
18.949219 -1.6171875 07 26 12
24.222656 -1.1953125 07 26 12
24.503906 -0.4453125 07 26 12
24.503906 -0.4453125 07 26 12
21.269531 2.2734375 07 26 12
24.574219 1.7109375 07 26 12
21.199219 2.3671875 07 26 12
19.019531 2.2734375 07 26 12
24.574219 1.7109375 07 26 12
26.472656 2.4609375 07 26 12
22.253906 2.5078125 07 26 12
19.019531 2.2734375 07 26 12
26.472656 2.4609375 07 26 12
21.691406 2.6484375 07 26 12
15.574219 4.6640625 07 26 12
30.621094 5.0390625 07 26 12
11.285156 6.7265625 07 26 12
12.339844 7.0078125 07 26 12
36.73828 7.3828125 07 26 12
36.73828 7.3828125 07 26 12
14.449219 7.6640625 07 26 12
25.980469 8.6953125 07 26 12
11.214844 8.0859375 07 26 12
25.980469 8.6953125 07 26 12
29.355469 8.9296875 07 26 12
29.355469 8.9296875 07 26 12
25.980469 8.6953125 07 26 12
31.886719 9.1640625 07 26 12
26.402344 10.0078125 07 26 12
9.246094 9.3046875 07 26 12
22.113281 -0.9140625 07 26 13
22.113281 -0.9140625 07 26 13
28.019531 0.3984375 07 26 13
27.597656 2.1328125 07 26 14
36.316406 5.9296875 07 26 14
15.152344 7.8984375 07 26 15
41.097656 11.9296875 07 26 15
12.410156 10.8515625 07 26 17
27.175781 -30.023438 07 27 12
16.066406 3.8671875 07 27 12
16.066406 3.8671875 07 27 12
18.175781 3.7734375 07 27 12
28.863281 4.5703125 07 27 12
32.871094 4.3828125 07 27 12
19.511719 4.5703125 07 27 12
19.863281 4.5234375 07 27 12
22.324219 5.3203125 07 27 12
25.558594 5.4140625 07 27 12
26.191406 5.2265625 07 27 12
32.51953 4.9453125 07 27 12
22.324219 5.3203125 07 27 12
25.628906 5.4140625 07 27 12
21.621094 5.6015625 07 27 12
20.003906 5.0390625 07 27 12
21.621094 5.6015625 07 27 12
25.628906 5.4140625 07 27 12
26.191406 5.2265625 07 27 12
32.941406 5.0390625 07 27 12
20.496094 5.3671875 07 27 12
22.816406 6.1640625 07 27 12
22.324219 5.3203125 07 27 12
21.621094 5.6015625 07 27 12
23.871094 6.2578125 07 27 12
9.175781 6.4921875 07 27 12
23.871094 6.2578125 07 27 12
7.2070312 6.8671875 07 27 12
23.871094 6.2578125 07 27 12
23.871094 6.2578125 07 27 12
22.464844 6.3515625 07 27 12
7.2070312 6.8671875 07 27 12
23.871094 6.2578125 07 27 12
20.847656 7.0078125 07 27 12
23.800781 6.9140625 07 27 12
22.675781 6.6328125 07 27 12
8.753906 6.7734375 07 27 12
22.042969 7.4296875 07 27 12
8.753906 6.8203125 07 27 12
24.644531 7.8515625 07 27 12
8.402344 8.1328125 07 27 12
8.402344 8.1328125 07 27 12
9.457031 8.7421875 07 27 12
14.378906 3.8203125 07 27 13
26.050781 6.3046875 07 27 13
26.753906 7.5234375 07 27 15
30.058594 8.0859375 07 27 15
27.386719 6.3984375 07 27 16
21.902344 -32.132812 07 28 12
28.160156 0.3984375 07 28 12
34.910156 1.8984375 07 28 12
34.910156 1.8984375 07 28 12
34.910156 1.8984375 07 28 12
28.863281 2.0390625 07 28 12
34.41797 3.3515625 07 28 12
34.41797 3.3515625 07 28 12
33.152344 4.6640625 07 28 12
33.152344 4.6640625 07 28 12
32.660156 4.7109375 07 28 12
33.01172 5.3671875 07 28 12
32.941406 5.3671875 07 28 12
22.183594 7.7578125 07 28 12
33.503906 7.6171875 07 28 12
33.503906 7.6171875 07 28 12
18.035156 8.7421875 07 28 12
18.035156 8.8359375 07 28 12
18.035156 8.8359375 07 28 12
2.9882812 9.8671875 07 28 12
3.2695312 10.5703125 07 28 12
3.2695312 10.5703125 07 28 12
4.0429688 10.8515625 07 28 13
28.863281 -29.882812 07 28 14
27.527344 -1.9453125 07 28 14
27.527344 -1.9453125 07 28 14
28.792969 0.9140625 07 28 14
27.457031 4.2890625 07 28 14
32.51953 6.6328125 07 28 14
24.996094 -2.0859375 07 28 15
22.886719 6.3515625 07 28 15
22.886719 6.3515625 07 28 15
16.980469 2.8828125 07 28 16
16.980469 2.8828125 07 28 16
36.597656 -0.2578125 07 29 12
27.878906 0.1640625 07 29 12
22.675781 2.3203125 07 29 12
34.066406 2.4609375 07 29 12
33.92578 2.4609375 07 29 12
34.347656 3.4921875 07 29 12
34.347656 3.4921875 07 29 12
31.324219 3.5390625 07 29 12
32.44922 3.8671875 07 29 12
34.347656 3.4921875 07 29 12
31.816406 8.5546875 07 29 12
25.558594 8.7890625 07 29 12
24.996094 -2.1328125 07 29 13
25.066406 -2.1328125 07 29 13
28.652344 1.4296875 07 29 13
32.23828 7.2421875 07 29 13
32.23828 7.2421875 07 29 13
25.207031 1.1015625 07 29 14
20.355469 4.7578125 07 29 15
20.355469 4.7578125 07 29 15
21.410156 5.8359375 07 29 15
26.753906 6.2578125 07 29 15
25.699219 -29.742188 07 29 16
25.980469 6.3046875 07 29 17
26.683594 -3.4453125 07 30 12
24.925781 -2.1328125 07 30 12
28.792969 -1.1953125 07 30 12
30.199219 -0.9609375 07 30 12
28.792969 -1.1953125 07 30 12
36.808594 -0.2578125 07 30 12
37.441406 0.2109375 07 30 12
36.94922 0.6796875 07 30 12
37.01953 0.9140625 07 30 12
33.503906 1.4296875 07 30 12
38.003906 4.6171875 07 30 12
39.55078 5.7890625 07 30 12
40.88672 5.7421875 07 30 12
34.277344 6.2578125 07 30 12
34.48828 6.3046875 07 30 12
29.144531 6.3984375 07 30 12
38.07422 6.7265625 07 30 12
29.003906 6.4921875 07 30 12
39.55078 5.7890625 07 30 12
39.55078 5.7890625 07 30 12
41.027344 7.0078125 07 30 12
19.652344 7.6171875 07 30 12
38.214844 6.8671875 07 30 12
41.027344 7.0078125 07 30 12
36.527344 7.1484375 07 30 12
41.027344 7.0078125 07 30 12
36.17578 7.0546875 07 30 12
36.17578 7.0546875 07 30 12
22.605469 7.8984375 07 30 12
22.746094 7.8984375 07 30 12
20.566406 8.4140625 07 30 12
20.496094 8.4140625 07 30 12
29.707031 9.0234375 07 30 12
36.597656 9.0703125 07 30 12
27.597656 -3.9609375 07 30 13
24.996094 -3.0703125 07 30 13
26.964844 -3.2578125 07 30 13
27.105469 -2.7890625 07 30 13
26.402344 -2.5078125 07 30 13
26.753906 -1.2421875 07 30 13
27.527344 -1.7578125 07 30 13
26.824219 -1.1484375 07 30 13
26.824219 -1.1484375 07 30 13
25.207031 5.8828125 07 30 13
31.816406 6.0703125 07 30 13
27.105469 6.5390625 07 30 13
24.644531 -3.7734375 07 30 14
25.769531 -1.2890625 07 30 14
19.792969 2.8359375 07 30 14
19.792969 2.8359375 07 30 14
17.824219 5.6953125 07 30 14
25.207031 6.1640625 07 30 14
20.777344 4.5234375 07 30 15
32.941406 9.3515625 07 30 15
32.871094 9.3984375 07 30 15
23.871094 -2.6484375 08 01 12
23.871094 -2.6484375 08 01 12
23.941406 -2.6484375 08 01 12
24.152344 -2.3671875 08 01 12
24.082031 -2.3203125 08 01 12
20.707031 2.1796875 08 01 12
22.675781 1.4765625 08 01 12
20.707031 2.2265625 08 01 12
20.707031 2.2265625 08 01 12
23.660156 2.4609375 08 01 12
15.433594 2.6484375 08 01 12
15.925781 3.7734375 08 01 12
18.175781 3.9140625 08 01 12
31.042969 4.4296875 08 01 12
16.839844 4.3359375 08 01 12
21.761719 5.1328125 08 01 12
21.410156 5.0859375 08 01 12
15.785156 4.9921875 08 01 12
15.855469 5.0390625 08 01 12
22.113281 5.8359375 08 01 12
27.316406 5.0859375 08 01 12
31.042969 4.4296875 08 01 12
19.933594 5.4609375 08 01 12
20.566406 4.8046875 08 01 12
29.425781 5.5078125 08 01 12
11.917969 6.7734375 08 01 12
12.058594 7.1953125 08 01 12
23.519531 7.4765625 08 01 12
13.675781 7.6171875 08 01 12
13.816406 7.6640625 08 01 12
13.886719 7.6640625 08 01 12
12.269531 8.1328125 08 01 12
36.45703 7.8984375 08 01 12
13.816406 7.6640625 08 01 12
12.269531 8.1328125 08 01 12
13.675781 7.7578125 08 01 12
18.527344 8.8359375 08 01 12
18.527344 8.8359375 08 01 12
23.871094 9.2109375 08 01 12
23.871094 9.2109375 08 01 12
13.464844 9.3984375 08 01 12
14.730469 9.5859375 08 01 12
14.730469 9.5859375 08 01 12
23.800781 9.9609375 08 01 12
22.746094 -2.2265625 08 01 13
22.605469 -0.7265625 08 01 13
22.394531 0.3046875 08 01 13
21.128906 1.0546875 08 01 13
21.199219 1.0546875 08 01 13
21.128906 1.0546875 08 01 13
25.558594 7.8046875 08 01 13
25.417969 7.8046875 08 01 13
25.628906 8.4140625 08 01 13
15.785156 8.5546875 08 01 13
21.902344 -3.2578125 08 01 14
24.433594 0.0234375 08 01 15
32.027344 5.0859375 08 01 15
32.941406 6.0703125 08 01 15
27.175781 1.3359375 08 01 16
32.16797 5.3671875 08 01 16
31.535156 5.8828125 08 01 16
25.980469 6.6796875 08 01 16
15.363281 9.3984375 08 01 16
35.753906 9.4453125 08 01 17
24.574219 2.2734375 08 02 12
25.558594 2.2265625 08 02 12
18.808594 2.3203125 08 02 12
24.714844 2.3671875 08 02 12
25.558594 2.2265625 08 02 12
24.714844 2.3671875 08 02 12
25.558594 2.2265625 08 02 12
24.714844 2.4140625 08 02 12
26.683594 2.9296875 08 02 12
26.683594 2.9296875 08 02 12
19.722656 4.2890625 08 02 12
20.636719 3.8671875 08 02 12
19.300781 4.5703125 08 02 12
33.714844 4.1484375 08 02 12
33.714844 4.1484375 08 02 12
18.738281 4.2421875 08 02 12
19.019531 4.5234375 08 02 12
19.863281 4.3359375 08 02 12
18.808594 4.5234375 08 02 12
21.128906 5.6484375 08 02 12
21.128906 5.6484375 08 02 12
21.199219 5.9765625 08 02 12
21.199219 5.9765625 08 02 12
38.42578 8.3671875 08 02 12
38.214844 9.2109375 08 02 12
35.54297 9.6328125 08 02 12
34.839844 10.8515625 08 02 12
31.183594 4.4765625 08 02 13
31.183594 4.4765625 08 02 13
12.621094 8.7421875 08 02 13
31.113281 3.5390625 08 02 14
31.746094 3.8203125 08 02 14
32.80078 7.7578125 08 02 14
34.69922 1.5703125 08 02 15
23.097656 2.9765625 08 02 15
13.957031 7.7578125 08 02 15
13.957031 7.7578125 08 02 15
22.042969 1.2890625 08 02 16
13.675781 8.6953125 08 02 16
19.371094 3.6796875 08 03 12
18.175781 6.3984375 08 03 12
19.722656 6.6328125 08 03 12
33.503906 7.0078125 08 03 12
20.003906 7.8515625 08 03 12
20.003906 8.3203125 08 03 12
33.36328 8.1328125 08 03 12
20.214844 8.4140625 08 03 12
30.832031 8.5078125 08 03 12
33.36328 8.1328125 08 03 12
19.371094 8.8359375 08 03 12
18.667969 8.3203125 08 03 12
36.878906 9.8203125 08 03 12
36.94922 9.2109375 08 03 12
19.300781 8.8359375 08 03 12
19.230469 8.8828125 08 03 12
36.878906 9.8671875 08 03 12
16.699219 9.3515625 08 03 12
20.496094 -0.5390625 08 03 13
10.792969 6.4453125 08 03 13
28.863281 6.4453125 08 03 13
32.660156 6.5859375 08 03 13
31.605469 6.9609375 08 03 13
32.660156 6.5859375 08 03 13
15.082031 7.6171875 08 03 13
15.082031 7.6171875 08 03 13
31.957031 8.1328125 08 03 13
31.957031 8.1328125 08 03 13
36.10547 12.3046875 08 03 13
27.386719 -1.9921875 08 03 14
25.839844 -0.5390625 08 03 14
20.144531 0.7734375 08 03 14
25.277344 5.7890625 08 03 14
25.066406 4.8984375 08 03 15
19.652344 7.8515625 08 03 17
36.66797 0.6328125 08 04 12
36.597656 0.7265625 08 04 12
25.558594 5.1328125 08 04 12
29.214844 5.7421875 08 04 12
25.558594 5.1328125 08 04 12
26.894531 5.4609375 08 04 12
30.410156 5.0390625 08 04 12
29.214844 5.7421875 08 04 12
31.042969 5.2734375 08 04 12
29.144531 5.7421875 08 04 12
35.26172 6.0234375 08 04 12
30.621094 5.5546875 08 04 12
10.933594 6.4453125 08 04 12
38.91797 6.3515625 08 04 12
33.36328 6.1171875 08 04 12
35.05078 6.0234375 08 04 12
10.933594 6.4453125 08 04 12
10.933594 6.4453125 08 04 12
31.464844 6.3515625 08 04 12
10.933594 6.4453125 08 04 12
38.91797 7.3828125 08 04 12
38.285156 8.4140625 08 04 12
37.51172 9.4921875 08 04 12
35.402344 9.5859375 08 04 12
37.51172 9.5859375 08 04 12
21.339844 9.9140625 08 04 12
37.51172 9.5859375 08 04 12
36.94922 17.226562 08 04 12
27.316406 3.4453125 08 04 13
24.363281 5.8359375 08 04 13
24.222656 6.3515625 08 04 13
22.605469 6.9609375 08 04 13
24.925781 7.4296875 08 04 13
24.925781 7.4296875 08 04 13
22.324219 -2.6015625 08 04 14
21.761719 8.3203125 08 04 14
6.2929688 8.5078125 08 04 15
6.2929688 8.5078125 08 04 15
30.480469 5.1796875 08 05 12
30.480469 5.1796875 08 05 12
30.480469 5.1796875 08 05 12
30.480469 5.1796875 08 05 12
31.113281 5.3671875 08 05 12
31.113281 5.3671875 08 05 12
31.746094 6.2109375 08 05 12
31.886719 6.2109375 08 05 12
16.417969 6.7734375 08 05 12
15.855469 6.3515625 08 05 12
39.972656 7.1484375 08 05 12
32.308594 7.0546875 08 05 12
16.558594 6.8671875 08 05 12
17.542969 7.9453125 08 05 12
39.972656 7.1484375 08 05 12
30.410156 7.4765625 08 05 12
39.972656 7.1484375 08 05 12
15.855469 7.2890625 08 05 12
17.542969 7.8984375 08 05 12
15.855469 7.2890625 08 05 12
19.160156 7.9921875 08 05 12
39.902344 7.1953125 08 05 12
15.855469 7.2890625 08 05 12
18.246094 8.1796875 08 05 12
19.230469 7.9453125 08 05 12
18.808594 8.1796875 08 05 12
32.941406 8.0859375 08 05 12
30.410156 7.4765625 08 05 12
32.941406 8.0859375 08 05 12
36.035156 8.2734375 08 05 12
39.621094 8.1328125 08 05 12
36.035156 8.2734375 08 05 12
32.941406 8.0859375 08 05 12
18.808594 8.1796875 08 05 12
34.347656 8.9296875 08 05 12
36.527344 9.1171875 08 05 12
36.527344 9.1171875 08 05 12
36.527344 9.1171875 08 05 12
25.628906 2.9765625 08 05 13
25.628906 2.9765625 08 05 13
32.80078 3.5859375 08 05 13
25.347656 4.5234375 08 05 13
23.027344 6.2578125 08 05 13
23.027344 6.2578125 08 05 13
24.785156 2.4609375 08 05 14
41.44922 9.3046875 08 05 14
33.222656 6.5859375 08 05 15
33.222656 6.5859375 08 05 15
13.605469 7.0546875 08 05 15
23.730469 -1.1484375 08 05 16
33.714844 1.9453125 08 06 12
23.449219 5.5546875 08 06 12
23.519531 5.5546875 08 06 12
23.519531 5.5546875 08 06 12
23.519531 5.5546875 08 06 12
23.589844 5.5546875 08 06 12
23.941406 5.3203125 08 06 12
24.503906 5.6484375 08 06 12
23.519531 5.5546875 08 06 12
39.128906 6.3984375 08 06 12
23.519531 5.5546875 08 06 12
22.394531 6.2109375 08 06 12
39.55078 6.6328125 08 06 12
40.253906 7.1015625 08 06 12
19.441406 7.8984375 08 06 12
37.089844 8.7890625 08 06 12
20.917969 8.2734375 08 06 12
39.902344 8.1796875 08 06 12
37.01953 9.4921875 08 06 12
18.457031 8.9296875 08 06 12
37.01953 9.4921875 08 06 12
20.636719 9.9140625 08 06 12
36.035156 9.9140625 08 06 12
20.425781 10.0078125 08 06 12
20.636719 9.9140625 08 06 12
37.933594 10.4765625 08 06 12
37.51172 10.7578125 08 06 12
37.933594 10.4765625 08 06 12
36.878906 11.3203125 08 06 12
31.464844 3.4921875 08 06 13
28.863281 6.3984375 08 06 13
28.863281 6.3984375 08 06 13
23.589844 6.1640625 08 06 13
20.636719 -0.8203125 08 06 14
15.785156 6.8203125 08 06 14
16.488281 5.6484375 08 06 15
15.574219 6.9609375 08 06 15
27.878906 3.7265625 08 06 16
25.980469 -0.9140625 08 07 12
28.582031 0.6796875 08 07 12
31.535156 3.5390625 08 07 12
13.394531 7.1953125 08 07 12
12.972656 7.5234375 08 07 12
37.441406 10.6171875 08 07 12
37.441406 10.6171875 08 07 12
34.76953 10.8515625 08 07 12
23.941406 -2.0390625 08 07 13
24.222656 -1.3828125 08 07 13
23.238281 -1.0078125 08 07 13
23.238281 -1.0078125 08 07 13
14.167969 6.1171875 08 07 13
30.621094 6.1171875 08 07 13
14.167969 6.1171875 08 07 13
24.714844 -0.6796875 08 07 14
35.121094 1.2890625 08 07 14
24.292969 1.2890625 08 07 15
30.691406 6.6796875 08 07 15
24.082031 8.1796875 08 07 15
24.082031 8.1796875 08 07 15
24.644531 8.7890625 08 07 15
36.316406 9.2578125 08 07 16
36.808594 6.5390625 08 08 12
35.61328 6.9609375 08 08 12
36.527344 7.1953125 08 08 12
38.285156 7.8984375 08 08 12
35.61328 6.9609375 08 08 12
35.82422 7.5703125 08 08 12
36.316406 8.5546875 08 08 12
38.285156 7.8984375 08 08 12
36.316406 8.5546875 08 08 12
35.683594 8.6953125 08 08 12
36.316406 8.5546875 08 08 12
36.316406 8.5546875 08 08 12
38.285156 9.1640625 08 08 12
35.191406 8.4609375 08 08 12
36.316406 8.5546875 08 08 12
36.316406 8.5546875 08 08 12
38.285156 9.2578125 08 08 12
36.316406 8.6015625 08 08 12
38.07422 9.2578125 08 08 12
35.472656 9.8671875 08 08 12
38.42578 9.3046875 08 08 12
17.753906 10.4765625 08 08 12
16.207031 10.1953125 08 08 12
17.753906 10.4765625 08 08 12
37.722656 10.8046875 08 08 12
17.753906 10.4765625 08 08 12
39.19922 12.8203125 08 08 12
25.488281 7.7578125 08 08 13
19.863281 5.4609375 08 08 15
28.160156 5.2265625 08 09 12
28.652344 6.1171875 08 09 12
27.738281 5.6015625 08 09 12
39.691406 9.5859375 08 09 12
35.82422 10.8515625 08 09 13
22.183594 -0.8671875 08 09 16
22.183594 -0.8671875 08 09 16
20.144531 7.6171875 08 10 12
20.285156 7.5234375 08 10 12
36.17578 8.3671875 08 10 12
38.63672 9.1640625 08 10 12
37.79297 9.6796875 08 10 12
10.160156 9.9609375 08 10 12
10.160156 9.9609375 08 10 12
35.753906 9.4921875 08 10 12
9.035156 10.4296875 08 10 12
39.339844 13.2421875 08 10 12
39.339844 13.2421875 08 10 12
31.042969 4.5234375 08 11 12
10.792969 6.3984375 08 11 12
12.128906 7.2421875 08 11 12
14.308594 7.3828125 08 11 12
32.660156 7.9921875 08 11 12
30.832031 9.2578125 08 11 12
30.902344 9.2578125 08 11 12
13.324219 5.8828125 08 11 13
36.246094 16.851562 08 11 13
12.128906 5.6015625 08 11 14
15.574219 7.8046875 08 11 14
10.652344 6.3515625 08 12 12
12.058594 7.3828125 08 12 12
14.378906 7.8046875 08 12 12
12.058594 7.3828125 08 12 12
14.449219 7.9453125 08 12 12
36.246094 8.0859375 08 12 12
36.246094 8.0859375 08 12 12
36.246094 8.0859375 08 12 12
12.128906 8.6484375 08 12 13
36.246094 10.8046875 08 12 13
24.925781 5.3203125 08 12 14
24.925781 6.5390625 08 12 15
24.996094 0.2109375 08 12 16
24.996094 0.2109375 08 12 16
22.183594 3.6796875 08 13 12
16.628906 6.9140625 08 13 12
38.98828 7.8984375 08 13 12
41.308594 9.4453125 08 13 12
39.19922 9.6796875 08 13 12
37.933594 10.5234375 08 13 12
37.160156 11.2265625 08 13 12
37.160156 11.2265625 08 13 12
27.175781 1.1484375 08 13 16
27.035156 -3.6328125 08 14 12
28.722656 -0.1640625 08 14 12
39.19922 7.4296875 08 14 12
34.277344 8.4609375 08 14 12
34.277344 8.4609375 08 14 12
39.76172 7.8515625 08 14 12
39.691406 7.9453125 08 14 12
39.691406 8.0859375 08 14 12
34.277344 8.4609375 08 14 12
39.26953 9.5390625 08 14 12
39.26953 9.5390625 08 14 12
34.839844 9.2578125 08 14 12
37.30078 9.6328125 08 14 12
34.76953 9.4453125 08 14 12
34.76953 9.4453125 08 14 12
39.26953 9.5390625 08 14 12
39.83203 11.1328125 08 14 12
33.996094 3.5859375 08 14 14
25.207031 0.6328125 08 15 12
25.277344 0.7265625 08 15 12
25.277344 0.7265625 08 15 12
22.464844 3.9140625 08 15 12
39.058594 9.0234375 08 15 12
39.058594 9.0234375 08 15 12
39.339844 11.6015625 08 15 12
39.339844 11.6015625 08 15 12
39.339844 11.6015625 08 15 12
39.339844 11.6015625 08 15 12
39.339844 11.6015625 08 15 12
21.902344 1.1015625 08 15 14
21.902344 1.1015625 08 15 14
21.339844 1.1953125 08 15 14
38.214844 9.1640625 08 16 12
38.214844 9.1640625 08 16 12
39.48047 9.9140625 08 16 12
39.48047 9.9140625 08 16 12
35.82422 10.6640625 08 16 12
35.82422 10.6640625 08 16 12
39.058594 13.1015625 08 16 12
39.058594 13.1484375 08 16 12
39.058594 13.1484375 08 16 12
39.058594 13.1484375 08 16 12
27.667969 3.4453125 08 16 14
27.667969 3.4453125 08 16 14
30.058594 9.4921875 08 17 12
39.058594 11.4609375 08 17 12
39.058594 11.4609375 08 17 12
39.058594 11.4609375 08 17 12
38.91797 12.4453125 08 17 12
39.058594 13.1953125 08 17 12
27.667969 9.3046875 08 17 14
14.800781 8.0390625 08 17 15
30.832031 3.4453125 08 18 12
30.832031 3.4453125 08 18 12
31.746094 4.5234375 08 18 12
22.746094 5.8359375 08 18 12
22.746094 5.8359375 08 18 12
30.972656 5.7421875 08 18 12
22.746094 5.8359375 08 18 12
24.082031 6.3046875 08 18 12
24.292969 6.5390625 08 18 12
22.746094 5.8359375 08 18 12
24.082031 6.3046875 08 18 12
22.746094 6.3046875 08 18 12
23.238281 6.8203125 08 18 12
20.847656 -1.9453125 08 18 15
19.863281 2.8359375 08 18 15
14.941406 7.9921875 08 18 16
30.410156 6.5390625 08 19 12
38.42578 6.2109375 08 19 12
30.339844 6.5859375 08 19 12
35.89453 7.9453125 08 19 12
39.621094 7.7109375 08 19 12
30.761719 8.5546875 08 19 12
39.972656 8.5546875 08 19 12
32.871094 9.1640625 08 19 12
37.23047 11.8828125 08 19 12
37.86328 11.3671875 08 19 12
36.94922 12.3515625 08 19 12
24.714844 2.5078125 08 19 13
24.644531 2.5078125 08 19 13
24.785156 2.5078125 08 19 13
30.339844 4.6640625 08 19 13
30.058594 -0.0703125 08 19 17
10.792969 6.4921875 08 20 12
32.44922 8.6953125 08 20 12
12.902344 8.8828125 08 20 12
12.902344 8.9296875 08 20 12
11.214844 10.9921875 08 20 12
11.214844 10.9921875 08 20 12
39.19922 10.6640625 08 20 12
39.058594 13.7109375 08 20 12
33.785156 3.7265625 08 20 13
14.308594 3.5859375 08 21 12
39.128906 9.6796875 08 21 12
38.98828 12.0703125 08 21 12
8.964844 9.3515625 08 21 13
5.9414062 8.4140625 08 21 15
4.0429688 7.5703125 08 21 16
25.769531 -32.414062 08 22 12
29.074219 0.2109375 08 22 12
28.792969 -0.3046875 08 22 13
15.292969 6.7734375 08 22 13
11.285156 6.5390625 08 22 13
13.957031 7.0078125 08 22 13
13.957031 7.0078125 08 22 13
7.9101562 19.382812 08 22 14
14.378906 0.8671875 08 22 15
12.691406 13.2890625 08 22 16
10.792969 16.195312 08 22 16
16.910156 -26.601562 08 23 12
16.910156 -26.601562 08 23 12
26.613281 6.2578125 08 23 12
26.613281 6.2578125 08 23 12
11.988281 7.1953125 08 23 12
11.988281 7.1953125 08 23 12
11.988281 7.1953125 08 23 12
13.113281 7.6171875 08 23 12
39.26953 11.8359375 08 23 12
38.91797 12.2109375 08 23 12
38.91797 12.2109375 08 23 12
33.714844 3.6328125 08 23 13
30.972656 11.6015625 08 23 13
15.152344 2.1796875 08 23 16
31.253906 7.8046875 08 23 17
24.574219 -30.398438 08 24 12
27.738281 -29.789062 08 24 12
30.199219 -27.679688 08 24 12
27.527344 -25.617188 08 24 12
26.753906 -24.820312 08 24 12
26.472656 -24.492188 08 24 12
25.839844 -23.460938 08 24 12
23.730469 -23.226562 08 24 12
26.261719 7.5234375 08 24 12
26.050781 7.4765625 08 24 12
28.582031 9.0234375 08 24 12
28.582031 9.0234375 08 24 12
23.871094 9.9140625 08 24 12
23.871094 9.9140625 08 24 12
26.824219 10.6640625 08 24 12
23.097656 11.5546875 08 24 12
22.957031 11.7421875 08 24 12
23.097656 11.6015625 08 24 12
22.957031 11.7421875 08 24 12
33.996094 12.1171875 08 24 12
36.316406 10.8515625 08 24 13
24.925781 -28.289062 08 24 15
17.472656 8.6015625 08 24 16
31.464844 12.6328125 08 24 17
21.972656 4.8046875 08 25 12
23.941406 6.5859375 08 25 12
35.191406 10.3828125 08 25 12
38.91797 12.0234375 08 25 12
25.910156 15.3515625 08 25 12
27.527344 5.1796875 08 25 13
22.042969 4.8515625 08 25 13
22.605469 6.0703125 08 25 13
24.644531 7.3359375 08 25 13
27.738281 8.2734375 08 25 13
25.207031 14.6015625 08 25 13
24.925781 4.2890625 08 25 14
25.980469 4.5703125 08 25 14
26.613281 7.5234375 08 25 14
26.613281 7.5234375 08 25 14
24.503906 8.4140625 08 25 14
24.503906 8.4140625 08 25 14
24.503906 8.4609375 08 25 14
24.292969 10.0078125 08 25 14
25.839844 6.0234375 08 25 15
18.246094 7.0078125 08 25 16
12.972656 8.1328125 08 26 12
12.972656 8.1328125 08 26 12
34.628906 8.6484375 08 26 12
11.425781 6.5390625 08 26 13
12.339844 7.2421875 08 26 13
11.425781 6.5390625 08 26 13
30.550781 15.6796875 08 26 13
30.269531 15.8671875 08 26 14
24.925781 -31.804688 08 27 12
24.925781 -31.804688 08 27 12
25.910156 3.3515625 08 27 12
38.63672 6.1640625 08 27 12
38.91797 6.5859375 08 27 12
38.91797 6.5859375 08 27 12
25.347656 7.7109375 08 27 12
21.480469 7.5703125 08 27 12
25.417969 7.7109375 08 27 12
25.347656 7.7109375 08 27 12
22.675781 7.8046875 08 27 12
25.980469 8.3671875 08 27 12
21.480469 7.5703125 08 27 12
25.347656 7.7109375 08 27 12
25.347656 7.8046875 08 27 12
19.652344 8.4140625 08 27 12
23.730469 8.7890625 08 27 12
25.136719 7.9453125 08 27 12
23.308594 8.8359375 08 27 12
23.660156 8.7890625 08 27 12
25.980469 8.3671875 08 27 12
25.980469 8.3671875 08 27 12
23.660156 8.7890625 08 27 12
23.660156 8.7890625 08 27 12
39.128906 13.1015625 08 27 12
21.058594 14.4609375 08 27 12
21.058594 4.8515625 08 27 13
23.238281 14.5546875 08 27 13
30.339844 14.7890625 08 27 14
22.957031 14.5546875 08 27 14
20.917969 17.367188 08 27 14
20.917969 17.367188 08 27 14
20.917969 17.367188 08 27 14
24.222656 -28.851562 08 27 15
19.933594 4.5234375 08 27 15
28.371094 15.4453125 08 27 15
26.824219 -1.7578125 08 27 16
18.175781 4.8046875 08 27 16
22.183594 5.1796875 08 27 16
27.527344 -30.492188 08 28 12
28.511719 -29.882812 08 28 12
28.511719 -29.882812 08 28 12
22.183594 3.5390625 08 28 12
31.816406 5.1328125 08 28 12
33.01172 6.6796875 08 28 12
18.386719 6.6328125 08 28 12
33.152344 6.6796875 08 28 12
33.01172 6.6796875 08 28 12
12.621094 7.6640625 08 28 12
18.386719 6.7265625 08 28 12
14.519531 7.8515625 08 28 12
13.042969 8.2265625 08 28 12
13.042969 8.1796875 08 28 12
39.19922 7.9453125 08 28 12
39.19922 7.9453125 08 28 12
39.19922 7.9453125 08 28 12
39.19922 7.9453125 08 28 12
38.496094 8.9765625 08 28 12
38.70703 8.7890625 08 28 12
38.777344 8.9296875 08 28 12
28.511719 6.1171875 08 28 13
14.308594 6.7734375 08 28 13
20.917969 14.2734375 08 28 13
22.535156 14.5078125 08 28 13
24.714844 15.2109375 08 28 13
25.136719 15.8671875 08 28 13
30.832031 17.367188 08 28 13
30.832031 17.367188 08 28 13
29.917969 -28.476562 08 28 14
27.175781 7.9921875 08 28 14
24.644531 14.2265625 08 28 14
29.707031 -28.570312 08 28 15
12.691406 7.1953125 08 28 15
18.105469 14.2265625 08 28 15
18.105469 14.2265625 08 28 15
15.996094 2.7890625 08 29 12
14.449219 3.3046875 08 29 12
16.207031 2.5078125 08 29 12
16.066406 2.7421875 08 29 12
18.035156 4.2890625 08 29 12
16.136719 2.7421875 08 29 12
15.996094 3.6328125 08 29 12
15.996094 3.6328125 08 29 12
19.441406 3.4453125 08 29 12
14.589844 3.3515625 08 29 12
17.332031 4.1015625 08 29 12
23.730469 4.1015625 08 29 12
23.449219 4.1015625 08 29 12
10.652344 5.1796875 08 29 12
16.277344 5.3671875 08 29 12
24.785156 5.4140625 08 29 12
23.167969 5.5078125 08 29 12
10.511719 6.2578125 08 29 12
25.136719 6.1171875 08 29 12
16.207031 6.8671875 08 29 12
26.542969 7.1953125 08 29 12
24.855469 6.9609375 08 29 12
35.33203 7.3359375 08 29 12
24.855469 6.9609375 08 29 12
24.855469 6.9609375 08 29 12
24.855469 6.9609375 08 29 12
24.855469 7.0078125 08 29 12
35.33203 7.3359375 08 29 12
30.972656 8.0390625 08 29 12
24.574219 7.8046875 08 29 12
20.777344 14.2265625 08 29 12
30.621094 15.1171875 08 29 12
30.691406 15.1171875 08 29 12
30.621094 15.1171875 08 29 12
30.199219 11.2265625 08 29 13
29.074219 14.3671875 08 29 13
20.707031 -25.945312 08 29 14
21.410156 12.5859375 08 29 15
11.707031 3.3046875 08 29 16
8.894531 9.1640625 08 29 17
28.019531 -27.210938 08 30 12
29.847656 -0.9140625 08 30 12
9.035156 6.1640625 08 30 12
10.019531 6.2109375 08 30 12
10.863281 6.4453125 08 30 12
10.863281 6.4453125 08 30 12
7.2070312 6.9609375 08 30 12
25.980469 7.2421875 08 30 12
7.2070312 6.9609375 08 30 12
11.777344 7.4296875 08 30 12
12.339844 7.3359375 08 30 12
37.58203 8.7890625 08 30 12
38.566406 8.9296875 08 30 12
38.566406 11.5546875 08 30 12
39.128906 12.9609375 08 30 12
20.777344 5.7421875 08 30 13
14.589844 7.3828125 08 30 13
23.519531 7.4765625 08 30 13
19.511719 4.9921875 08 30 14
17.472656 5.0859375 08 30 14
18.949219 5.5546875 08 30 14
17.472656 5.0859375 08 30 14
24.714844 5.5078125 08 30 14
13.886719 5.2265625 08 30 17
24.011719 6.1640625 08 30 17
8.613281 7.6171875 08 30 17
29.214844 -27.257812 09 01 12
29.214844 -27.257812 09 01 12
30.480469 -27.023438 09 01 12
30.480469 -27.023438 09 01 12
29.214844 -27.257812 09 01 12
36.66797 1.0078125 09 01 12
36.66797 1.0078125 09 01 12
17.472656 3.3984375 09 01 12
14.097656 3.9609375 09 01 12
14.097656 3.9609375 09 01 12
35.753906 6.6328125 09 01 12
35.683594 6.6328125 09 01 12
35.753906 6.6328125 09 01 12
14.800781 7.2421875 09 01 12
14.449219 7.8515625 09 01 12
13.042969 8.5078125 09 01 12
38.496094 10.6640625 09 01 12
38.63672 12.3046875 09 01 12
28.089844 -29.789062 09 01 13
17.121094 0.0234375 09 01 13
18.316406 0.3984375 09 01 13
17.121094 0.0234375 09 01 13
18.316406 0.3984375 09 01 13
18.316406 0.3984375 09 01 13
17.332031 3.2109375 09 01 13
11.003906 6.4453125 09 01 13
41.23828 12.0234375 09 01 13
13.464844 12.4453125 09 01 13
13.605469 12.3984375 09 01 13
7.9804688 17.742188 09 01 13
18.949219 0.5390625 09 01 14
19.792969 4.3828125 09 01 14
12.550781 7.2421875 09 01 14
11.636719 12.5859375 09 01 14
14.871094 13.3359375 09 01 14
8.964844 13.9921875 09 01 14
11.988281 14.0390625 09 01 14
12.339844 15.6796875 09 01 14
17.542969 0.5859375 09 01 15
18.035156 1.9453125 09 01 15
17.964844 3.0703125 09 01 15
6.7148438 7.3828125 09 01 15
6.7148438 7.3828125 09 01 15
9.949219 11.1328125 09 01 15
12.199219 15.5859375 09 01 15
24.714844 -31.617188 09 01 16
24.714844 -31.617188 09 01 16
25.910156 -31.429688 09 01 16
27.386719 -30.679688 09 01 16
20.988281 -0.0703125 09 01 16
20.988281 -0.0703125 09 01 16
20.988281 -0.0703125 09 01 16
20.988281 -0.0703125 09 01 16
20.566406 2.2265625 09 01 16
7.3476562 8.0859375 09 01 16
3.4804688 10.6171875 09 01 16
27.386719 -28.570312 09 02 12
27.316406 -27.867188 09 02 12
27.316406 -27.867188 09 02 12
19.441406 -2.9765625 09 02 12
22.957031 -2.4609375 09 02 12
19.441406 -2.9296875 09 02 12
18.246094 -2.2265625 09 02 12
36.527344 1.1015625 09 02 12
21.621094 2.6015625 09 02 12
26.191406 2.8828125 09 02 12
29.636719 3.0234375 09 02 12
23.519531 3.3046875 09 02 12
29.636719 3.0234375 09 02 12
16.910156 3.1640625 09 02 12
16.066406 3.2109375 09 02 12
25.417969 3.2578125 09 02 12
23.519531 3.3046875 09 02 12
22.253906 4.1015625 09 02 12
23.449219 4.2421875 09 02 12
23.378906 4.2421875 09 02 12
31.042969 5.4140625 09 02 12
31.042969 5.4140625 09 02 12
32.51953 5.5546875 09 02 12
22.394531 7.4765625 09 02 12
22.394531 7.4765625 09 02 12
15.503906 7.7109375 09 02 12
4.6757812 8.0859375 09 02 12
5.5195312 7.5234375 09 02 12
4.6757812 8.0859375 09 02 12
5.5195312 8.5546875 09 02 12
5.5195312 8.6015625 09 02 12
5.5195312 8.6015625 09 02 12
5.5195312 8.6015625 09 02 12
39.26953 9.6328125 09 02 12
38.98828 12.3515625 09 02 12
38.98828 12.3515625 09 02 12
38.98828 12.4453125 09 02 12
3.7617188 12.6328125 09 02 12
3.7617188 12.6328125 09 02 12
3.7617188 12.6328125 09 02 12
5.3789062 12.7734375 09 02 12
4.1132812 12.8671875 09 02 12
5.3789062 12.7734375 09 02 12
5.3789062 12.7734375 09 02 12
5.3789062 12.7734375 09 02 12
5.3789062 13.0546875 09 02 12
20.707031 -0.4921875 09 02 13
20.707031 -0.4921875 09 02 13
26.753906 0.1640625 09 02 13
25.136719 0.4453125 09 02 13
21.058594 1.3359375 09 02 13
25.628906 -28.945312 09 02 14
25.628906 -28.945312 09 02 14
17.402344 2.4609375 09 02 14
18.175781 2.7890625 09 02 14
17.402344 7.1015625 09 02 14
27.457031 -30.398438 09 02 15
24.644531 4.8515625 09 02 16
2.2148438 7.6640625 09 02 16
17.050781 1.5234375 09 02 17
17.050781 1.5234375 09 02 17
17.683594 3.4921875 09 02 17
19.792969 4.6640625 09 03 12
30.761719 4.0078125 09 03 12
20.496094 4.8046875 09 03 12
24.574219 5.0859375 09 03 12
14.238281 5.8828125 09 03 12
31.394531 7.8984375 09 03 12
39.058594 10.7109375 09 03 12
24.152344 13.7578125 09 03 12
24.152344 7.7109375 09 03 13
10.722656 5.9296875 09 03 15
23.167969 7.1484375 09 03 15
25.839844 6.6796875 09 03 16
25.417969 7.5234375 09 03 17
33.36328 4.3359375 09 04 12
33.29297 4.3359375 09 04 12
29.496094 5.8828125 09 04 12
29.496094 5.8828125 09 04 12
22.113281 7.2890625 09 04 12
35.82422 8.1328125 09 04 12
36.035156 7.8515625 09 04 12
16.980469 4.6640625 09 04 13
17.121094 4.6171875 09 04 13
26.894531 8.6953125 09 04 13
18.597656 6.5390625 09 04 14
16.277344 7.8046875 09 04 14
19.722656 6.8203125 09 04 15
26.261719 -10.2421875 09 05 12
36.73828 -0.5859375 09 05 12
36.73828 -0.5859375 09 05 12
36.73828 -0.5859375 09 05 12
36.73828 -0.5859375 09 05 12
34.69922 1.7109375 09 05 12
34.69922 1.7109375 09 05 12
34.69922 1.7109375 09 05 12
34.69922 1.7109375 09 05 12
34.69922 1.7109375 09 05 12
18.105469 5.3203125 09 05 12
31.746094 7.5703125 09 05 12
31.746094 7.5703125 09 05 12
29.847656 7.6640625 09 05 12
29.636719 8.2734375 09 05 12
29.636719 8.2734375 09 05 12
24.855469 8.4140625 09 05 12
29.636719 8.2734375 09 05 12
31.464844 8.5078125 09 05 12
32.660156 8.8828125 09 05 12
32.660156 8.8828125 09 05 12
32.660156 8.8828125 09 05 12
34.558594 9.0234375 09 05 12
29.917969 9.2109375 09 05 12
32.660156 8.8828125 09 05 12
35.472656 9.5859375 09 05 12
35.472656 9.5859375 09 05 12
31.183594 11.0859375 09 05 12
27.457031 7.6640625 09 05 13
26.824219 7.7578125 09 05 13
26.824219 8.6015625 09 05 13
27.527344 9.2578125 09 05 13
38.98828 4.9453125 09 05 14
25.347656 6.5859375 09 05 14
22.464844 7.5703125 09 05 14
26.121094 7.8515625 09 05 14
36.45703 7.9453125 09 05 14
25.910156 7.8984375 09 05 14
24.292969 -8.8828125 09 06 12
26.332031 -7.0546875 09 06 12
17.472656 -3.2109375 09 06 12
17.472656 -3.2109375 09 06 12
30.199219 -0.3046875 09 06 12
30.199219 -0.3046875 09 06 12
37.089844 0.2109375 09 06 12
34.41797 1.7578125 09 06 12
34.41797 1.7578125 09 06 12
21.761719 5.1796875 09 06 12
38.847656 11.3203125 09 06 12
23.871094 14.1328125 09 06 12
23.871094 14.1328125 09 06 12
26.753906 -8.9296875 09 06 13
28.933594 14.4140625 09 06 13
23.308594 -10.2421875 09 06 14
25.347656 -9.9609375 09 06 14
17.472656 -2.1328125 09 06 15
24.363281 -7.9921875 09 06 16
24.152344 -7.8515625 09 06 16
10.300781 5.4609375 09 06 16
10.792969 5.5078125 09 06 17
18.386719 -9.0234375 09 07 12
18.105469 -6.8203125 09 07 12
23.097656 -6.9609375 09 07 12
18.105469 -6.8203125 09 07 12
19.160156 -6.0703125 09 07 12
17.894531 -5.6484375 09 07 12
17.824219 -5.4609375 09 07 12
17.824219 -5.4609375 09 07 12
23.589844 -5.3671875 09 07 12
13.464844 11.0390625 09 07 12
16.488281 7.5234375 09 07 13
13.675781 14.2734375 09 07 13
19.863281 -13.2890625 09 07 14
19.933594 -13.2890625 09 07 14
17.542969 7.4765625 09 07 14
15.363281 7.2890625 09 07 14
23.378906 8.5546875 09 07 14
23.378906 8.5546875 09 07 14
12.621094 10.2421875 09 07 14
13.464844 14.3671875 09 07 14
20.496094 -6.9609375 09 07 15
20.214844 8.6484375 09 07 15
10.722656 10.9453125 09 07 15
20.144531 -12.8203125 09 07 16
17.402344 -11.7421875 09 07 17
17.402344 -11.7421875 09 07 17
19.792969 -32.039062 09 08 12
22.324219 -30.257812 09 08 12
33.433594 10.0078125 09 08 12
30.550781 9.4453125 09 08 12
33.433594 10.0078125 09 08 12
2.8476562 10.1953125 09 08 12
2.8476562 10.1953125 09 08 12
17.332031 12.3046875 09 08 13
13.183594 13.1015625 09 08 13
11.847656 13.2421875 09 08 13
17.191406 11.0859375 09 08 14
15.574219 12.2109375 09 08 14
18.246094 12.4921875 09 08 14
21.761719 4.8515625 09 08 15
20.355469 -5.1796875 09 08 17
21.832031 -3.8671875 09 08 17
34.277344 1.2890625 09 09 12
32.80078 3.8203125 09 09 12
9.738281 6.0703125 09 09 12
10.371094 6.2109375 09 09 12
10.371094 6.2109375 09 09 12
10.160156 7.8046875 09 09 12
10.230469 7.9453125 09 09 12
10.371094 7.9921875 09 09 12
10.371094 7.9921875 09 09 12
10.371094 7.9921875 09 09 12
10.371094 8.0390625 09 09 12
9.878906 8.2265625 09 09 12
32.73047 13.8984375 09 09 12
19.371094 -5.4609375 09 09 14
31.113281 9.0703125 09 09 14
31.113281 9.1171875 09 09 14
12.902344 10.4296875 09 09 14
15.503906 -13.1015625 09 09 15
11.425781 11.7890625 09 09 15
27.457031 4.8046875 09 09 16
28.511719 -1.0078125 09 10 12
29.003906 0.0234375 09 10 12
29.003906 0.0234375 09 10 12
31.113281 5.2265625 09 10 12
31.394531 6.7265625 09 10 12
31.394531 6.7734375 09 10 12
14.519531 6.7265625 09 10 12
22.886719 7.8984375 09 10 12
24.855469 8.7890625 09 10 12
23.167969 8.7421875 09 10 12
36.246094 9.8203125 09 10 12
38.42578 10.9453125 09 10 12
38.496094 12.1640625 09 10 12
24.574219 12.5859375 09 10 12
38.777344 12.4453125 09 10 12
24.574219 12.5859375 09 10 12
39.128906 13.7109375 09 10 12
14.308594 12.3515625 09 10 13
19.300781 -5.2734375 09 10 14
24.855469 -0.9140625 09 10 14
22.042969 7.9921875 09 10 14
22.324219 -3.6328125 09 10 15
16.066406 6.4921875 09 10 15
23.660156 -0.6328125 09 10 16
13.957031 7.5234375 09 10 17
25.769531 2.5546875 09 11 12
25.769531 2.5546875 09 11 12
31.746094 5.9765625 09 11 12
28.582031 5.8828125 09 11 12
28.089844 6.6328125 09 11 12
28.089844 6.6328125 09 11 12
31.746094 6.7265625 09 11 12
38.14453 10.8515625 09 11 12
23.660156 13.4296875 09 11 12
24.996094 6.6328125 09 11 13
23.800781 7.0546875 09 11 13
23.800781 7.0546875 09 11 13
23.800781 7.0546875 09 11 13
23.800781 7.0546875 09 11 13
25.347656 7.7578125 09 11 13
29.285156 9.1640625 09 11 13
20.636719 7.6171875 09 11 16
39.058594 6.6328125 09 12 12
17.472656 7.0546875 09 12 12
35.121094 6.8671875 09 12 12
23.097656 7.1015625 09 12 12
39.058594 6.6328125 09 12 12
24.785156 7.5703125 09 12 12
13.042969 7.6640625 09 12 12
38.35547 7.8046875 09 12 12
38.35547 7.8046875 09 12 12
26.894531 8.5546875 09 12 12
33.785156 9.4453125 09 12 12
34.910156 9.8671875 09 12 12
33.785156 9.4453125 09 12 12
34.910156 9.8671875 09 12 12
31.957031 9.6328125 09 12 12
32.660156 10.3359375 09 12 12
29.425781 2.7890625 09 12 14
29.425781 2.7890625 09 12 14
28.019531 2.3671875 09 12 15
15.292969 5.4609375 09 12 15
26.191406 -0.4921875 09 12 16
15.292969 2.1328125 09 13 12
38.98828 6.5859375 09 13 12
23.730469 7.0546875 09 13 12
35.61328 7.1484375 09 13 12
35.61328 7.1484375 09 13 12
36.035156 7.8046875 09 13 12
23.730469 7.1015625 09 13 12
36.38672 7.2890625 09 13 12
36.10547 7.9453125 09 13 12
34.41797 8.6484375 09 13 12
34.41797 8.6484375 09 13 12
36.035156 8.6015625 09 13 12
23.871094 9.3046875 09 13 12
23.871094 12.8203125 09 13 12
14.871094 6.5859375 09 13 13
20.777344 11.5078125 09 13 15
29.144531 3.8671875 09 13 16
13.464844 6.6328125 09 13 17
18.175781 0.3046875 09 14 12
13.535156 8.8828125 09 14 12
39.19922 9.3046875 09 14 13
38.847656 11.9765625 09 14 13
39.48047 8.0859375 09 14 14
28.441406 -29.414062 09 15 12
26.683594 -28.945312 09 15 12
27.457031 -28.101562 09 15 12
28.511719 -28.617188 09 15 12
24.011719 -27.304688 09 15 12
23.941406 -26.835938 09 15 12
23.589844 -26.648438 09 15 12
23.871094 -26.789062 09 15 12
25.207031 -27.492188 09 15 12
24.996094 -26.835938 09 15 12
34.69922 6.1640625 09 15 12
34.69922 6.3046875 09 15 12
38.847656 9.5390625 09 15 12
38.847656 9.5390625 09 15 12
38.847656 9.5390625 09 15 12
39.058594 10.3828125 09 15 12
39.058594 10.3828125 09 15 12
23.941406 12.8203125 09 15 12
24.996094 12.4921875 09 15 12
23.941406 12.8203125 09 15 12
29.777344 4.5234375 09 15 13
29.777344 4.5234375 09 15 13
27.738281 6.0234375 09 15 13
18.667969 11.6015625 09 15 13
19.160156 10.7578125 09 15 14
40.88672 7.9921875 09 15 15
40.88672 7.9921875 09 15 15
35.33203 11.3203125 09 15 15
15.714844 12.3046875 09 15 16
25.628906 -24.539062 09 16 12
25.628906 -24.539062 09 16 12
36.94922 0.8203125 09 16 12
33.01172 2.1328125 09 16 12
16.488281 3.1640625 09 16 12
16.417969 3.1640625 09 16 12
26.824219 3.6796875 09 16 12
23.730469 6.4453125 09 16 12
22.464844 8.3203125 09 16 12
38.847656 10.4765625 09 16 12
16.980469 6.5390625 09 16 13
22.253906 8.5078125 09 16 13
22.605469 10.0546875 09 16 13
21.972656 12.4921875 09 16 13
14.589844 6.7734375 09 16 14
11.636719 7.0546875 09 16 14
13.535156 7.0546875 09 16 14
17.824219 10.4296875 09 16 14
15.574219 6.5390625 09 16 15
14.308594 7.9453125 09 16 15
15.996094 8.4140625 09 16 17
19.933594 -4.6171875 09 17 12
19.933594 -4.5703125 09 17 12
20.285156 -5.0859375 09 17 12
19.933594 -4.5703125 09 17 12
19.441406 -1.1953125 09 17 12
20.425781 -2.4609375 09 17 12
19.441406 -1.1953125 09 17 12
37.089844 8.1328125 09 17 12
36.73828 9.2109375 09 17 12
38.285156 8.9296875 09 17 12
36.73828 9.2109375 09 17 12
39.128906 10.2421875 09 17 12
38.91797 9.7265625 09 17 12
39.128906 10.2421875 09 17 12
37.23047 10.2890625 09 17 12
36.246094 11.0390625 09 17 12
28.792969 7.1484375 09 17 13
27.175781 9.3046875 09 17 13
28.371094 9.8671875 09 17 13
28.371094 9.8671875 09 17 13
38.285156 10.9921875 09 17 13
16.910156 -3.0234375 09 17 14
16.277344 5.6953125 09 17 14
22.324219 6.7265625 09 17 14
37.089844 13.1953125 09 17 14
36.45703 12.2109375 09 17 15
15.222656 0.1640625 09 17 16
36.316406 13.1953125 09 17 16
36.316406 13.1953125 09 17 16
16.488281 -5.0390625 09 17 17
24.996094 -8.4140625 09 18 12
24.996094 -8.4140625 09 18 12
28.722656 -1.9921875 09 18 12
29.847656 -1.6171875 09 18 12
36.597656 -0.4921875 09 18 12
36.808594 1.1953125 09 18 12
34.628906 1.7109375 09 18 12
12.832031 2.6484375 09 18 12
23.941406 3.8671875 09 18 12
32.378906 3.7265625 09 18 12
24.011719 4.0078125 09 18 12
33.57422 4.2890625 09 18 12
38.214844 9.3515625 09 18 12
38.214844 9.3515625 09 18 12
36.38672 9.8671875 09 18 12
36.38672 9.8671875 09 18 12
36.73828 10.7578125 09 18 12
36.66797 10.7578125 09 18 12
36.73828 10.7578125 09 18 12
36.66797 10.9921875 09 18 12
27.175781 9.2578125 09 18 13
25.628906 9.5390625 09 18 13
24.925781 9.7265625 09 18 13
26.542969 10.3828125 09 18 13
27.808594 11.3671875 09 18 13
29.847656 11.8359375 09 18 13
34.20703 2.6484375 09 18 14
23.097656 -7.2890625 09 18 15
27.808594 -1.7109375 09 18 15
27.949219 -0.7265625 09 18 15
34.628906 12.6796875 09 18 15
22.605469 -7.5234375 09 18 16
26.472656 8.3203125 09 18 17
35.472656 12.8671875 09 18 17
22.535156 -32.039062 09 19 12
24.292969 -32.039062 09 19 12
23.238281 -4.2421875 09 19 12
23.308594 -3.8203125 09 19 12
21.058594 -2.7890625 09 19 12
22.605469 -1.2421875 09 19 12
29.988281 -0.8203125 09 19 12
36.38672 0.9609375 09 19 12
36.38672 0.9609375 09 19 12
39.55078 8.2265625 09 19 12
37.01953 9.3046875 09 19 12
36.597656 9.3046875 09 19 12
37.371094 8.7890625 09 19 12
27.527344 10.6171875 09 19 12
27.667969 11.0390625 09 19 12
37.58203 10.3828125 09 19 12
39.128906 10.5703125 09 19 12
39.128906 10.5703125 09 19 12
38.42578 9.5859375 09 19 13
25.277344 10.5703125 09 19 13
21.199219 1.0078125 09 19 14
14.660156 6.9140625 09 19 15
16.980469 7.0078125 09 19 15
16.980469 7.0078125 09 19 15
16.980469 7.0078125 09 19 15
26.191406 8.5546875 09 19 15
2.4257812 23.882812 09 19 15
2.5664062 22.476562 09 19 16
21.691406 -27.914062 09 20 12
21.691406 -27.914062 09 20 12
28.089844 -1.2421875 09 20 12
32.941406 5.5078125 09 20 12
32.941406 5.5078125 09 20 12
32.941406 5.6015625 09 20 12
31.816406 6.5859375 09 20 12
28.160156 7.1953125 09 20 12
38.003906 8.5078125 09 20 12
37.933594 8.6015625 09 20 12
25.347656 8.6953125 09 20 12
25.066406 9.3515625 09 20 12
26.332031 9.5390625 09 20 12
38.98828 9.8203125 09 20 12
38.98828 10.4765625 09 20 12
23.800781 8.8359375 09 20 13
22.464844 8.4609375 09 20 13
24.292969 9.2578125 09 20 13
24.925781 10.2890625 09 20 13
26.613281 11.1328125 09 20 13
24.292969 -28.335938 09 20 14
15.644531 -11.6015625 09 20 14
25.628906 -0.3984375 09 20 14
14.660156 8.2265625 09 20 14
19.511719 10.0546875 09 20 14
28.582031 -0.8671875 09 20 15
25.277344 0.3984375 09 20 15
18.246094 9.4921875 09 20 15
18.175781 10.9453125 09 20 15
29.847656 3.8203125 09 20 16
28.933594 4.0078125 09 20 16
17.050781 9.5859375 09 20 16
38.214844 14.0859375 09 20 16
24.433594 1.5703125 09 20 17
28.652344 5.7890625 09 21 12
27.175781 7.8984375 09 21 12
27.175781 7.8984375 09 21 12
39.19922 7.9921875 09 21 12
24.011719 8.7890625 09 21 12
37.371094 9.0234375 09 21 12
38.496094 9.3515625 09 21 12
27.457031 10.1484375 09 21 12
30.832031 10.2890625 09 21 12
38.91797 10.6171875 09 21 12
38.777344 11.2265625 09 21 12
37.01953 11.0390625 09 21 12
15.574219 7.2890625 09 21 13
24.714844 10.0078125 09 21 13
18.035156 11.3671875 09 21 13
26.542969 11.1796875 09 21 13
30.339844 12.2578125 09 21 13
18.386719 12.3515625 09 21 13
30.480469 12.3046875 09 21 13
32.589844 13.8984375 09 21 13
38.70703 6.8203125 09 21 14
17.050781 7.8984375 09 21 14
17.050781 7.8984375 09 21 14
28.371094 10.7578125 09 21 14
16.207031 11.0859375 09 21 14
16.136719 9.3046875 09 21 15
19.863281 11.1328125 09 21 15
36.66797 -0.6796875 09 22 12
15.925781 1.9453125 09 22 12
32.660156 4.0078125 09 22 12
15.574219 7.1015625 09 22 12
16.347656 7.1484375 09 22 12
16.347656 7.1484375 09 22 12
38.98828 7.3828125 09 22 12
37.160156 8.9296875 09 22 12
38.91797 9.8671875 09 22 12
23.449219 10.5234375 09 22 12
37.51172 10.6171875 09 22 12
24.785156 11.2265625 09 22 12
37.441406 10.6171875 09 22 12
23.660156 10.1484375 09 22 12
38.777344 10.6640625 09 22 12
24.503906 10.7109375 09 22 12
24.574219 10.7109375 09 22 12
27.246094 11.5078125 09 22 12
27.246094 11.5078125 09 22 12
14.800781 5.2265625 09 22 13
14.097656 3.9609375 09 22 14
15.503906 1.5234375 09 23 12
26.121094 5.3671875 09 23 12
16.839844 5.6953125 09 23 12
16.769531 5.6484375 09 23 12
15.363281 5.8359375 09 23 12
13.464844 7.2890625 09 23 12
15.152344 1.2421875 09 23 13
11.355469 3.8203125 09 23 13
38.91797 9.6796875 09 23 13
25.628906 -10.1484375 09 23 14
11.988281 7.2421875 09 23 14
7.9804688 12.3515625 09 23 14
13.464844 1.7578125 09 23 15
12.550781 2.3671875 09 23 16
12.691406 3.3984375 09 23 16
12.691406 3.3984375 09 23 16
20.144531 -28.335938 09 24 12
19.019531 -27.398438 09 24 12
19.019531 -27.398438 09 24 12
19.019531 -27.398438 09 24 12
19.019531 -27.398438 09 24 12
18.246094 -26.085938 09 24 12
18.246094 -26.085938 09 24 12
18.246094 -26.085938 09 24 12
21.691406 -25.570312 09 24 12
29.777344 -0.8203125 09 24 12
18.105469 -1.9453125 09 24 12
15.855469 -1.1015625 09 24 12
15.785156 -1.1953125 09 24 12
19.652344 -0.4921875 09 24 12
14.941406 2.7890625 09 24 12
14.941406 2.8359375 09 24 12
14.941406 2.8359375 09 24 12
11.003906 6.9140625 09 24 12
13.605469 6.8203125 09 24 12
12.128906 7.2890625 09 24 12
12.832031 7.1484375 09 24 12
39.058594 9.7734375 09 24 12
39.058594 9.7734375 09 24 12
19.511719 9.4453125 09 24 13
19.511719 9.4453125 09 24 13
19.863281 10.4765625 09 24 13
21.902344 -29.179688 09 24 14
21.480469 -25.101562 09 24 14
18.597656 -10.5703125 09 24 14
22.324219 5.6484375 09 24 14
13.746094 5.6953125 09 24 14
13.746094 5.6953125 09 24 14
14.589844 6.7734375 09 24 14
14.589844 6.7734375 09 24 14
22.324219 8.4609375 09 24 14
22.746094 8.9765625 09 24 14
23.941406 8.6953125 09 24 14
22.746094 8.9765625 09 24 14
16.207031 10.8046875 09 24 14
16.207031 10.8046875 09 24 14
13.886719 12.4921875 09 24 14
22.394531 -29.601562 09 24 15
19.582031 4.5234375 09 24 15
17.894531 6.6796875 09 24 15
18.949219 8.9765625 09 24 15
22.957031 -30.492188 09 24 16
23.660156 -29.695312 09 24 16
16.488281 7.3359375 09 24 16
17.402344 8.6015625 09 24 16
17.402344 8.6015625 09 24 16
17.332031 8.6484375 09 24 16
26.332031 -30.210938 09 25 12
26.121094 -28.617188 09 25 12
28.863281 -28.195312 09 25 12
24.855469 -25.242188 09 25 12
30.058594 -0.3984375 09 25 12
36.527344 -0.4453125 09 25 12
30.058594 -0.3515625 09 25 12
32.097656 5.9296875 09 25 12
38.496094 8.7421875 09 25 12
7.1367188 10.0546875 09 25 12
7.9804688 9.2578125 09 25 12
38.70703 10.2890625 09 25 12
8.121094 9.4921875 09 25 12
7.1367188 10.0546875 09 25 12
37.30078 10.2421875 09 25 12
38.70703 10.3359375 09 25 12
23.800781 10.5234375 09 25 12
7.1367188 10.1015625 09 25 12
26.824219 -28.757812 09 25 13
25.769531 8.8828125 09 25 13
25.136719 10.1484375 09 25 13
25.136719 10.1484375 09 25 13
26.542969 10.2421875 09 25 13
25.136719 10.1484375 09 25 13
22.042969 -1.6640625 09 25 14
22.113281 -1.6640625 09 25 14
26.261719 10.0546875 09 25 14
28.722656 5.4140625 09 25 15
29.144531 5.6015625 09 25 15
15.152344 7.4765625 09 25 15
15.152344 7.4765625 09 25 15
25.699219 -27.679688 09 25 16
25.699219 -27.679688 09 25 16
28.371094 7.8984375 09 25 16
27.175781 7.9453125 09 25 16
29.566406 -1.1015625 09 26 12
29.144531 -0.1171875 09 26 12
27.105469 5.6484375 09 26 12
26.964844 6.4921875 09 26 12
26.472656 5.0390625 09 26 12
27.105469 5.6484375 09 26 12
38.07422 6.1171875 09 26 12
26.964844 6.6328125 09 26 12
11.707031 7.1015625 09 26 12
38.07422 6.1171875 09 26 12
27.527344 9.7734375 09 26 12
36.808594 9.3515625 09 26 12
38.63672 9.5390625 09 26 12
36.597656 9.4921875 09 26 12
38.63672 9.5390625 09 26 12
36.597656 9.4921875 09 26 12
36.66797 9.4921875 09 26 12
27.738281 9.8671875 09 26 12
36.597656 9.4921875 09 26 12
36.808594 9.3984375 09 26 12
26.191406 10.7109375 09 26 12
26.191406 10.7109375 09 26 12
20.847656 6.5859375 09 26 13
20.847656 6.5859375 09 26 13
20.777344 10.5234375 09 26 13
22.957031 5.9296875 09 26 14
23.167969 5.9765625 09 26 14
23.167969 5.9765625 09 26 14
21.972656 6.5859375 09 26 14
24.082031 8.2265625 09 26 14
24.082031 8.2265625 09 26 14
20.917969 9.6328125 09 26 14
31.113281 11.0390625 09 26 15
14.308594 0.8203125 09 26 16
24.082031 7.1953125 09 26 16
34.13672 1.3828125 09 27 12
38.63672 6.9609375 09 27 12
38.70703 6.9609375 09 27 12
14.167969 7.1953125 09 27 12
38.70703 6.9609375 09 27 12
38.847656 7.6640625 09 27 12
13.605469 7.2421875 09 27 12
15.714844 8.6015625 09 27 12
37.23047 8.6484375 09 27 12
15.714844 8.6953125 09 27 12
37.160156 9.0234375 09 27 12
15.714844 8.6953125 09 27 12
37.160156 9.0234375 09 27 12
28.511719 6.9140625 09 27 13
28.441406 6.9140625 09 27 13
30.410156 6.8671875 09 27 13
27.527344 7.1953125 09 27 13
28.582031 6.9140625 09 27 13
27.527344 7.1953125 09 27 13
28.019531 9.3046875 09 27 13
13.886719 10.7109375 09 27 13
29.355469 6.4453125 09 27 14
29.355469 6.4453125 09 27 14
29.355469 6.4453125 09 27 14
28.300781 8.0390625 09 27 14
24.855469 8.8828125 09 27 14
30.410156 11.9765625 09 27 14
30.410156 11.9765625 09 27 14
12.058594 12.7734375 09 27 14
16.910156 5.9296875 09 27 15
25.628906 8.8828125 09 27 15
30.480469 10.1484375 09 27 15
26.191406 9.6328125 09 27 15
30.480469 10.1484375 09 27 15
30.480469 10.1484375 09 27 15
18.878906 5.2265625 09 27 16
33.996094 8.1328125 09 27 17
37.01953 10.4296875 09 27 17
36.808594 10.9921875 09 27 17
13.957031 1.6171875 09 28 12
13.957031 1.6640625 09 28 12
40.04297 6.9140625 09 28 12
40.04297 6.9140625 09 28 12
38.91797 7.6171875 09 28 12
36.808594 7.8515625 09 28 12
2.1445312 8.2734375 09 28 12
37.371094 8.9765625 09 28 12
36.45703 10.9921875 09 28 12
29.355469 11.2265625 09 28 12
37.23047 13.2890625 09 28 12
16.839844 3.4453125 09 28 13
16.839844 3.4453125 09 28 13
22.886719 -4.4765625 09 29 12
16.277344 2.8359375 09 29 12
23.871094 3.4921875 09 29 12
12.128906 6.5390625 09 29 12
38.98828 6.3984375 09 29 12
12.480469 7.1953125 09 29 12
38.91797 7.0078125 09 29 12
12.480469 7.1953125 09 29 12
12.480469 7.1953125 09 29 12
13.535156 7.7109375 09 29 12
13.324219 7.3359375 09 29 13
14.238281 6.2109375 09 29 14
24.152344 8.6015625 09 29 14
26.894531 8.9296875 09 29 14
27.667969 6.4453125 09 29 15
24.082031 9.3984375 09 29 15
23.027344 -8.3203125 09 29 17
14.800781 6.5390625 09 29 17
28.089844 -20.273438 09 30 12
28.089844 -20.273438 09 30 12
23.097656 -12.3515625 09 30 12
18.457031 -7.6171875 09 30 12
17.472656 -7.7109375 09 30 12
18.457031 -7.6171875 09 30 12
18.457031 -7.6171875 09 30 12
17.472656 -7.7109375 09 30 12
15.644531 -5.2734375 09 30 12
34.910156 -4.0078125 09 30 12
16.347656 -3.5859375 09 30 12
17.472656 -1.1484375 09 30 12
17.472656 -1.1484375 09 30 12
17.613281 0.4453125 09 30 12
35.472656 1.3359375 09 30 12
33.29297 3.5859375 09 30 12
33.29297 3.5859375 09 30 12
32.80078 4.3359375 09 30 12
33.01172 4.3828125 09 30 12
37.652344 6.0234375 09 30 12
38.566406 7.1484375 09 30 12
38.566406 7.0078125 09 30 12
34.628906 7.3359375 09 30 12
38.98828 6.9140625 09 30 12
38.566406 7.1484375 09 30 12
35.683594 7.2890625 09 30 12
31.324219 7.2421875 09 30 12
35.683594 7.2890625 09 30 12
31.113281 8.3203125 09 30 12
36.94922 9.0703125 09 30 12
29.144531 9.3046875 09 30 12
25.066406 9.7734375 09 30 12
26.753906 10.6171875 09 30 12
36.527344 10.8515625 09 30 12
22.394531 11.3203125 09 30 12
30.480469 -19.664062 09 30 13
31.746094 5.7890625 09 30 13
32.80078 6.1171875 09 30 13
15.292969 6.6328125 09 30 13
13.675781 6.6796875 09 30 13
13.394531 7.7578125 09 30 13
28.371094 8.3671875 09 30 13
13.394531 7.7578125 09 30 13
28.371094 8.3671875 09 30 13
26.050781 9.3984375 09 30 13
14.238281 12.4921875 09 30 13
20.214844 -14.3203125 09 30 14
20.214844 -14.3203125 09 30 14
20.214844 -14.3203125 09 30 14
21.480469 -11.1328125 09 30 14
15.292969 -5.7421875 09 30 14
20.847656 4.3359375 09 30 14
20.847656 4.4296875 09 30 14
35.54297 5.6953125 09 30 14
12.621094 11.6015625 09 30 14
22.394531 -11.2265625 09 30 15
20.917969 6.1171875 09 30 15
20.917969 6.1171875 09 30 15
35.472656 6.5390625 09 30 15
15.996094 8.2734375 09 30 16
11.707031 9.8203125 09 30 16
24.855469 7.8515625 09 30 17
