23.519531 -25.429688 04 01 15
11.144531 4.6640625 04 01 15
12.410156 7.7109375 04 01 15
20.496094 -7.2890625 04 01 16
28.371094 -26.695312 04 02 12
22.253906 -25.664062 04 02 12
22.042969 -26.226562 04 02 12
26.332031 -25.804688 04 02 12
20.847656 -25.476562 04 02 12
26.332031 -25.804688 04 02 12
22.605469 -25.054688 04 02 12
22.605469 -25.054688 04 02 12
20.777344 -24.398438 04 02 12
25.066406 -24.960938 04 02 12
22.183594 -23.648438 04 02 12
15.433594 3.0703125 04 02 12
28.089844 18.492188 04 02 12
26.613281 -28.804688 04 02 13
23.097656 -27.585938 04 02 13
24.925781 -27.539062 04 02 13
20.214844 -23.273438 04 02 13
20.214844 -23.273438 04 02 13
19.371094 -22.757812 04 02 13
20.214844 -23.273438 04 02 13
19.371094 -22.757812 04 02 13
8.964844 9.2578125 04 02 13
14.871094 3.7734375 04 02 14
16.417969 4.0078125 04 02 14
19.300781 0.0234375 04 02 15
10.300781 6.3984375 04 02 15
7.2773438 8.4609375 04 02 15
8.683594 9.1640625 04 02 15
7.1367188 9.5390625 04 02 16
40.95703 2.1796875 04 02 17
25.488281 -30.210938 04 03 12
38.496094 -12.6796875 04 03 12
37.652344 -11.6015625 04 03 12
37.01953 -10.9921875 04 03 12
25.488281 -3.4453125 04 03 12
25.136719 -3.2578125 04 03 12
25.136719 -3.2578125 04 03 12
18.667969 -2.2734375 04 03 12
18.667969 -2.2734375 04 03 12
20.707031 -1.9453125 04 03 12
18.667969 -2.2734375 04 03 12
20.636719 -1.5234375 04 03 12
17.402344 -1.8046875 04 03 12
19.582031 -0.7734375 04 03 12
21.410156 -1.2421875 04 03 12
14.167969 2.4609375 04 03 12
14.238281 2.6015625 04 03 12
14.378906 2.7421875 04 03 12
11.917969 5.9296875 04 03 12
32.871094 19.289062 04 03 12
16.699219 -9.0703125 04 03 13
11.988281 -1.7109375 04 03 13
11.988281 -1.7109375 04 03 13
30.058594 -1.7109375 04 03 13
29.988281 -0.3515625 04 03 13
11.917969 4.3828125 04 03 13
13.464844 5.0390625 04 03 13
11.988281 4.3828125 04 03 13
13.464844 5.0390625 04 03 13
14.027344 6.4921875 04 03 13
30.621094 -25.476562 04 03 14
11.496094 -1.6640625 04 03 14
4.1132812 9.0234375 04 03 14
3.1992188 9.9140625 04 03 14
4.0429688 9.0234375 04 03 14
3.4804688 9.5390625 04 03 14
3.4804688 9.5390625 04 03 14
3.4804688 9.5390625 04 03 14
19.019531 0.2109375 04 03 16
11.355469 3.6796875 04 03 16
21.972656 -25.523438 04 03 17
20.285156 -23.695312 04 03 17
20.988281 -23.601562 04 03 17
20.988281 -23.601562 04 03 17
22.324219 -1.8984375 04 04 12
22.324219 -1.8984375 04 04 12
22.324219 -1.8984375 04 04 12
22.324219 -1.8984375 04 04 12
24.503906 0.9609375 04 04 12
17.753906 2.2734375 04 04 12
18.105469 1.8515625 04 04 12
38.285156 13.3359375 04 04 12
16.558594 -6.6328125 04 04 13
16.558594 -6.6328125 04 04 13
17.472656 -6.2578125 04 04 13
17.472656 -6.2578125 04 04 13
41.16797 2.3203125 04 04 13
35.753906 8.6484375 04 04 13
35.683594 8.6953125 04 04 13
35.61328 8.6953125 04 04 13
35.402344 9.3515625 04 04 13
31.957031 21.210938 04 04 13
38.847656 12.2109375 04 04 14
25.488281 3.1640625 04 04 15
38.496094 -14.6015625 04 04 17
7.4179688 6.3046875 04 04 17
28.230469 -26.601562 04 05 12
28.230469 -26.601562 04 05 12
27.457031 -26.132812 04 05 12
26.753906 -25.242188 04 05 12
26.753906 -25.242188 04 05 12
28.722656 -24.679688 04 05 12
26.753906 -25.242188 04 05 12
28.722656 -24.679688 04 05 12
26.402344 -23.976562 04 05 12
26.472656 -23.835938 04 05 12
26.472656 -23.835938 04 05 12
47.566406 -17.226562 04 05 12
13.816406 0.9609375 04 05 12
13.605469 1.0546875 04 05 12
14.097656 1.0078125 04 05 12
33.85547 1.4296875 04 05 12
13.605469 1.0546875 04 05 12
14.167969 1.0078125 04 05 12
14.871094 1.2890625 04 05 12
33.92578 1.4765625 04 05 12
33.85547 1.5234375 04 05 12
29.847656 6.6328125 04 05 13
29.917969 7.3828125 04 05 13
24.433594 -26.320312 04 05 14
23.097656 -25.992188 04 05 14
29.074219 5.7890625 04 05 14
27.105469 5.6953125 04 05 15
1.5117188 9.2578125 04 05 15
39.128906 7.1015625 04 05 16
18.175781 -1.8515625 04 05 17
23.449219 -23.179688 04 06 12
17.964844 -7.8515625 04 06 12
17.753906 -7.8515625 04 06 12
28.511719 -2.4140625 04 06 12
38.98828 -1.1953125 04 06 12
22.394531 -2.4609375 04 06 12
38.285156 -0.7734375 04 06 12
38.847656 -1.1953125 04 06 12
38.91797 -0.4453125 04 06 12
38.91797 -0.4453125 04 06 12
38.91797 -0.4453125 04 06 12
38.91797 -0.4453125 04 06 12
27.316406 4.0078125 04 06 12
27.316406 4.0078125 04 06 12
26.332031 3.2578125 04 06 12
27.316406 4.0078125 04 06 12
27.316406 4.0078125 04 06 12
28.511719 5.0859375 04 06 12
27.316406 4.0078125 04 06 12
28.511719 5.1796875 04 06 12
28.511719 5.1796875 04 06 12
22.324219 5.7890625 04 06 12
22.324219 5.7890625 04 06 12
36.38672 6.3046875 04 06 12
39.691406 6.8671875 04 06 12
34.628906 6.4921875 04 06 12
38.777344 7.1015625 04 06 12
41.44922 7.5703125 04 06 12
31.605469 8.4609375 04 06 12
39.55078 2.7890625 04 06 13
28.792969 6.6796875 04 06 13
25.699219 8.2265625 04 06 13
22.886719 -31.898438 04 06 14
22.886719 -31.898438 04 06 14
22.183594 -30.398438 04 06 14
19.652344 3.8203125 04 06 14
19.933594 4.6171875 04 06 14
19.933594 4.6171875 04 06 14
19.933594 4.6171875 04 06 14
21.972656 2.1328125 04 06 15
43.628906 3.7265625 04 06 15
23.871094 4.6640625 04 06 15
23.660156 7.4765625 04 06 15
37.23047 7.5703125 04 06 15
13.324219 -0.2109375 04 06 16
19.230469 1.6171875 04 06 16
24.855469 5.0390625 04 06 16
7.3476562 6.3046875 04 06 16
1.7929688 7.7109375 04 06 16
18.175781 -0.0234375 04 06 17
31.816406 6.7734375 04 06 17
21.761719 -13.2421875 04 07 12
21.761719 -13.2421875 04 07 12
22.605469 -5.0859375 04 07 12
21.902344 -1.6171875 04 07 12
15.082031 2.5546875 04 07 12
14.519531 1.9921875 04 07 12
41.51953 1.9921875 04 07 12
14.519531 1.9921875 04 07 12
14.519531 1.9921875 04 07 12
33.222656 2.4140625 04 07 12
15.925781 3.4921875 04 07 12
36.94922 7.6640625 04 07 12
38.35547 10.6640625 04 07 12
17.824219 -15.3046875 04 07 13
20.003906 -13.8515625 04 07 13
19.089844 -13.1953125 04 07 13
21.128906 -12.8203125 04 07 13
21.128906 -12.8203125 04 07 13
21.128906 -12.8203125 04 07 13
24.996094 -4.0078125 04 07 13
19.160156 -3.9140625 04 07 13
24.082031 -3.8671875 04 07 13
14.378906 -1.9921875 04 07 13
21.761719 -1.4765625 04 07 13
21.480469 -0.7734375 04 07 13
21.480469 -0.7734375 04 07 13
40.11328 2.9296875 04 07 13
41.589844 3.7265625 04 07 13
17.894531 4.1484375 04 07 13
20.496094 4.0546875 04 07 13
20.496094 4.0546875 04 07 13
16.699219 4.1484375 04 07 13
17.894531 4.1484375 04 07 13
20.496094 4.0546875 04 07 13
20.074219 5.6015625 04 07 13
20.777344 5.1796875 04 07 13
22.183594 5.3671875 04 07 13
20.074219 5.6015625 04 07 13
18.738281 6.0234375 04 07 13
21.902344 6.0234375 04 07 13
45.316406 7.3359375 04 07 13
16.910156 -15.8203125 04 07 14
21.972656 -6.3515625 04 07 14
21.972656 -6.3515625 04 07 14
15.152344 -3.4453125 04 07 14
15.152344 -3.4453125 04 07 14
20.285156 -3.0234375 04 07 14
24.222656 -2.6484375 04 07 14
21.199219 -1.3359375 04 07 14
21.691406 -0.2578125 04 07 14
21.902344 0.2578125 04 07 14
23.449219 1.3359375 04 07 14
28.792969 2.5078125 04 07 14
24.152344 -0.4453125 04 07 15
25.207031 0.5390625 04 07 15
11.496094 0.8671875 04 07 15
37.23047 9.9140625 04 07 15
25.980469 -2.6953125 04 07 16
24.292969 -1.3828125 04 07 16
24.292969 -1.3828125 04 07 16
36.38672 1.2890625 04 07 16
24.925781 2.0859375 04 07 16
2.7070312 8.1328125 04 07 16
17.542969 -14.0390625 04 07 17
24.925781 -0.3984375 04 07 17
24.925781 -0.3984375 04 07 17
39.48047 7.6640625 04 07 17
27.175781 -28.289062 04 08 12
26.964844 -27.773438 04 08 12
26.683594 -27.539062 04 08 12
23.730469 -26.789062 04 08 12
18.527344 -19.101562 04 08 12
18.386719 -19.101562 04 08 12
19.300781 -17.742188 04 08 12
19.371094 -15.5390625 04 08 12
19.371094 -15.5390625 04 08 12
19.441406 -13.0546875 04 08 12
20.917969 -12.7734375 04 08 12
19.441406 -13.0546875 04 08 12
19.441406 -13.0078125 04 08 12
20.636719 -10.9921875 04 08 12
20.636719 -10.9921875 04 08 12
44.05078 4.6171875 04 08 12
46.86328 8.9765625 04 08 12
46.79297 8.9765625 04 08 12
46.79297 8.9765625 04 08 12
47.35547 9.0234375 04 08 12
30.902344 12.1640625 04 08 12
18.527344 -15.5390625 04 08 13
17.261719 -14.4140625 04 08 13
15.925781 -12.4453125 04 08 13
37.58203 12.5859375 04 08 13
19.089844 -23.085938 04 08 14
16.699219 -18.679688 04 08 14
14.378906 -17.367188 04 08 14
16.558594 -20.601562 04 08 15
16.558594 -20.601562 04 08 15
15.785156 -19.148438 04 08 15
15.644531 -6.5859375 04 08 15
12.902344 0.8203125 04 08 15
11.917969 1.4765625 04 08 15
17.824219 0.3046875 04 08 16
13.535156 1.4765625 04 08 16
29.496094 8.2265625 04 08 16
34.69922 -4.0546875 04 09 12
16.558594 -3.2109375 04 09 12
16.347656 -3.0703125 04 09 12
15.714844 -2.8828125 04 09 12
16.558594 -3.0703125 04 09 12
14.730469 -2.0390625 04 09 12
15.433594 -2.2265625 04 09 12
12.691406 -2.4140625 04 09 12
15.011719 -0.9140625 04 09 12
12.691406 -2.4140625 04 09 12
15.011719 -0.9140625 04 09 12
38.91797 -0.9140625 04 09 12
14.027344 0.9609375 04 09 12
16.066406 0.5390625 04 09 12
39.902344 0.7734375 04 09 12
14.097656 1.0078125 04 09 12
13.183594 1.8515625 04 09 12
14.308594 1.0546875 04 09 12
14.660156 1.6171875 04 09 12
13.183594 1.8515625 04 09 12
16.277344 3.1171875 04 09 12
40.816406 1.9453125 04 09 12
12.902344 2.1328125 04 09 12
32.44922 4.0078125 04 09 12
29.777344 3.4453125 04 09 12
33.503906 4.0078125 04 09 12
14.378906 3.4453125 04 09 12
15.714844 4.8984375 04 09 12
26.683594 9.1640625 04 09 12
30.550781 8.5078125 04 09 12
26.683594 9.1640625 04 09 12
29.636719 9.7734375 04 09 12
25.628906 9.7734375 04 09 12
25.628906 9.7734375 04 09 12
25.628906 9.8203125 04 09 12
39.339844 10.4765625 04 09 12
39.339844 10.4765625 04 09 12
39.410156 10.4765625 04 09 12
17.964844 -24.351562 04 09 13
17.894531 -22.429688 04 09 13
16.488281 -22.570312 04 09 13
17.894531 -22.429688 04 09 13
28.652344 2.6953125 04 09 13
39.76172 12.7265625 04 09 13
18.175781 -23.835938 04 09 14
18.597656 -19.101562 04 09 15
18.386719 -15.9140625 04 09 15
18.386719 -15.9140625 04 09 15
42.57422 7.1015625 04 09 15
4.6757812 7.5703125 04 09 15
17.894531 -13.9921875 04 09 16
41.660156 8.1796875 04 09 16
7.5585938 6.7265625 04 09 17
16.066406 -22.664062 04 10 12
24.925781 -7.7578125 04 10 12
26.753906 -8.3203125 04 10 12
29.496094 -1.2890625 04 10 12
29.425781 -1.2890625 04 10 12
29.496094 -1.2890625 04 10 12
23.097656 -1.3828125 04 10 12
24.644531 -0.0234375 04 10 12
27.527344 0.2578125 04 10 12
22.886719 1.1015625 04 10 12
22.816406 1.1015625 04 10 12
27.175781 1.0078125 04 10 12
27.175781 1.0546875 04 10 12
17.472656 1.9921875 04 10 12
23.308594 3.6796875 04 10 12
20.988281 4.2890625 04 10 12
23.097656 3.7734375 04 10 12
25.628906 4.6171875 04 10 12
34.20703 6.6328125 04 10 12
43.98047 8.6015625 04 10 12
27.386719 9.2578125 04 10 12
39.691406 11.0390625 04 10 12
15.644531 -16.476562 04 10 13
16.628906 -14.5546875 04 10 13
35.964844 -2.5546875 04 10 13
22.675781 -1.4296875 04 10 13
18.949219 4.2421875 04 10 13
18.949219 4.3359375 04 10 13
15.222656 -18.914062 04 10 14
15.152344 -18.398438 04 10 14
15.152344 -18.398438 04 10 14
15.363281 -15.4453125 04 10 14
15.292969 -15.3984375 04 10 14
20.777344 0.9140625 04 10 14
39.76172 12.6796875 04 10 14
14.167969 -16.757812 04 10 15
13.746094 -4.3828125 04 10 15
11.636719 0.2109375 04 10 15
4.8164062 7.7109375 04 10 15
16.980469 -16.476562 04 10 16
17.121094 -16.429688 04 10 16
2.9179688 7.9921875 04 10 16
20.074219 -27.773438 04 10 17
13.535156 -3.5390625 04 10 17
16.628906 3.8203125 04 10 17
3.0585938 8.0390625 04 10 17
4.1132812 9.0703125 04 10 17
15.644531 -13.8046875 04 11 12
16.910156 -2.7890625 04 11 12
16.910156 -2.7890625 04 11 12
15.855469 2.2265625 04 11 12
46.30078 6.0234375 04 11 12
35.05078 6.2578125 04 11 12
35.05078 6.2578125 04 11 12
46.30078 6.1640625 04 11 12
32.80078 6.6328125 04 11 12
45.878906 7.3359375 04 11 12
46.51172 6.5390625 04 11 12
32.941406 6.8671875 04 11 12
34.69922 6.7734375 04 11 12
32.73047 6.8671875 04 11 12
32.097656 7.4296875 04 11 12
45.94922 7.0546875 04 11 12
32.941406 7.0078125 04 11 12
22.113281 7.9453125 04 11 12
23.941406 8.9296875 04 11 12
23.941406 8.9296875 04 11 12
39.691406 12.6796875 04 11 12
16.980469 -15.0703125 04 11 13
14.800781 -14.6953125 04 11 13
15.222656 1.5234375 04 11 13
15.222656 1.5234375 04 11 13
11.707031 5.5078125 04 11 13
47.777344 8.2734375 04 11 13
39.48047 11.9296875 04 11 13
17.261719 -16.007812 04 11 14
15.292969 -14.9296875 04 11 14
17.613281 1.3828125 04 11 14
13.042969 2.4609375 04 11 14
13.042969 2.4609375 04 11 14
20.847656 5.6484375 04 11 14
18.527344 -0.8671875 04 11 15
18.105469 -0.2578125 04 11 15
18.105469 -0.2578125 04 11 15
12.832031 2.9765625 04 11 15
21.621094 4.9921875 04 11 15
22.042969 6.5390625 04 11 15
26.402344 7.9921875 04 11 15
22.113281 3.3046875 04 11 16
20.003906 0.6328125 04 11 17
16.347656 -20.835938 04 12 12
16.347656 -20.789062 04 12 12
16.347656 -20.789062 04 12 12
37.23047 -6.6796875 04 12 12
24.292969 -2.8828125 04 12 12
16.558594 -2.7421875 04 12 12
24.292969 -2.8828125 04 12 12
30.058594 -0.3046875 04 12 12
30.058594 -0.3046875 04 12 12
29.214844 -0.1171875 04 12 12
34.13672 1.3828125 04 12 12
34.13672 1.3828125 04 12 12
34.13672 1.3828125 04 12 12
15.433594 1.8046875 04 12 12
19.160156 2.7890625 04 12 12
40.39453 3.5859375 04 12 12
40.11328 4.1953125 04 12 12
39.972656 4.0078125 04 12 12
38.496094 4.1015625 04 12 12
42.714844 5.4140625 04 12 12
42.714844 5.4140625 04 12 12
36.45703 6.0234375 04 12 12
36.45703 6.0234375 04 12 12
38.214844 6.2578125 04 12 12
37.51172 6.2109375 04 12 12
43.48828 7.4765625 04 12 12
43.48828 7.4765625 04 12 12
45.45703 7.2890625 04 12 12
45.597656 8.6484375 04 12 12
39.621094 10.4296875 04 12 12
39.621094 10.4296875 04 12 12
39.621094 10.4296875 04 12 12
35.54297 -7.9453125 04 12 13
35.54297 -5.5546875 04 12 13
36.597656 -5.6015625 04 12 13
22.535156 -2.0859375 04 12 13
23.589844 0.1640625 04 12 13
23.167969 1.1484375 04 12 13
17.050781 4.9453125 04 12 13
39.48047 5.2265625 04 12 13
17.050781 4.9453125 04 12 13
37.722656 5.4609375 04 12 13
45.45703 6.0234375 04 12 13
47.847656 9.7734375 04 12 13
39.76172 12.8203125 04 12 13
26.472656 -3.9609375 04 12 14
29.988281 3.7265625 04 12 14
17.402344 4.4765625 04 12 14
22.957031 8.4609375 04 12 14
20.566406 10.1953125 04 12 14
19.230469 5.8359375 04 12 15
22.042969 -7.4296875 04 12 16
25.558594 -4.6640625 04 12 16
12.550781 -1.4765625 04 12 16
12.550781 -1.4765625 04 12 16
11.988281 1.6171875 04 12 16
28.019531 2.2734375 04 12 16
33.64453 2.4140625 04 12 16
28.019531 2.3671875 04 12 16
26.894531 4.3828125 04 12 16
3.9023438 7.9921875 04 12 16
24.011719 8.3671875 04 12 16
21.199219 -25.476562 04 12 17
22.113281 -4.8046875 04 12 17
21.972656 -4.2421875 04 12 17
21.058594 -12.7265625 04 13 12
15.152344 -7.9453125 04 13 12
18.105469 -6.6328125 04 13 12
17.121094 -6.4453125 04 13 12
18.105469 -6.6328125 04 13 12
20.074219 -2.3671875 04 13 12
28.300781 -2.2734375 04 13 12
20.074219 -2.3671875 04 13 12
35.683594 -1.7109375 04 13 12
38.91797 -0.9609375 04 13 12
24.363281 2.6015625 04 13 12
23.660156 2.9765625 04 13 12
38.70703 3.3515625 04 13 12
38.70703 3.3515625 04 13 12
40.88672 5.4609375 04 13 12
40.746094 5.4609375 04 13 12
46.441406 5.5078125 04 13 12
29.074219 6.1171875 04 13 12
36.597656 6.0703125 04 13 12
38.42578 6.6328125 04 13 12
46.51172 5.5546875 04 13 12
34.13672 6.2578125 04 13 12
37.441406 6.2109375 04 13 12
34.13672 6.2578125 04 13 12
46.160156 6.6796875 04 13 12
34.910156 6.4921875 04 13 12
34.98047 6.7265625 04 13 12
33.92578 7.2421875 04 13 12
26.402344 7.9453125 04 13 12
47.003906 8.4609375 04 13 12
23.519531 8.9296875 04 13 12
38.496094 9.2578125 04 13 12
21.972656 10.0546875 04 13 12
15.996094 10.5234375 04 13 12
39.76172 10.9921875 04 13 12
17.121094 11.3203125 04 13 12
17.121094 11.3203125 04 13 12
39.48047 11.8359375 04 13 12
39.48047 11.8359375 04 13 12
8.050781 12.2109375 04 13 12
8.050781 12.2109375 04 13 12
8.050781 12.2109375 04 13 12
8.050781 12.2109375 04 13 12
16.699219 -11.4140625 04 13 13
17.613281 -7.7109375 04 13 13
15.996094 -6.6328125 04 13 13
15.996094 -6.6328125 04 13 13
15.996094 -6.6328125 04 13 13
24.152344 -3.7265625 04 13 13
24.152344 -3.7265625 04 13 13
22.253906 -3.7734375 04 13 13
23.730469 -3.6796875 04 13 13
20.988281 -2.5078125 04 13 13
43.839844 5.0390625 04 13 13
17.472656 6.3515625 04 13 13
18.597656 7.5703125 04 13 13
18.597656 7.5703125 04 13 13
24.222656 8.2265625 04 13 13
24.503906 8.5546875 04 13 13
24.503906 8.5546875 04 13 13
21.339844 11.8359375 04 13 13
29.917969 4.0078125 04 13 14
29.917969 4.1484375 04 13 14
14.589844 6.4453125 04 13 14
14.589844 6.4453125 04 13 14
43.839844 6.3046875 04 13 14
14.589844 6.4453125 04 13 14
20.355469 7.5703125 04 13 14
20.214844 7.5703125 04 13 14
20.074219 7.4296875 04 13 14
22.183594 8.0390625 04 13 14
28.019531 8.2265625 04 13 14
18.386719 7.8515625 04 13 14
14.519531 4.3359375 04 13 15
21.199219 5.4609375 04 13 15
21.199219 5.4609375 04 13 15
21.972656 6.5390625 04 13 15
21.832031 6.7265625 04 13 15
23.167969 7.1015625 04 13 15
24.082031 5.5078125 04 13 16
13.957031 5.5546875 04 13 16
24.855469 5.8359375 04 13 16
25.136719 5.9296875 04 13 16
42.996094 5.9765625 04 13 16
23.378906 6.3046875 04 13 16
45.38672 7.1484375 04 13 16
33.01172 3.7265625 04 13 17
26.542969 7.2421875 04 13 17
19.582031 -2.2734375 04 14 12
18.738281 -1.1015625 04 14 12
18.667969 -0.8203125 04 14 12
33.996094 2.2734375 04 14 12
38.42578 2.2265625 04 14 12
39.128906 3.6328125 04 14 12
39.902344 3.1171875 04 14 12
38.98828 2.8359375 04 14 12
39.19922 3.6328125 04 14 12
39.128906 3.6328125 04 14 12
39.128906 3.6328125 04 14 12
21.269531 5.5546875 04 14 12
21.269531 5.5546875 04 14 12
40.11328 6.4453125 04 14 12
29.777344 5.9296875 04 14 12
40.88672 6.8671875 04 14 12
31.042969 7.2421875 04 14 12
40.88672 6.8671875 04 14 12
32.941406 6.8671875 04 14 12
20.707031 6.9609375 04 14 12
22.042969 7.0546875 04 14 12
11.566406 7.2890625 04 14 12
26.894531 7.8046875 04 14 12
26.894531 7.8046875 04 14 12
31.042969 7.2421875 04 14 12
28.230469 8.3203125 04 14 12
43.628906 7.8515625 04 14 12
26.683594 8.2265625 04 14 12
18.597656 7.9921875 04 14 12
26.683594 8.2265625 04 14 12
18.597656 7.9921875 04 14 12
23.167969 8.6484375 04 14 12
28.230469 8.3671875 04 14 12
23.941406 8.7421875 04 14 12
28.371094 8.3671875 04 14 12
47.35547 8.4140625 04 14 12
23.238281 9.3984375 04 14 12
19.230469 8.6484375 04 14 12
28.230469 8.3671875 04 14 12
45.66797 8.4140625 04 14 12
27.667969 8.9765625 04 14 12
23.167969 9.4453125 04 14 12
28.089844 9.5390625 04 14 12
28.089844 9.5390625 04 14 12
28.089844 9.5390625 04 14 12
28.089844 9.5390625 04 14 12
28.089844 9.5390625 04 14 12
23.027344 9.3984375 04 14 12
19.089844 -10.8046875 04 14 13
17.964844 -10.1015625 04 14 13
15.011719 -8.7421875 04 14 13
30.128906 3.6796875 04 14 13
43.69922 3.6796875 04 14 13
27.808594 5.7421875 04 14 13
9.738281 6.0703125 04 14 13
38.07422 6.9609375 04 14 13
26.613281 8.0859375 04 14 13
15.644531 8.3671875 04 14 13
16.277344 8.6015625 04 14 13
16.980469 9.4921875 04 14 13
16.980469 9.4921875 04 14 13
17.332031 10.1953125 04 14 13
39.621094 11.1796875 04 14 13
39.48047 12.0703125 04 14 13
18.878906 -11.0390625 04 14 14
14.027344 -4.0546875 04 14 14
43.41797 3.3046875 04 14 14
39.19922 9.3515625 04 14 14
20.214844 -12.9609375 04 14 15
29.707031 -0.7734375 04 14 15
25.628906 7.6640625 04 14 15
33.64453 1.4765625 04 14 16
45.878906 6.3046875 04 14 17
22.886719 -24.820312 04 15 12
15.644531 -5.3671875 04 15 12
15.644531 -5.3671875 04 15 12
20.988281 -0.3515625 04 15 12
23.238281 0.0234375 04 15 12
23.238281 0.0234375 04 15 12
39.410156 3.6796875 04 15 12
39.19922 3.7734375 04 15 12
39.410156 3.6796875 04 15 12
39.410156 3.6796875 04 15 12
39.19922 3.7734375 04 15 12
39.48047 3.6796875 04 15 12
39.410156 3.6796875 04 15 12
39.76172 4.6171875 04 15 12
39.76172 4.6171875 04 15 12
14.378906 5.3671875 04 15 12
27.808594 5.9765625 04 15 12
28.441406 6.9609375 04 15 12
43.839844 6.9140625 04 15 12
45.94922 8.1796875 04 15 12
26.753906 8.0390625 04 15 12
22.957031 9.0703125 04 15 12
22.957031 9.0703125 04 15 12
22.957031 9.0703125 04 15 12
39.339844 10.4296875 04 15 12
39.339844 10.4296875 04 15 12
21.058594 -0.3515625 04 15 13
33.92578 1.6640625 04 15 13
33.08203 2.6953125 04 15 13
33.08203 2.6953125 04 15 13
37.722656 4.3359375 04 15 13
24.082031 6.5859375 04 15 13
27.105469 7.2421875 04 15 13
26.613281 7.8984375 04 15 13
13.675781 7.3359375 04 15 13
39.19922 9.2578125 04 15 13
16.558594 -13.4296875 04 15 14
13.957031 -2.6015625 04 15 14
13.957031 -2.6015625 04 15 14
13.957031 -2.6015625 04 15 14
12.339844 -1.7578125 04 15 14
21.480469 0.8203125 04 15 14
41.378906 0.8203125 04 15 14
21.480469 0.8203125 04 15 14
15.574219 3.2109375 04 15 14
18.878906 4.2890625 04 15 14
12.410156 4.4765625 04 15 14
19.863281 4.5234375 04 15 14
24.222656 6.0703125 04 15 14
17.402344 6.2109375 04 15 14
9.738281 6.5390625 04 15 14
17.824219 6.9609375 04 15 14
14.800781 6.9609375 04 15 14
16.699219 7.1484375 04 15 14
11.847656 7.2421875 04 15 14
18.738281 7.3359375 04 15 14
22.324219 7.9921875 04 15 14
28.160156 8.2265625 04 15 14
21.058594 8.5078125 04 15 14
22.113281 3.6796875 04 15 15
24.503906 4.2890625 04 15 15
24.503906 4.2890625 04 15 15
21.199219 4.6171875 04 15 15
22.324219 5.6015625 04 15 15
37.23047 5.6015625 04 15 15
17.191406 6.2109375 04 15 15
6.0820312 7.5703125 04 15 15
19.582031 7.8984375 04 15 15
45.527344 8.0390625 04 15 15
19.582031 7.8984375 04 15 15
20.917969 9.0703125 04 15 15
20.214844 1.7578125 04 15 16
19.089844 7.4765625 04 15 16
12.550781 2.9296875 04 15 17
12.550781 2.9296875 04 15 17
45.45703 4.5234375 04 15 17
45.597656 5.3203125 04 15 17
22.957031 -21.117188 04 16 12
18.878906 -13.8046875 04 16 12
18.878906 -13.8046875 04 16 12
17.824219 -11.9296875 04 16 12
17.824219 -11.9296875 04 16 12
19.300781 -2.2265625 04 16 12
22.253906 -0.9140625 04 16 12
21.269531 -0.9609375 04 16 12
21.269531 -0.9609375 04 16 12
23.941406 2.6953125 04 16 12
22.816406 2.3203125 04 16 12
38.91797 3.4453125 04 16 12
41.73047 3.0234375 04 16 12
38.91797 3.4453125 04 16 12
40.746094 3.5859375 04 16 12
40.816406 3.5859375 04 16 12
39.83203 4.5703125 04 16 12
41.941406 7.6640625 04 16 12
41.941406 7.6640625 04 16 12
6.5039062 7.4765625 04 16 12
46.86328 7.7578125 04 16 12
6.5039062 7.4765625 04 16 12
42.996094 8.4140625 04 16 12
22.675781 8.9296875 04 16 12
41.871094 9.3515625 04 16 12
21.058594 8.4140625 04 16 12
22.675781 8.9296875 04 16 12
41.871094 9.3515625 04 16 12
39.621094 10.9453125 04 16 12
39.621094 10.9453125 04 16 12
4.4648438 11.5078125 04 16 12
39.621094 10.9453125 04 16 12
4.5351562 12.0703125 04 16 12
4.5351562 12.1171875 04 16 12
4.5351562 12.1171875 04 16 12
4.9570312 12.5859375 04 16 12
5.8007812 13.1953125 04 16 12
20.636719 -13.0078125 04 16 13
16.558594 -11.6484375 04 16 13
20.214844 -10.4296875 04 16 13
36.316406 -8.8828125 04 16 13
16.347656 -3.3515625 04 16 13
41.16797 4.9921875 04 16 13
27.175781 6.2578125 04 16 13
29.074219 5.9765625 04 16 13
26.894531 6.3515625 04 16 13
29.074219 5.9765625 04 16 13
17.191406 6.7265625 04 16 13
39.19922 6.3046875 04 16 13
17.121094 6.8203125 04 16 13
17.191406 6.8203125 04 16 13
26.894531 6.3515625 04 16 13
14.097656 7.3828125 04 16 13
18.667969 7.4765625 04 16 13
31.113281 7.3828125 04 16 13
17.050781 7.7578125 04 16 13
24.574219 8.1796875 04 16 13
17.050781 7.7578125 04 16 13
19.371094 8.6015625 04 16 13
19.933594 8.8828125 04 16 13
20.636719 8.5546875 04 16 13
16.066406 -4.5234375 04 16 14
16.417969 -2.3671875 04 16 14
16.207031 -2.3203125 04 16 14
24.714844 4.2421875 04 16 14
40.04297 4.4765625 04 16 14
40.04297 4.5703125 04 16 14
16.699219 5.5546875 04 16 14
17.191406 6.0703125 04 16 14
17.332031 6.1640625 04 16 14
24.152344 5.8359375 04 16 14
38.214844 5.9765625 04 16 14
24.785156 6.5390625 04 16 14
35.26172 6.6328125 04 16 14
37.441406 6.8203125 04 16 14
23.519531 6.9609375 04 16 14
18.878906 -10.8046875 04 16 15
14.941406 -5.6484375 04 16 15
19.582031 1.5703125 04 16 15
14.308594 2.0390625 04 16 15
14.800781 2.6484375 04 16 15
20.496094 2.4609375 04 16 15
29.214844 3.3984375 04 16 15
23.800781 4.1015625 04 16 15
19.230469 4.9921875 04 16 15
22.886719 6.6328125 04 16 15
3.6210938 9.5390625 04 16 15
10.019531 15.0234375 04 16 15
18.597656 -13.2421875 04 16 16
30.972656 4.1484375 04 16 16
39.972656 8.2734375 04 16 16
5.3085938 8.6953125 04 16 16
3.5507812 9.6796875 04 16 16
16.277344 -12.6796875 04 16 17
16.910156 -10.2890625 04 16 17
18.386719 -12.7265625 04 17 12
19.511719 -10.8046875 04 17 12
19.230469 -10.7109375 04 17 12
19.230469 -10.7109375 04 17 12
21.550781 -10.0546875 04 17 12
20.496094 -9.8671875 04 17 12
20.285156 -9.9140625 04 17 12
20.496094 -9.8671875 04 17 12
22.183594 -8.9765625 04 17 12
19.019531 -6.1640625 04 17 12
19.019531 -6.1640625 04 17 12
13.746094 -4.5703125 04 17 12
14.378906 -4.2890625 04 17 12
26.613281 -3.3046875 04 17 12
38.496094 3.8671875 04 17 12
38.496094 3.8671875 04 17 12
21.128906 3.5859375 04 17 12
22.253906 4.8046875 04 17 12
22.324219 5.3203125 04 17 12
22.324219 5.3203125 04 17 12
42.92578 6.5390625 04 17 12
22.324219 5.3203125 04 17 12
22.464844 5.2265625 04 17 12
41.871094 5.9765625 04 17 12
42.36328 6.4921875 04 17 12
42.92578 6.5390625 04 17 12
41.871094 7.2890625 04 17 12
41.73047 7.2890625 04 17 12
11.003906 7.8046875 04 17 12
11.003906 7.8046875 04 17 12
11.003906 7.8046875 04 17 12
14.941406 8.5546875 04 17 12
39.19922 9.1640625 04 17 12
39.26953 9.1640625 04 17 12
39.26953 9.1640625 04 17 12
41.308594 9.3046875 04 17 12
28.441406 9.5859375 04 17 12
28.792969 10.1015625 04 17 12
39.621094 10.1953125 04 17 12
39.55078 11.4140625 04 17 12
39.55078 11.4140625 04 17 12
18.175781 -11.2734375 04 17 13
13.746094 -3.7265625 04 17 13
33.433594 2.0859375 04 17 13
31.253906 4.4296875 04 17 13
29.707031 5.3671875 04 17 13
29.636719 5.4140625 04 17 13
29.144531 6.4453125 04 17 13
31.253906 7.2421875 04 17 13
43.20703 7.4296875 04 17 13
28.582031 8.0390625 04 17 13
28.441406 7.9453125 04 17 13
5.4492188 8.7421875 04 17 13
30.902344 9.0703125 04 17 13
3.9726562 9.7265625 04 17 13
5.3085938 9.7734375 04 17 13
17.472656 9.7265625 04 17 13
19.863281 -4.8984375 04 17 14
31.816406 3.9140625 04 17 14
29.917969 3.8203125 04 17 14
37.652344 5.2734375 04 17 14
33.714844 5.8828125 04 17 14
27.527344 6.0703125 04 17 14
27.597656 6.0234375 04 17 14
16.558594 8.6015625 04 17 14
1.7226562 9.6328125 04 17 14
35.26172 -7.5234375 04 17 15
16.136719 -4.1953125 04 17 15
43.910156 7.2890625 04 17 15
42.08203 10.2890625 04 17 15
41.871094 9.3515625 04 17 16
11.074219 10.3359375 04 17 16
40.11328 9.1171875 04 17 17
18.949219 -9.9140625 04 18 12
17.753906 -7.5703125 04 18 12
17.753906 -7.5703125 04 18 12
15.785156 -4.0078125 04 18 12
16.699219 -3.5859375 04 18 12
28.933594 -0.3515625 04 18 12
39.26953 0.3984375 04 18 12
23.167969 1.8984375 04 18 12
24.855469 1.9453125 04 18 12
23.167969 1.8984375 04 18 12
23.097656 1.9453125 04 18 12
39.339844 3.4921875 04 18 12
23.378906 4.0546875 04 18 12
40.816406 4.5703125 04 18 12
40.816406 4.5703125 04 18 12
42.01172 5.7890625 04 18 12
38.496094 6.7734375 04 18 12
38.496094 6.8671875 04 18 12
38.63672 6.7734375 04 18 12
35.191406 6.8671875 04 18 12
35.191406 6.8671875 04 18 12
35.191406 6.8671875 04 18 12
38.35547 6.9140625 04 18 12
42.57422 7.3828125 04 18 12
2.9882812 7.8515625 04 18 12
2.9882812 7.8515625 04 18 12
2.9882812 7.8515625 04 18 12
30.269531 7.7578125 04 18 12
29.074219 7.8984375 04 18 12
41.44922 7.9921875 04 18 12
39.55078 9.6796875 04 18 12
42.36328 9.5390625 04 18 12
39.55078 9.7734375 04 18 12
39.621094 13.6171875 04 18 12
14.449219 -3.7734375 04 18 13
15.363281 -3.6328125 04 18 13
33.36328 2.5546875 04 18 13
41.44922 2.7890625 04 18 13
32.23828 3.7734375 04 18 13
37.722656 5.6015625 04 18 13
31.464844 5.9765625 04 18 13
28.511719 6.7734375 04 18 13
27.808594 8.6015625 04 18 13
13.605469 10.8515625 04 18 13
8.824219 11.2734375 04 18 13
13.605469 11.0390625 04 18 13
19.019531 -11.1328125 04 18 14
21.128906 -9.0234375 04 18 14
13.675781 -3.2109375 04 18 14
13.816406 -2.2734375 04 18 14
12.128906 -1.9921875 04 18 14
36.66797 7.0546875 04 18 14
20.917969 7.9453125 04 18 14
29.074219 8.3203125 04 18 14
41.73047 9.1171875 04 18 14
8.542969 10.1484375 04 18 14
16.699219 10.4296875 04 18 14
11.988281 11.4609375 04 18 14
12.902344 -2.2265625 04 18 15
43.20703 2.9765625 04 18 15
42.222656 3.7265625 04 18 15
29.777344 3.9609375 04 18 15
41.097656 5.6484375 04 18 15
9.597656 6.4921875 04 18 15
18.246094 7.4296875 04 18 15
18.667969 8.2265625 04 18 15
11.355469 9.4453125 04 18 15
15.082031 11.0390625 04 18 15
38.07422 -3.3984375 04 18 16
13.324219 7.8984375 04 18 16
3.8320312 10.4296875 04 18 16
11.074219 10.1953125 04 18 16
22.394531 7.1953125 04 18 17
18.597656 -11.2734375 04 19 12
17.683594 -10.7578125 04 19 12
22.183594 -5.7890625 04 19 12
36.035156 -3.8203125 04 19 12
28.230469 -2.4140625 04 19 12
28.300781 -2.4140625 04 19 12
28.300781 -2.4140625 04 19 12
28.300781 -2.2734375 04 19 12
28.722656 -1.7578125 04 19 12
14.097656 -0.3984375 04 19 12
37.722656 0.2578125 04 19 12
13.183594 -0.0234375 04 19 12
29.988281 -0.1640625 04 19 12
41.097656 0.8671875 04 19 12
41.097656 1.4765625 04 19 12
23.308594 1.5703125 04 19 12
41.51953 3.3515625 04 19 12
32.16797 4.1015625 04 19 12
39.691406 4.1484375 04 19 12
13.605469 4.0546875 04 19 12
39.410156 4.3359375 04 19 12
40.39453 4.8984375 04 19 12
40.95703 5.0390625 04 19 12
36.597656 6.0703125 04 19 12
36.597656 6.0703125 04 19 12
36.597656 6.0703125 04 19 12
41.308594 6.2109375 04 19 12
34.839844 6.9140625 04 19 12
31.605469 6.9140625 04 19 12
29.707031 6.3515625 04 19 12
31.535156 7.3359375 04 19 12
41.589844 6.4921875 04 19 12
41.660156 6.4921875 04 19 12
31.535156 7.3359375 04 19 12
41.871094 7.3359375 04 19 12
29.917969 7.5703125 04 19 12
41.871094 7.3359375 04 19 12
31.535156 7.3359375 04 19 12
39.48047 9.5390625 04 19 12
39.48047 9.5390625 04 19 12
41.660156 9.3984375 04 19 12
39.48047 9.5390625 04 19 12
39.48047 9.5859375 04 19 12
11.003906 9.8203125 04 19 12
39.55078 10.1015625 04 19 12
26.683594 -3.3984375 04 19 13
14.519531 -2.2734375 04 19 13
12.480469 -1.8515625 04 19 13
37.58203 -1.1484375 04 19 13
15.292969 -0.4921875 04 19 13
12.761719 1.0546875 04 19 13
11.847656 4.8515625 04 19 13
14.519531 5.4140625 04 19 13
14.589844 5.4140625 04 19 13
33.152344 6.8671875 04 19 13
26.964844 7.9921875 04 19 13
8.683594 9.9140625 04 19 13
8.683594 9.9140625 04 19 13
9.246094 11.3203125 04 19 13
21.832031 -22.945312 04 19 14
15.011719 -7.9921875 04 19 14
36.597656 -3.7265625 04 19 14
13.394531 -2.6015625 04 19 14
21.691406 5.4609375 04 19 14
17.121094 6.2578125 04 19 14
33.36328 6.1640625 04 19 14
17.121094 6.2578125 04 19 14
3.9726562 9.8203125 04 19 14
8.121094 11.2734375 04 19 14
39.55078 11.0390625 04 19 14
40.464844 0.0234375 04 19 15
33.433594 1.8984375 04 19 15
20.847656 1.8984375 04 19 15
12.199219 2.7890625 04 19 15
2.9179688 11.0859375 04 19 15
9.808594 11.7890625 04 19 15
24.503906 0.3984375 04 19 16
2.7773438 11.1328125 04 19 16
25.417969 -2.5546875 04 19 17
2.1445312 12.3046875 04 19 17
13.886719 -4.4765625 04 20 12
25.207031 -4.3359375 04 20 12
36.597656 -0.5390625 04 20 12
40.535156 0.1171875 04 20 12
29.847656 -0.2578125 04 20 12
39.410156 0.1640625 04 20 12
41.51953 2.6953125 04 20 12
41.51953 2.6953125 04 20 12
40.816406 3.5390625 04 20 12
16.136719 3.5390625 04 20 12
40.816406 3.5390625 04 20 12
24.082031 4.1484375 04 20 12
17.542969 3.7734375 04 20 12
39.691406 4.6171875 04 20 12
17.402344 4.0078125 04 20 12
19.160156 4.1484375 04 20 12
11.003906 4.8046875 04 20 12
39.691406 4.6171875 04 20 12
39.83203 4.5703125 04 20 12
19.371094 5.3671875 04 20 12
20.496094 5.1328125 04 20 12
25.136719 5.7421875 04 20 12
11.003906 4.8046875 04 20 12
16.488281 5.4609375 04 20 12
19.371094 5.3671875 04 20 12
25.136719 5.7421875 04 20 12
41.378906 6.6796875 04 20 12
17.332031 6.4921875 04 20 12
38.35547 6.3046875 04 20 12
41.51953 6.6328125 04 20 12
41.941406 7.3828125 04 20 12
35.33203 7.2421875 04 20 12
41.941406 7.3828125 04 20 12
43.277344 7.3359375 04 20 12
35.33203 7.2421875 04 20 12
4.6054688 9.3515625 04 20 12
39.410156 9.3515625 04 20 12
41.308594 8.9765625 04 20 12
4.6054688 9.3984375 04 20 12
4.6054688 9.3984375 04 20 12
4.5351562 9.5390625 04 20 12
5.7304688 10.5703125 04 20 12
5.7304688 10.5703125 04 20 12
15.785156 -20.648438 04 20 13
20.566406 -5.0859375 04 20 13
21.832031 -4.8984375 04 20 13
22.464844 -3.7734375 04 20 13
26.472656 -3.3984375 04 20 13
36.035156 -3.2109375 04 20 13
25.136719 -3.2109375 04 20 13
39.691406 2.2265625 04 20 13
40.746094 2.3203125 04 20 13
39.691406 2.2265625 04 20 13
41.378906 2.6484375 04 20 13
32.16797 3.9140625 04 20 13
29.496094 8.1796875 04 20 13
29.496094 8.1796875 04 20 13
23.238281 -25.617188 04 20 14
25.839844 -3.0234375 04 20 14
29.074219 2.8828125 04 20 14
6.9257812 12.3984375 04 20 14
6.3632812 13.0546875 04 20 14
36.878906 -5.2265625 04 20 15
36.878906 -5.2265625 04 20 15
41.73047 8.9765625 04 20 15
11.917969 11.0859375 04 20 15
11.285156 11.8359375 04 20 15
5.5898438 12.6328125 04 20 15
33.152344 1.9921875 04 20 16
40.816406 8.1328125 04 20 16
4.8867188 8.2734375 04 20 16
42.64453 8.7890625 04 20 16
3.3398438 11.9765625 04 20 16
26.402344 -2.6015625 04 20 17
14.660156 4.9453125 04 20 17
21.199219 7.8046875 04 20 17
24.503906 -25.570312 04 21 12
24.152344 -25.476562 04 21 12
23.167969 -25.054688 04 21 12
34.48828 -4.1484375 04 21 12
13.886719 -3.0234375 04 21 12
13.253906 -1.9453125 04 21 12
13.886719 -1.1484375 04 21 12
11.496094 0.7734375 04 21 12
30.199219 -0.6796875 04 21 12
24.714844 0.8203125 04 21 12
11.425781 0.9609375 04 21 12
13.675781 1.7109375 04 21 12
40.04297 2.4140625 04 21 12
39.83203 2.3203125 04 21 12
40.816406 2.2265625 04 21 12
41.589844 3.1171875 04 21 12
32.097656 3.4921875 04 21 12
40.32422 5.0390625 04 21 12
36.45703 5.6953125 04 21 12
28.933594 6.5859375 04 21 12
34.066406 6.0703125 04 21 12
34.066406 6.0703125 04 21 12
28.933594 6.5859375 04 21 12
35.472656 6.7265625 04 21 12
35.472656 6.7265625 04 21 12
39.621094 10.6640625 04 21 12
40.60547 11.2265625 04 21 12
39.621094 11.8828125 04 21 12
39.621094 11.8828125 04 21 12
39.902344 12.8671875 04 21 12
25.628906 -26.320312 04 21 13
36.45703 -3.5859375 04 21 13
15.011719 7.0546875 04 21 13
43.277344 7.6640625 04 21 13
19.089844 7.7578125 04 21 13
19.300781 8.8828125 04 21 13
29.214844 9.1171875 04 21 13
8.894531 9.3515625 04 21 13
8.964844 10.8515625 04 21 13
7.2773438 12.0234375 04 21 13
15.222656 -14.6953125 04 21 14
13.957031 5.6015625 04 21 14
17.050781 7.8984375 04 21 14
16.136719 7.9453125 04 21 14
14.660156 8.9296875 04 21 14
17.332031 9.1171875 04 21 14
12.410156 10.8984375 04 21 14
3.1289062 14.2734375 04 21 14
1.6523438 15.4453125 04 21 14
35.121094 -4.0546875 04 21 15
13.253906 4.0546875 04 21 15
22.535156 8.4140625 04 21 15
16.769531 9.9140625 04 21 15
3.6210938 11.3671875 04 21 15
5.1679688 11.9765625 04 21 15
6.0117188 12.4453125 04 21 15
3.8320312 15.7265625 04 21 15
3.8320312 15.7265625 04 21 15
9.949219 6.3515625 04 21 16
36.38672 -0.1640625 04 21 17
36.45703 -1.0078125 04 22 12
30.199219 -0.4921875 04 22 12
30.199219 -0.5390625 04 22 12
30.199219 -0.4921875 04 22 12
36.45703 -1.0078125 04 22 12
36.45703 -1.0078125 04 22 12
30.199219 -0.4921875 04 22 12
36.808594 -0.4921875 04 22 12
30.199219 -0.4921875 04 22 12
20.074219 1.9453125 04 22 12
18.667969 3.5390625 04 22 12
32.097656 4.1015625 04 22 12
32.16797 4.1953125 04 22 12
39.691406 4.8515625 04 22 12
40.816406 5.0390625 04 22 12
32.378906 4.8515625 04 22 12
45.035156 5.4140625 04 22 12
44.472656 6.4921875 04 22 12
35.26172 6.7265625 04 22 12
39.972656 6.5859375 04 22 12
43.839844 6.7265625 04 22 12
45.45703 6.7265625 04 22 12
44.472656 6.7734375 04 22 12
44.121094 7.6640625 04 22 12
43.277344 8.1796875 04 22 12
39.058594 8.9765625 04 22 12
5.6601562 10.8984375 04 22 12
6.5039062 10.8046875 04 22 12
5.7304688 10.9453125 04 22 12
39.48047 11.1328125 04 22 12
5.7304688 10.9453125 04 22 12
6.5742188 10.8046875 04 22 12
3.0585938 15.1640625 04 22 12
3.4804688 17.320312 04 22 12
15.222656 7.1953125 04 22 13
41.097656 0.9609375 04 22 14
15.152344 3.3515625 04 22 14
13.042969 3.3984375 04 22 14
13.042969 3.4453125 04 22 14
13.816406 5.0390625 04 22 14
13.816406 5.0390625 04 22 14
17.402344 -20.179688 04 22 15
27.527344 -0.7734375 04 22 15
13.113281 4.8046875 04 22 15
42.64453 7.3828125 04 22 15
42.57422 7.3828125 04 22 15
13.394531 0.3046875 04 22 16
18.738281 -2.0390625 04 23 12
17.964844 -3.6796875 04 23 12
15.855469 -2.4140625 04 23 12
17.894531 -1.8046875 04 23 12
17.894531 -1.7578125 04 23 12
36.66797 -0.7265625 04 23 12
37.371094 -0.3515625 04 23 12
41.589844 1.5703125 04 23 12
41.589844 1.5703125 04 23 12
41.589844 1.5703125 04 23 12
39.19922 2.9296875 04 23 12
37.933594 3.9140625 04 23 12
39.19922 2.9296875 04 23 12
38.07422 3.9609375 04 23 12
41.097656 3.8671875 04 23 12
40.535156 5.3203125 04 23 12
38.35547 6.6328125 04 23 12
42.92578 5.6015625 04 23 12
6.4335938 6.9609375 04 23 12
43.277344 6.0234375 04 23 12
35.82422 7.1953125 04 23 12
37.01953 7.0078125 04 23 12
40.39453 7.1015625 04 23 12
35.82422 7.1953125 04 23 12
44.26172 7.7578125 04 23 12
6.4335938 6.9609375 04 23 12
40.67578 7.2421875 04 23 12
44.26172 7.7578125 04 23 12
4.1132812 8.7421875 04 23 12
6.2929688 7.6171875 04 23 12
12.550781 7.8515625 04 23 12
47.214844 8.7890625 04 23 12
47.42578 8.7890625 04 23 12
4.1132812 9.6796875 04 23 12
47.214844 8.8359375 04 23 12
47.847656 8.9765625 04 23 12
4.7460938 9.9140625 04 23 12
4.7460938 9.9140625 04 23 12
4.7460938 9.9140625 04 23 12
17.261719 -20.601562 04 23 13
26.402344 -2.6484375 04 23 13
32.378906 4.6171875 04 23 13
32.378906 4.6171875 04 23 13
33.996094 5.8828125 04 23 13
33.996094 5.8828125 04 23 13
29.847656 6.2109375 04 23 13
40.39453 6.4453125 04 23 13
31.535156 6.6796875 04 23 13
30.550781 6.9140625 04 23 13
12.832031 6.9609375 04 23 13
11.917969 7.1953125 04 23 13
42.01172 7.1484375 04 23 13
21.621094 8.3671875 04 23 13
15.785156 -1.5703125 04 23 14
29.988281 3.4921875 04 23 14
39.058594 3.6796875 04 23 14
29.847656 5.9765625 04 23 14
31.605469 6.2578125 04 23 14
31.253906 -4.4296875 04 23 15
23.800781 0.9140625 04 23 15
29.917969 5.8359375 04 23 15
43.839844 7.0546875 04 23 15
22.886719 -6.5390625 04 23 16
14.941406 -1.5703125 04 23 16
45.94922 5.3203125 04 23 16
9.386719 10.3359375 04 23 16
16.910156 9.1640625 04 23 17
41.44922 10.4765625 04 23 17
17.613281 -11.2265625 04 24 12
17.613281 -11.2265625 04 24 12
17.613281 -11.2265625 04 24 12
25.980469 -7.1953125 04 24 12
31.535156 -4.3359375 04 24 12
34.20703 -4.2890625 04 24 12
31.535156 -4.3359375 04 24 12
34.628906 -4.2890625 04 24 12
31.535156 -4.3359375 04 24 12
22.183594 -0.6328125 04 24 12
34.628906 -4.2890625 04 24 12
39.410156 -0.1171875 04 24 12
40.464844 0.5859375 04 24 12
40.464844 0.5859375 04 24 12
40.464844 0.5859375 04 24 12
41.027344 1.5703125 04 24 12
41.027344 1.5703125 04 24 12
42.503906 2.0859375 04 24 12
41.378906 3.2578125 04 24 12
42.503906 2.0859375 04 24 12
41.378906 3.2578125 04 24 12
41.378906 3.2578125 04 24 12
43.98047 3.4921875 04 24 12
20.285156 3.4921875 04 24 12
43.98047 3.4921875 04 24 12
43.98047 3.4921875 04 24 12
43.839844 4.3359375 04 24 12
10.160156 6.1171875 04 24 12
43.839844 4.3359375 04 24 12
44.402344 4.8515625 04 24 12
10.160156 6.1171875 04 24 12
38.496094 6.2109375 04 24 12
38.496094 6.2109375 04 24 12
35.54297 7.1953125 04 24 12
35.54297 7.1953125 04 24 12
11.917969 7.3359375 04 24 12
39.83203 7.8515625 04 24 12
15.996094 -11.1328125 04 24 13
19.582031 -10.9453125 04 24 13
19.582031 -10.9453125 04 24 13
19.582031 -10.9453125 04 24 13
15.996094 -3.3515625 04 24 13
14.589844 -1.9453125 04 24 13
8.191406 23.601562 04 24 13
8.191406 23.601562 04 24 13
8.191406 23.601562 04 24 13
18.386719 -19.429688 04 24 14
16.628906 -4.9921875 04 24 14
16.628906 -4.9921875 04 24 14
16.628906 -4.9921875 04 24 14
18.105469 -2.2734375 04 24 14
16.347656 -1.6171875 04 24 14
37.160156 -1.5703125 04 24 14
33.85547 1.3359375 04 24 14
32.027344 5.1328125 04 24 14
32.027344 5.1328125 04 24 14
35.964844 6.6328125 04 24 14
21.761719 8.3671875 04 24 14
7.9804688 22.429688 04 24 14
18.738281 -21.164062 04 24 15
20.425781 0.6328125 04 24 15
20.285156 0.6328125 04 24 15
29.917969 3.3984375 04 24 15
33.222656 6.4921875 04 24 15
6.9257812 10.9921875 04 24 15
4.1835938 11.2265625 04 24 15
8.542969 22.804688 04 24 15
31.042969 -25.570312 04 24 16
19.792969 -10.0078125 04 24 16
19.792969 -10.0078125 04 24 16
14.871094 -6.5859375 04 24 16
17.753906 3.3046875 04 24 16
17.191406 6.1640625 04 24 16
17.261719 6.1640625 04 24 16
18.808594 6.7265625 04 24 16
2.4960938 11.2265625 04 24 16
20.566406 -22.664062 04 24 17
19.300781 0.0234375 04 24 17
7.9804688 7.2421875 04 24 17
12.058594 11.5546875 04 24 17
2.7070312 12.2109375 04 24 17
2.7070312 12.2109375 04 24 17
3.2695312 16.664062 04 24 17
8.191406 21.351562 04 24 17
24.433594 -32.226562 04 25 12
25.980469 -31.289062 04 25 12
24.785156 -29.507812 04 25 12
25.488281 -28.382812 04 25 12
25.488281 -26.695312 04 25 12
23.941406 -23.367188 04 25 12
46.089844 -22.898438 04 25 12
14.941406 -6.6796875 04 25 12
15.152344 -5.8359375 04 25 12
36.316406 -1.4296875 04 25 12
36.316406 -1.4296875 04 25 12
40.04297 -0.8203125 04 25 12
40.04297 -0.8203125 04 25 12
38.214844 -0.4453125 04 25 12
17.894531 -0.6328125 04 25 12
37.089844 -0.3984375 04 25 12
28.933594 -0.5859375 04 25 12
17.894531 -0.0234375 04 25 12
17.894531 -0.0234375 04 25 12
23.730469 2.6015625 04 25 12
23.730469 2.6015625 04 25 12
23.730469 2.6015625 04 25 12
38.98828 3.2109375 04 25 12
45.38672 6.7734375 04 25 12
38.70703 6.6796875 04 25 12
38.496094 6.6796875 04 25 12
45.38672 6.7734375 04 25 12
29.847656 7.1484375 04 25 12
38.496094 6.6796875 04 25 12
4.6757812 8.1328125 04 25 12
4.3945312 8.9765625 04 25 12
39.55078 7.8984375 04 25 12
6.7148438 8.6953125 04 25 12
13.675781 9.2109375 04 25 12
14.730469 9.3515625 04 25 12
12.410156 10.1484375 04 25 12
13.253906 10.4765625 04 25 12
13.253906 10.4765625 04 25 12
13.253906 10.4765625 04 25 12
12.972656 10.6640625 04 25 12
16.417969 11.8359375 04 25 12
15.503906 11.3671875 04 25 12
18.175781 -2.2265625 04 25 13
16.347656 -1.6171875 04 25 13
17.683594 -1.0078125 04 25 13
18.597656 -1.1484375 04 25 13
16.277344 -0.5390625 04 25 13
42.503906 2.1328125 04 25 13
41.44922 2.4140625 04 25 13
40.39453 4.3828125 04 25 13
38.35547 6.2578125 04 25 13
44.54297 8.0390625 04 25 13
23.589844 -24.867188 04 25 14
21.691406 -6.9140625 04 25 14
19.511719 -0.8671875 04 25 14
20.355469 -0.4453125 04 25 14
43.277344 7.7109375 04 25 14
1.5820312 12.7734375 04 25 14
21.761719 -23.132812 04 25 15
21.902344 -23.132812 04 25 15
19.230469 -21.304688 04 25 15
14.027344 -4.7578125 04 25 15
2.2148438 8.0859375 04 25 15
2.2148438 8.0859375 04 25 15
2.6367188 11.5078125 04 25 15
15.925781 -2.9296875 04 25 16
15.011719 -9.2109375 04 25 17
20.003906 -7.5234375 04 25 17
4.8867188 11.2265625 04 25 17
15.292969 -3.2109375 04 26 12
15.222656 -2.2265625 04 26 12
13.183594 -2.6484375 04 26 12
36.808594 -1.8046875 04 26 12
11.707031 1.3828125 04 26 12
11.707031 1.4296875 04 26 12
11.566406 1.6171875 04 26 12
40.816406 1.8046875 04 26 12
42.503906 2.3671875 04 26 12
40.11328 2.3671875 04 26 12
12.339844 1.9921875 04 26 12
38.214844 3.7265625 04 26 12
39.128906 4.8046875 04 26 12
39.48047 5.5078125 04 26 12
36.316406 5.5546875 04 26 12
39.128906 4.8046875 04 26 12
36.316406 5.5546875 04 26 12
38.42578 6.0703125 04 26 12
45.808594 5.5546875 04 26 12
11.847656 5.6015625 04 26 12
34.48828 6.0234375 04 26 12
43.98047 5.7890625 04 26 12
42.85547 5.7890625 04 26 12
36.316406 5.5546875 04 26 12
41.941406 6.0703125 04 26 12
34.48828 6.0234375 04 26 12
44.472656 7.3359375 04 26 12
46.58203 7.4296875 04 26 12
37.722656 -1.1015625 04 26 13
41.660156 3.0234375 04 26 13
42.01172 4.3359375 04 26 13
12.058594 4.8515625 04 26 13
43.839844 6.2109375 04 26 13
15.363281 -14.6484375 04 26 14
41.23828 4.8984375 04 26 14
12.832031 10.1015625 04 26 14
12.832031 10.1015625 04 26 14
45.45703 7.5703125 04 26 15
27.246094 7.9453125 04 26 15
47.777344 8.0390625 04 26 15
11.074219 9.6796875 04 26 15
24.152344 9.1640625 04 26 16
7.6992188 15.3515625 04 26 16
21.550781 -22.289062 04 26 17
20.566406 -9.5859375 04 26 17
16.699219 10.1484375 04 26 17
6.7851562 15.3515625 04 26 17
23.449219 -23.882812 04 27 12
22.816406 -22.945312 04 27 12
37.23047 -7.7109375 04 27 12
17.261719 -3.8203125 04 27 12
20.777344 -1.3359375 04 27 12
16.277344 -2.6953125 04 27 12
36.94922 -2.7421875 04 27 12
20.777344 -1.3359375 04 27 12
29.496094 -0.9609375 04 27 12
37.01953 -0.0234375 04 27 12
13.464844 2.0859375 04 27 12
39.26953 5.0859375 04 27 12
40.60547 5.2734375 04 27 12
38.07422 6.1640625 04 27 12
38.07422 6.1640625 04 27 12
38.07422 6.1640625 04 27 12
38.35547 6.2109375 04 27 12
35.191406 7.2890625 04 27 12
36.246094 7.3359375 04 27 12
37.23047 7.4296875 04 27 12
17.050781 9.0234375 04 27 12
6.8554688 9.8671875 04 27 12
38.70703 9.2109375 04 27 12
18.035156 10.2421875 04 27 12
16.558594 9.9609375 04 27 12
16.558594 9.9609375 04 27 12
3.1992188 9.5390625 04 27 12
17.894531 -19.617188 04 27 13
16.136719 -4.0546875 04 27 13
17.121094 1.2421875 04 27 13
17.121094 1.2421875 04 27 13
38.70703 2.9765625 04 27 13
32.308594 3.6328125 04 27 13
32.308594 3.6328125 04 27 13
28.933594 5.9296875 04 27 13
34.20703 6.1171875 04 27 13
21.550781 6.4453125 04 27 13
28.441406 7.1484375 04 27 13
13.816406 7.2421875 04 27 13
28.441406 7.1484375 04 27 13
27.808594 8.2265625 04 27 13
27.035156 8.3671875 04 27 13
27.105469 8.3671875 04 27 13
15.855469 9.9609375 04 27 13
2.9882812 10.4765625 04 27 13
10.300781 12.5390625 04 27 13
21.691406 -23.039062 04 27 14
18.808594 -21.351562 04 27 14
17.753906 -20.414062 04 27 14
15.011719 -8.5546875 04 27 14
17.050781 -1.3828125 04 27 14
18.316406 -1.3359375 04 27 14
18.246094 -0.6328125 04 27 14
18.246094 -0.6328125 04 27 14
13.394531 -0.3984375 04 27 14
39.48047 1.6171875 04 27 14
41.589844 2.6953125 04 27 14
41.589844 2.7421875 04 27 14
42.714844 2.7890625 04 27 14
12.691406 3.1171875 04 27 14
32.027344 5.6015625 04 27 14
19.160156 5.0859375 04 27 14
30.058594 5.2265625 04 27 14
31.675781 5.7890625 04 27 14
32.027344 5.6015625 04 27 14
27.949219 5.7890625 04 27 14
30.058594 5.2734375 04 27 14
26.824219 5.9765625 04 27 14
14.097656 6.2578125 04 27 14
31.886719 8.1328125 04 27 14
21.832031 9.3046875 04 27 14
2.2148438 9.8671875 04 27 14
25.839844 -26.648438 04 27 15
14.378906 2.9296875 04 27 15
40.60547 3.0703125 04 27 15
14.308594 2.9296875 04 27 15
29.707031 3.7734375 04 27 15
13.746094 3.4921875 04 27 15
24.644531 5.6953125 04 27 15
11.988281 0.4453125 04 27 16
23.097656 1.3828125 04 27 16
23.097656 1.3828125 04 27 16
18.457031 3.7265625 04 27 16
15.855469 3.4921875 04 27 16
18.457031 3.7265625 04 27 16
20.707031 4.1015625 04 27 16
22.113281 4.2890625 04 27 16
24.433594 4.4765625 04 27 16
25.558594 -28.148438 04 28 12
25.277344 -27.164062 04 28 12
26.261719 -27.070312 04 28 12
12.199219 -1.2890625 04 28 12
37.160156 -0.3515625 04 28 12
20.355469 4.8515625 04 28 12
18.597656 4.0546875 04 28 12
19.722656 4.1953125 04 28 12
17.472656 5.3671875 04 28 12
18.949219 6.8203125 04 28 12
21.410156 5.1328125 04 28 12
21.410156 5.1328125 04 28 12
21.058594 5.0390625 04 28 12
21.410156 5.1328125 04 28 12
17.472656 5.3671875 04 28 12
17.472656 5.3671875 04 28 12
21.410156 5.1328125 04 28 12
17.472656 5.3671875 04 28 12
22.253906 6.1171875 04 28 12
37.089844 5.8359375 04 28 12
21.480469 5.2734375 04 28 12
32.23828 5.8828125 04 28 12
38.14453 6.2109375 04 28 12
21.410156 6.3515625 04 28 12
32.23828 5.8828125 04 28 12
38.14453 6.2109375 04 28 12
22.253906 6.1640625 04 28 12
15.363281 5.6484375 04 28 12
32.23828 5.8828125 04 28 12
22.394531 6.3046875 04 28 12
14.941406 5.8359375 04 28 12
33.152344 6.7265625 04 28 12
21.410156 6.3515625 04 28 12
33.152344 6.7265625 04 28 12
34.558594 6.9140625 04 28 12
38.214844 6.2109375 04 28 12
15.925781 6.7265625 04 28 12
22.183594 6.3515625 04 28 12
33.152344 6.7265625 04 28 12
16.910156 6.6328125 04 28 12
40.39453 7.0078125 04 28 12
38.285156 6.5859375 04 28 12
40.39453 7.0078125 04 28 12
34.558594 7.0546875 04 28 12
7.1367188 7.1015625 04 28 12
7.4882812 7.8515625 04 28 12
10.511719 9.1640625 04 28 12
8.894531 9.9140625 04 28 12
8.964844 10.1015625 04 28 12
8.683594 9.7734375 04 28 12
8.753906 10.1484375 04 28 12
9.738281 10.7109375 04 28 12
9.738281 10.7109375 04 28 12
9.738281 10.7109375 04 28 12
34.628906 -4.1484375 04 28 13
31.816406 -4.1953125 04 28 13
35.89453 -3.7734375 04 28 13
4.1835938 10.1953125 04 28 13
5.0976562 10.2421875 04 28 13
14.378906 10.8984375 04 28 13
15.152344 11.3203125 04 28 13
24.996094 -24.632812 04 28 14
24.925781 -24.632812 04 28 14
29.003906 0.0703125 04 28 14
43.066406 5.2265625 04 28 14
44.191406 4.8515625 04 28 14
16.066406 11.6484375 04 28 14
15.925781 11.7890625 04 28 14
26.683594 -4.9453125 04 28 15
36.597656 -2.0859375 04 28 15
11.496094 -0.2578125 04 28 15
12.269531 0.8203125 04 28 15
5.9414062 7.5234375 04 28 15
20.847656 8.2265625 04 28 15
20.847656 8.2265625 04 28 15
20.847656 8.2265625 04 28 15
20.847656 9.1640625 04 28 15
22.605469 -3.3984375 04 28 16
4.7460938 7.8515625 04 28 16
33.08203 -4.7578125 04 28 17
43.347656 2.6953125 04 28 17
29.355469 -28.476562 04 29 12
30.058594 -28.054688 04 29 12
29.917969 -27.398438 04 29 12
31.675781 -4.0546875 04 29 12
31.675781 -4.0546875 04 29 12
14.941406 -2.5546875 04 29 12
14.941406 -2.5546875 04 29 12
24.082031 -0.8203125 04 29 12
15.433594 -2.0859375 04 29 12
24.082031 -0.8203125 04 29 12
25.136719 1.5703125 04 29 12
25.136719 1.5703125 04 29 12
24.714844 2.1796875 04 29 12
24.714844 2.1796875 04 29 12
25.910156 2.5078125 04 29 12
40.32422 2.7890625 04 29 12
38.847656 6.6328125 04 29 12
22.886719 7.0078125 04 29 12
37.58203 7.9921875 04 29 12
23.097656 7.9453125 04 29 12
23.449219 7.9921875 04 29 12
37.58203 7.9921875 04 29 12
10.441406 12.0234375 04 29 12
10.441406 12.0234375 04 29 12
10.441406 12.0234375 04 29 12
7.9101562 12.1640625 04 29 12
7.0664062 12.3515625 04 29 12
7.9101562 12.1640625 04 29 12
25.628906 -2.3203125 04 29 13
15.996094 7.9453125 04 29 13
21.761719 8.3671875 04 29 13
21.761719 8.3671875 04 29 13
19.160156 9.7265625 04 29 13
17.964844 10.1953125 04 29 13
19.089844 9.6796875 04 29 13
17.894531 10.1953125 04 29 13
20.847656 10.8984375 04 29 13
18.738281 11.0859375 04 29 13
15.503906 12.5390625 04 29 13
21.410156 14.5078125 04 29 13
21.410156 14.5078125 04 29 13
22.394531 15.0234375 04 29 13
13.886719 2.3203125 04 29 14
11.496094 3.8671875 04 29 14
24.433594 5.5078125 04 29 14
37.652344 5.8359375 04 29 14
7.4882812 9.3984375 04 29 14
22.042969 10.9453125 04 29 14
22.253906 10.9921875 04 29 14
22.324219 10.9453125 04 29 14
4.6054688 12.8671875 04 29 14
19.089844 -9.9140625 04 29 15
19.300781 -8.9296875 04 29 15
19.300781 -8.9296875 04 29 15
12.832031 -1.1015625 04 29 15
12.832031 -1.1015625 04 29 15
14.238281 2.1796875 04 29 15
44.683594 3.7734375 04 29 15
20.988281 7.4765625 04 29 15
9.878906 18.539062 04 29 15
16.347656 2.6484375 04 29 16
5.3085938 7.9453125 04 29 16
36.45703 -1.4296875 04 29 17
25.628906 10.0546875 04 29 17
25.699219 -3.8671875 04 30 12
35.753906 -3.2578125 04 30 12
35.753906 -3.2578125 04 30 12
35.61328 -3.2109375 04 30 12
19.089844 -1.9921875 04 30 12
19.089844 -1.9453125 04 30 12
19.089844 -1.9453125 04 30 12
21.832031 -0.2109375 04 30 12
37.933594 5.5546875 04 30 12
33.08203 5.0859375 04 30 12
37.79297 4.9921875 04 30 12
32.378906 6.4453125 04 30 12
41.51953 5.6484375 04 30 12
46.160156 5.6015625 04 30 12
41.51953 5.6484375 04 30 12
38.42578 6.4453125 04 30 12
41.16797 5.7890625 04 30 12
41.16797 5.7890625 04 30 12
32.378906 6.4921875 04 30 12
33.01172 7.1015625 04 30 12
32.378906 6.4921875 04 30 12
11.707031 8.2265625 04 30 12
38.42578 6.8671875 04 30 12
45.17578 7.5234375 04 30 12
11.496094 8.6953125 04 30 12
31.183594 8.0390625 04 30 12
45.035156 7.6640625 04 30 12
46.30078 9.0234375 04 30 12
11.636719 8.6484375 04 30 12
12.269531 9.0234375 04 30 12
13.605469 8.7890625 04 30 12
13.113281 10.8046875 04 30 12
25.769531 -6.6328125 04 30 13
35.402344 -3.5859375 04 30 13
46.160156 6.7265625 04 30 13
8.753906 9.3046875 04 30 13
8.753906 9.3984375 04 30 13
36.45703 -3.1171875 04 30 14
27.457031 6.6328125 04 30 14
28.582031 7.9453125 04 30 14
10.160156 9.2578125 04 30 14
25.488281 9.6328125 04 30 14
10.863281 10.6171875 04 30 14
3.4101562 11.0390625 04 30 14
1.8632812 11.0390625 04 30 14
3.4101562 11.0390625 04 30 14
2.7070312 12.0234375 04 30 14
22.464844 1.4296875 04 30 15
22.042969 2.5078125 04 30 15
22.746094 7.5234375 04 30 15
22.746094 7.5234375 04 30 15
6.2929688 8.3203125 04 30 15
36.45703 -5.8359375 04 30 16
24.714844 1.7109375 04 30 16
21.339844 2.5078125 04 30 16
21.902344 9.3046875 04 30 16
28.441406 10.5234375 04 30 16
10.582031 12.3515625 04 30 16
23.238281 17.601562 04 30 16
23.238281 17.601562 04 30 16
2.2148438 7.6640625 04 30 17
23.941406 -6.3046875 05 01 12
36.527344 -0.4453125 05 01 12
34.628906 1.6171875 05 01 12
33.08203 2.5078125 05 01 12
34.628906 1.6171875 05 01 12
13.675781 2.8359375 05 01 12
13.957031 4.2890625 05 01 12
40.04297 4.5234375 05 01 12
36.66797 6.2578125 05 01 12
38.285156 6.6328125 05 01 12
36.66797 6.2578125 05 01 12
39.128906 6.8203125 05 01 12
3.0585938 7.3828125 05 01 12
34.69922 7.1484375 05 01 12
34.69922 7.1484375 05 01 12
35.191406 7.9453125 05 01 12
29.214844 8.2734375 05 01 12
27.667969 9.1640625 05 01 12
21.691406 9.1640625 05 01 12
21.691406 9.1640625 05 01 12
22.886719 9.8203125 05 01 12
21.691406 10.6171875 05 01 12
29.707031 12.3515625 05 01 12
25.417969 1.5703125 05 01 13
29.777344 6.4453125 05 01 13
15.082031 7.2421875 05 01 13
13.675781 7.3828125 05 01 13
9.035156 9.8203125 05 01 13
20.496094 10.7578125 05 01 13
22.113281 -7.1484375 05 01 14
13.816406 -2.6015625 05 01 14
12.972656 -2.3671875 05 01 14
38.07422 4.4765625 05 01 14
17.261719 5.8359375 05 01 14
11.566406 7.2890625 05 01 14
30.902344 9.7734375 05 01 14
28.652344 10.5703125 05 01 14
15.363281 -9.0703125 05 01 15
18.597656 -8.9765625 05 01 15
18.597656 -8.9765625 05 01 15
22.464844 -6.0703125 05 01 15
22.253906 -5.5078125 05 01 15
22.253906 -5.5078125 05 01 15
23.519531 -4.7109375 05 01 15
23.378906 -3.9609375 05 01 15
23.378906 -3.9609375 05 01 15
23.308594 -3.9609375 05 01 15
22.886719 1.7578125 05 01 15
29.988281 3.5390625 05 01 15
22.253906 4.1015625 05 01 15
17.121094 6.8671875 05 01 15
5.5195312 9.5859375 05 01 15
2.6367188 10.2421875 05 01 15
2.6367188 10.2421875 05 01 15
5.0273438 11.0859375 05 01 15
21.199219 4.1953125 05 01 16
22.886719 4.8515625 05 01 16
3.9726562 8.8359375 05 01 16
3.9726562 9.6796875 05 01 16
20.988281 -5.7890625 05 01 17
24.503906 2.9296875 05 01 17
25.277344 3.3515625 05 01 17
11.707031 5.6953125 05 01 17
36.45703 -8.7421875 05 02 12
26.753906 -3.4921875 05 02 12
26.683594 -2.7890625 05 02 12
35.61328 -1.5234375 05 02 12
26.472656 -1.6640625 05 02 12
16.839844 2.3203125 05 02 12
38.566406 6.6796875 05 02 12
36.66797 6.0703125 05 02 12
36.66797 6.0703125 05 02 12
41.589844 6.2578125 05 02 12
38.566406 6.6796875 05 02 12
36.38672 7.1015625 05 02 12
35.683594 7.8515625 05 02 12
12.550781 8.7890625 05 02 12
11.496094 9.1640625 05 02 12
11.566406 9.1640625 05 02 12
11.214844 9.6796875 05 02 12
11.214844 9.6796875 05 02 12
12.339844 10.9453125 05 02 12
12.339844 10.9453125 05 02 12
12.339844 10.9453125 05 02 12
36.45703 -6.7265625 05 02 13
35.89453 -4.8046875 05 02 13
37.86328 4.2421875 05 02 13
39.621094 5.1796875 05 02 13
22.746094 5.1796875 05 02 13
40.88672 5.3203125 05 02 13
20.988281 5.8828125 05 02 13
24.714844 6.3046875 05 02 13
39.410156 6.7265625 05 02 13
7.4882812 7.5703125 05 02 13
7.4882812 7.5703125 05 02 13
24.714844 -2.0390625 05 02 14
15.433594 -0.5390625 05 02 14
17.753906 0.5859375 05 02 14
27.949219 2.1796875 05 02 14
39.19922 4.0546875 05 02 14
24.152344 5.2265625 05 02 14
35.683594 -7.8046875 05 02 15
27.316406 2.3203125 05 02 15
2.6367188 12.5390625 05 02 15
39.410156 4.3828125 05 02 16
21.339844 -1.7109375 05 02 17
35.33203 -7.8984375 05 03 12
20.214844 -3.3515625 05 03 12
19.792969 -3.0703125 05 03 12
37.652344 5.4140625 05 03 12
17.964844 8.6015625 05 03 12
30.269531 10.3359375 05 03 12
22.324219 12.3515625 05 03 12
23.519531 12.9609375 05 03 12
23.519531 12.9609375 05 03 12
37.722656 -8.2265625 05 03 13
25.277344 -5.6484375 05 03 13
25.277344 -5.6484375 05 03 13
19.371094 -0.8203125 05 03 13
16.769531 -9.5390625 05 03 14
16.769531 -9.5390625 05 03 14
35.683594 -3.0703125 05 03 14
45.808594 5.1796875 05 03 14
4.9570312 7.8515625 05 03 14
4.9570312 7.9453125 05 03 14
5.8710938 8.0859375 05 03 14
37.30078 -2.4609375 05 03 15
17.894531 -1.0546875 05 03 15
17.753906 -1.0546875 05 03 15
37.51172 0.4921875 05 03 15
37.51172 0.4921875 05 03 15
13.535156 3.5859375 05 03 15
20.496094 4.7109375 05 03 15
3.6914062 7.4296875 05 03 15
6.0117188 7.5703125 05 03 15
19.089844 4.2890625 05 03 16
3.6914062 8.9765625 05 03 16
45.246094 8.9765625 05 03 17
29.988281 -1.7109375 05 04 12
20.003906 0.8203125 05 04 12
29.988281 -1.7109375 05 04 12
11.917969 -1.5703125 05 04 12
19.511719 0.4453125 05 04 12
13.886719 0.3515625 05 04 12
20.003906 0.8203125 05 04 12
20.777344 0.7265625 05 04 12
14.660156 1.1015625 05 04 12
39.902344 4.4765625 05 04 12
31.675781 5.8828125 05 04 12
31.746094 5.8828125 05 04 12
39.128906 6.3984375 05 04 12
41.51953 5.9296875 05 04 12
38.285156 6.0703125 05 04 12
39.128906 6.3984375 05 04 12
6.3632812 6.9609375 05 04 12
39.19922 6.5390625 05 04 12
42.36328 7.3359375 05 04 12
42.36328 7.3359375 05 04 12
41.871094 7.6171875 05 04 12
36.38672 -2.3671875 05 04 13
11.285156 0.8671875 05 04 13
21.058594 2.7890625 05 04 13
18.457031 3.5390625 05 04 13
15.714844 3.6796875 05 04 13
15.644531 3.6796875 05 04 13
16.347656 3.5859375 05 04 13
14.589844 5.6015625 05 04 13
14.589844 5.6015625 05 04 13
13.816406 6.7265625 05 04 13
12.761719 -1.1953125 05 04 14
14.167969 -0.8671875 05 04 14
19.089844 1.3359375 05 04 14
19.582031 3.0234375 05 04 14
18.105469 3.5390625 05 04 14
17.261719 3.3046875 05 04 14
17.542969 5.9296875 05 04 14
24.433594 8.2265625 05 04 14
24.433594 8.2265625 05 04 14
23.800781 8.7421875 05 04 14
24.363281 8.2265625 05 04 14
25.910156 5.1328125 05 04 15
25.910156 5.1328125 05 04 15
14.730469 5.5078125 05 04 15
25.910156 5.1328125 05 04 15
24.574219 5.6484375 05 04 15
23.027344 8.2734375 05 04 15
1.7226562 9.3046875 05 04 15
1.5820312 9.2578125 05 04 15
1.9335938 10.1015625 05 04 15
1.6523438 11.3671875 05 04 15
2.3554688 12.0703125 05 04 15
15.433594 -8.3203125 05 04 16
15.433594 -8.2265625 05 04 16
15.433594 -8.2265625 05 04 16
15.433594 -8.2265625 05 04 16
12.339844 0.1171875 05 04 16
37.23047 0.6796875 05 04 16
14.167969 2.2734375 05 04 16
14.167969 2.2734375 05 04 16
23.167969 3.4453125 05 04 16
13.535156 3.4921875 05 04 16
23.519531 6.4921875 05 04 16
22.464844 6.5390625 05 04 16
19.230469 8.0859375 05 04 16
3.4101562 8.7890625 05 04 16
16.910156 11.8828125 05 04 16
27.457031 -0.4921875 05 04 17
21.832031 3.4453125 05 04 17
12.199219 4.6640625 05 04 17
12.199219 4.6640625 05 04 17
1.7929688 7.7578125 05 04 17
13.886719 14.2265625 05 04 17
28.441406 -2.4140625 05 05 12
29.917969 -1.0078125 05 05 12
29.917969 -1.0546875 05 05 12
29.144531 -1.2421875 05 05 12
29.917969 -1.0078125 05 05 12
29.917969 -0.9140625 05 05 12
28.722656 -0.1640625 05 05 12
34.066406 3.5859375 05 05 12
19.722656 5.1328125 05 05 12
21.199219 7.8515625 05 05 12
14.027344 7.9921875 05 05 12
40.816406 8.5078125 05 05 12
15.292969 10.5234375 05 05 12
9.316406 13.1015625 05 05 12
11.425781 -0.5859375 05 05 13
19.230469 1.4296875 05 05 13
17.824219 6.5390625 05 05 13
3.5507812 8.3671875 05 05 13
3.5507812 8.3671875 05 05 13
16.769531 9.4453125 05 05 13
16.769531 9.4453125 05 05 13
13.675781 -3.2109375 05 05 14
11.425781 -1.2890625 05 05 14
2.4257812 7.7109375 05 05 14
19.441406 9.7265625 05 05 14
18.878906 11.3203125 05 05 14
15.222656 -8.6015625 05 05 15
15.222656 -8.6015625 05 05 15
15.011719 -7.6640625 05 05 15
15.011719 -7.6640625 05 05 15
15.011719 -7.6171875 05 05 15
24.222656 -3.3984375 05 05 15
19.230469 6.6328125 05 05 15
10.582031 12.1171875 05 05 16
8.332031 12.7734375 05 05 16
31.324219 4.8984375 05 05 17
17.894531 10.5234375 05 05 17
10.652344 12.2578125 05 05 17
28.582031 -1.7109375 05 06 12
10.371094 6.3515625 05 06 12
10.371094 6.3515625 05 06 12
30.761719 7.6171875 05 06 12
39.621094 7.4296875 05 06 12
40.816406 8.3671875 05 06 12
18.527344 7.0078125 05 06 13
29.847656 7.4296875 05 06 13
17.613281 7.2421875 05 06 13
28.722656 -2.2265625 05 06 14
15.292969 -1.7109375 05 06 14
15.292969 -1.7109375 05 06 14
17.542969 6.1640625 05 06 14
17.542969 6.2578125 05 06 14
17.542969 6.2578125 05 06 14
16.558594 10.3828125 05 06 14
14.941406 10.6640625 05 06 14
17.894531 10.7109375 05 06 14
15.996094 -1.0546875 05 06 15
12.269531 11.1328125 05 06 15
10.371094 12.0703125 05 06 15
17.402344 4.6171875 05 06 16
5.3789062 11.8828125 05 06 16
15.292969 -8.8828125 05 06 17
22.253906 -2.2265625 05 06 17
17.332031 3.6328125 05 06 17
5.0273438 11.6015625 05 06 17
3.2695312 15.9140625 05 06 17
29.214844 -0.1640625 05 07 12
15.292969 0.4453125 05 07 12
29.285156 -0.1640625 05 07 12
15.222656 1.2421875 05 07 12
27.175781 2.6953125 05 07 12
22.113281 2.9296875 05 07 12
40.746094 7.0546875 05 07 12
10.371094 9.2109375 05 07 12
9.316406 9.7265625 05 07 12
9.316406 9.7265625 05 07 12
8.050781 11.1796875 05 07 12
17.542969 0.3515625 05 07 13
17.542969 0.3515625 05 07 13
18.105469 0.9140625 05 07 13
20.988281 4.1953125 05 07 13
20.917969 5.8359375 05 07 13
18.738281 6.4921875 05 07 13
19.300781 1.1484375 05 07 14
16.558594 1.6171875 05 07 14
20.355469 2.7421875 05 07 14
20.355469 2.7421875 05 07 14
20.847656 5.6953125 05 07 14
21.902344 5.7421875 05 07 14
21.832031 5.6484375 05 07 14
19.863281 5.7421875 05 07 14
21.832031 5.6484375 05 07 14
17.191406 6.4921875 05 07 14
21.832031 5.6953125 05 07 14
16.488281 6.3984375 05 07 14
19.511719 6.9140625 05 07 14
19.722656 9.5390625 05 07 14
11.285156 10.8046875 05 07 14
15.222656 -9.7734375 05 07 15
15.222656 -9.7734375 05 07 15
14.871094 -8.6015625 05 07 15
15.082031 -7.6640625 05 07 15
15.082031 -7.6640625 05 07 15
14.449219 -4.6171875 05 07 15
13.816406 -4.6171875 05 07 15
22.113281 -0.6796875 05 07 15
13.886719 2.7421875 05 07 15
14.378906 3.7265625 05 07 15
19.019531 4.5234375 05 07 15
15.363281 4.8984375 05 07 15
16.136719 5.0390625 05 07 15
19.019531 4.5234375 05 07 15
16.136719 5.0390625 05 07 15
19.019531 4.5234375 05 07 15
15.996094 6.0234375 05 07 15
21.550781 6.9609375 05 07 15
18.808594 -2.2734375 05 07 16
18.808594 -2.2734375 05 07 16
23.519531 2.5546875 05 07 16
24.433594 5.9765625 05 07 16
1.7226562 7.5703125 05 07 16
3.3398438 17.320312 05 07 17
21.550781 1.8046875 05 08 12
20.214844 1.8046875 05 08 12
21.550781 1.8515625 05 08 12
27.386719 2.6484375 05 08 12
26.683594 2.7421875 05 08 12
26.613281 2.7890625 05 08 12
33.714844 4.3828125 05 08 12
13.324219 4.5703125 05 08 12
27.878906 6.7734375 05 08 12
35.191406 7.1953125 05 08 12
36.38672 7.3359375 05 08 12
25.910156 6.9609375 05 08 12
35.191406 7.1953125 05 08 12
36.38672 7.3359375 05 08 12
24.855469 7.3828125 05 08 12
35.191406 7.1953125 05 08 12
29.144531 8.0390625 05 08 12
15.152344 -7.6171875 05 08 13
15.152344 -7.6171875 05 08 13
15.574219 -3.7265625 05 08 13
15.574219 -3.7265625 05 08 13
14.378906 0.7734375 05 08 13
30.761719 5.8828125 05 08 13
14.308594 7.3359375 05 08 13
14.308594 7.3359375 05 08 13
15.433594 -8.3671875 05 08 14
13.605469 7.3828125 05 08 14
15.785156 9.1640625 05 08 14
15.785156 9.1640625 05 08 14
15.433594 -9.4453125 05 08 15
13.886719 -2.2734375 05 08 15
21.832031 -1.8515625 05 08 15
32.941406 3.9609375 05 08 15
18.949219 6.8203125 05 08 15
11.425781 7.4296875 05 08 15
19.230469 9.3984375 05 08 15
17.261719 9.4453125 05 08 15
23.589844 -2.6015625 05 08 16
24.152344 -1.8515625 05 08 16
17.402344 6.0703125 05 08 16
17.402344 6.0703125 05 08 16
9.175781 6.3984375 05 08 16
15.855469 10.3828125 05 08 16
17.191406 5.7890625 05 08 17
6.2929688 7.8046875 05 08 17
21.621094 7.9453125 05 08 17
14.238281 9.1640625 05 08 17
10.300781 10.3828125 05 08 17
27.457031 -0.5390625 05 09 12
23.449219 9.3984375 05 09 12
1.6523438 8.7421875 05 09 12
24.433594 9.6328125 05 09 12
11.003906 -0.5390625 05 09 13
23.941406 4.9921875 05 09 13
20.847656 5.7421875 05 09 13
24.574219 6.4453125 05 09 13
24.574219 6.4453125 05 09 13
1.7929688 11.1328125 05 09 13
1.7929688 11.1328125 05 09 13
18.175781 -7.0078125 05 09 14
18.175781 -7.0078125 05 09 14
21.128906 4.1953125 05 09 14
24.785156 5.3671875 05 09 14
34.910156 6.0703125 05 09 14
3.0585938 12.4921875 05 09 14
15.011719 -7.2890625 05 09 15
11.777344 0.8671875 05 09 15
11.777344 0.8671875 05 09 15
12.058594 1.6640625 05 09 15
12.058594 1.6640625 05 09 15
27.457031 2.1796875 05 09 15
25.277344 3.9140625 05 09 15
19.089844 6.6796875 05 09 15
13.394531 7.1015625 05 09 15
19.089844 6.6796875 05 09 15
3.9023438 12.5859375 05 09 15
1.7226562 12.9609375 05 09 15
23.378906 0.8203125 05 09 16
25.980469 0.9140625 05 09 16
16.910156 5.2265625 05 09 16
18.808594 6.5390625 05 09 16
15.433594 3.0703125 05 09 17
24.644531 -0.5390625 05 10 12
14.589844 -0.5859375 05 10 12
14.589844 -0.5390625 05 10 12
28.792969 0.8203125 05 10 12
32.51953 4.1484375 05 10 12
33.57422 3.9140625 05 10 12
32.44922 4.1484375 05 10 12
33.64453 3.9140625 05 10 12
32.44922 4.1953125 05 10 12
9.035156 5.7890625 05 10 12
35.54297 6.1640625 05 10 12
33.85547 6.3515625 05 10 12
35.54297 6.1640625 05 10 12
8.261719 7.2421875 05 10 12
8.261719 7.2421875 05 10 12
16.769531 7.6171875 05 10 12
37.79297 7.6640625 05 10 12
16.769531 7.6171875 05 10 12
16.769531 7.6171875 05 10 12
37.79297 7.6640625 05 10 12
16.980469 8.6484375 05 10 12
21.269531 -1.5234375 05 10 13
14.027344 7.1953125 05 10 13
21.902344 -1.4765625 05 10 14
14.449219 6.3515625 05 10 14
14.449219 6.3515625 05 10 14
28.933594 3.2109375 05 10 15
28.933594 3.2109375 05 10 15
29.777344 3.7265625 05 10 15
19.019531 -3.8671875 05 10 16
19.019531 -3.8671875 05 10 16
4.3945312 12.5390625 05 10 16
15.785156 -2.3203125 05 10 17
2.2851562 11.6484375 05 10 17
4.0429688 12.4453125 05 10 17
19.582031 -5.6015625 05 11 12
26.613281 -1.6171875 05 11 12
28.933594 -0.3515625 05 11 12
28.933594 -0.3515625 05 11 12
26.683594 0.0703125 05 11 12
28.933594 -0.3515625 05 11 12
26.683594 0.0703125 05 11 12
25.769531 1.2890625 05 11 12
25.628906 1.6171875 05 11 12
25.628906 1.6171875 05 11 12
25.628906 1.6171875 05 11 12
25.769531 1.3359375 05 11 12
24.996094 1.8046875 05 11 12
33.57422 4.4765625 05 11 12
34.41797 5.8359375 05 11 12
33.92578 6.6328125 05 11 12
34.13672 6.2578125 05 11 12
35.05078 6.7734375 05 11 12
35.05078 7.6640625 05 11 12
27.035156 -1.3828125 05 11 13
22.183594 4.1015625 05 11 13
23.589844 7.9921875 05 11 13
24.292969 -1.4765625 05 11 14
24.152344 -1.3359375 05 11 14
24.152344 -1.3359375 05 11 14
25.488281 -0.0703125 05 11 14
19.511719 5.8359375 05 11 14
19.792969 7.0078125 05 11 14
21.691406 8.2734375 05 11 14
18.457031 7.8046875 05 11 14
21.269531 7.7578125 05 11 14
21.339844 7.7578125 05 11 14
3.1289062 10.6171875 05 11 14
21.761719 6.0234375 05 11 15
21.761719 6.0234375 05 11 15
23.097656 7.1484375 05 11 15
3.1992188 11.6015625 05 11 15
4.6054688 12.0234375 05 11 15
21.410156 5.1328125 05 11 16
18.457031 6.2109375 05 11 16
4.9570312 8.1328125 05 11 16
3.1992188 23.039062 05 11 16
17.261719 5.5546875 05 11 17
3.6914062 7.4296875 05 11 17
17.121094 6.6796875 05 12 14
16.699219 5.9296875 05 12 15
16.699219 5.9296875 05 12 15
16.699219 5.9296875 05 12 15
15.785156 3.0234375 05 12 16
21.410156 6.2109375 05 12 16
21.410156 8.1796875 05 12 16
32.44922 10.1484375 05 12 16
32.44922 10.1484375 05 12 16
23.027344 4.5703125 05 12 17
18.808594 6.2578125 05 12 17
37.371094 -0.1171875 05 13 12
35.54297 1.2421875 05 13 12
34.20703 3.4921875 05 13 12
33.57422 3.8203125 05 13 12
33.503906 3.8203125 05 13 12
32.660156 4.2421875 05 13 12
32.660156 4.2421875 05 13 12
37.722656 7.9453125 05 13 12
37.722656 7.9453125 05 13 12
33.29297 10.5703125 05 13 12
33.08203 13.3828125 05 13 12
33.08203 13.3828125 05 13 12
29.636719 5.7890625 05 13 13
30.058594 7.1015625 05 13 13
30.058594 7.1015625 05 13 13
29.777344 7.3828125 05 13 13
30.621094 3.7734375 05 13 14
15.503906 7.0078125 05 13 14
35.33203 7.8984375 05 13 14
17.332031 7.2421875 05 13 15
15.925781 3.6796875 05 13 16
17.613281 5.6953125 05 13 16
23.167969 -3.7734375 05 14 12
23.167969 -3.7734375 05 14 12
36.597656 -2.8828125 05 14 12
36.73828 -2.2734375 05 14 12
36.73828 -2.2734375 05 14 12
35.61328 -1.6171875 05 14 12
36.73828 -2.2734375 05 14 12
24.644531 -1.6640625 05 14 12
35.61328 -1.6171875 05 14 12
36.73828 -1.2890625 05 14 12
36.597656 -0.8671875 05 14 12
36.597656 -0.8671875 05 14 12
36.597656 -0.8671875 05 14 12
37.79297 0.3046875 05 14 12
29.144531 0.0234375 05 14 12
37.79297 0.3046875 05 14 12
29.144531 0.0234375 05 14 12
20.707031 0.3046875 05 14 12
29.144531 0.0234375 05 14 12
33.503906 3.6796875 05 14 12
18.667969 4.5703125 05 14 12
33.01172 3.7734375 05 14 12
22.113281 4.1953125 05 14 12
21.691406 5.0859375 05 14 12
19.792969 4.7578125 05 14 12
37.933594 5.4140625 05 14 12
36.38672 5.6015625 05 14 12
19.371094 5.3671875 05 14 12
36.035156 5.9765625 05 14 12
37.933594 5.4609375 05 14 12
32.941406 7.9921875 05 14 12
37.86328 5.5546875 05 14 12
31.957031 6.7734375 05 14 12
36.38672 6.3515625 05 14 12
32.941406 7.9921875 05 14 12
33.64453 9.6328125 05 14 12
32.660156 9.3515625 05 14 12
32.80078 9.3515625 05 14 12
34.48828 9.6796875 05 14 12
30.691406 9.3046875 05 14 12
32.660156 9.3984375 05 14 12
23.167969 -3.9140625 05 14 13
22.042969 -3.7734375 05 14 13
22.042969 -3.7734375 05 14 13
22.042969 -3.7734375 05 14 13
23.660156 -2.6953125 05 14 13
33.222656 2.6953125 05 14 13
38.003906 4.3828125 05 14 13
29.074219 8.2265625 05 14 13
29.144531 8.2734375 05 14 13
29.003906 8.4140625 05 14 13
29.847656 10.4765625 05 14 13
24.574219 -4.8984375 05 14 14
22.394531 -2.6484375 05 14 14
26.542969 -1.3828125 05 14 14
27.457031 -1.5703125 05 14 14
17.753906 3.6796875 05 14 14
30.902344 4.1484375 05 14 14
18.949219 6.6328125 05 14 14
29.917969 6.6796875 05 14 14
19.160156 7.8515625 05 14 14
27.246094 7.8515625 05 14 14
20.707031 8.3203125 05 14 14
19.511719 8.0390625 05 14 14
30.902344 8.2265625 05 14 14
19.511719 8.0390625 05 14 14
19.511719 8.0390625 05 14 14
19.511719 8.0390625 05 14 14
15.574219 -2.2265625 05 14 15
18.386719 6.3515625 05 14 15
16.628906 -2.8828125 05 14 16
5.5898438 7.5703125 05 14 17
16.207031 -0.1640625 05 15 12
16.207031 -0.1640625 05 15 12
15.503906 0.3984375 05 15 12
14.167969 3.3515625 05 15 12
14.167969 3.3515625 05 15 12
12.339844 4.6640625 05 15 12
14.167969 3.3515625 05 15 12
11.917969 3.7734375 05 15 12
14.167969 3.3515625 05 15 12
15.363281 3.4921875 05 15 12
12.761719 3.7734375 05 15 12
12.339844 4.6640625 05 15 12
12.339844 4.6640625 05 15 12
15.011719 4.4765625 05 15 12
15.222656 5.0390625 05 15 12
37.23047 5.5078125 05 15 12
37.23047 5.5078125 05 15 12
37.160156 5.5546875 05 15 12
22.535156 5.6953125 05 15 12
37.23047 5.5078125 05 15 12
26.191406 6.4921875 05 15 12
26.050781 6.9609375 05 15 12
22.816406 10.3828125 05 15 12
22.816406 10.3828125 05 15 12
22.957031 11.6484375 05 15 12
22.957031 11.6484375 05 15 12
22.957031 11.6484375 05 15 12
23.589844 -6.5390625 05 15 13
23.589844 -6.5390625 05 15 13
28.722656 -1.7578125 05 15 13
11.425781 2.9296875 05 15 13
15.363281 7.1484375 05 15 13
15.363281 7.1484375 05 15 13
14.238281 7.3828125 05 15 13
15.925781 7.8984375 05 15 13
18.597656 11.8359375 05 15 13
16.488281 6.4921875 05 15 14
16.488281 6.4921875 05 15 14
17.753906 8.2265625 05 15 14
19.441406 8.7421875 05 15 14
19.441406 8.7421875 05 15 14
19.441406 8.7421875 05 15 14
21.691406 10.2421875 05 15 14
20.285156 10.2421875 05 15 14
16.699219 10.4296875 05 15 14
17.894531 10.8984375 05 15 14
18.386719 11.0390625 05 15 14
18.457031 11.0390625 05 15 14
18.386719 11.0390625 05 15 14
18.738281 12.0234375 05 15 14
15.363281 -7.8515625 05 15 15
15.855469 -2.3203125 05 15 15
14.871094 -1.8984375 05 15 15
12.128906 -1.8984375 05 15 15
34.066406 2.4609375 05 15 15
9.878906 6.0234375 05 15 15
9.878906 6.0234375 05 15 15
11.847656 7.4765625 05 15 15
20.074219 10.2890625 05 15 15
16.699219 10.5234375 05 15 15
20.707031 6.5390625 05 15 16
15.363281 9.4921875 05 15 16
12.410156 -1.9453125 05 15 17
18.808594 1.7578125 05 15 17
3.8320312 7.8515625 05 15 17
3.1992188 10.3359375 05 15 17
4.1132812 10.8515625 05 15 17
7.2773438 10.8984375 05 15 17
3.1289062 10.3828125 05 15 17
20.988281 11.2265625 05 15 17
22.253906 0.5390625 05 16 12
23.871094 -0.1640625 05 16 12
22.253906 0.5390625 05 16 12
23.238281 0.9140625 05 16 12
24.363281 1.3828125 05 16 12
23.660156 1.8515625 05 16 12
24.292969 1.4765625 05 16 12
26.261719 2.8359375 05 16 12
26.261719 2.8359375 05 16 12
8.964844 6.6796875 05 16 12
7.9101562 7.5703125 05 16 12
3.9023438 10.0546875 05 16 12
5.0976562 10.2421875 05 16 12
14.238281 1.7578125 05 16 13
15.222656 1.7109375 05 16 13
14.238281 1.7578125 05 16 13
16.347656 4.8984375 05 16 14
15.152344 7.1953125 05 16 14
19.652344 3.1640625 05 16 15
17.753906 3.1640625 05 16 15
24.714844 3.7265625 05 16 15
18.105469 4.3828125 05 16 15
15.925781 5.9765625 05 16 15
16.769531 9.3984375 05 16 15
18.808594 9.5390625 05 16 15
17.824219 10.0546875 05 16 15
15.222656 10.2421875 05 16 15
20.917969 11.1796875 05 16 15
19.300781 11.0859375 05 16 15
15.433594 11.2734375 05 16 15
19.300781 11.0859375 05 16 15
20.917969 11.1796875 05 16 15
14.589844 -6.1640625 05 16 16
13.886719 -2.1328125 05 16 16
13.886719 -2.1328125 05 16 16
24.574219 9.1171875 05 16 16
2.3554688 10.9453125 05 16 16
11.777344 1.9921875 05 16 17
21.480469 8.3203125 05 16 17
14.871094 12.0234375 05 16 17
33.714844 2.7890625 05 17 12
32.16797 4.6640625 05 17 12
32.16797 4.6640625 05 17 12
32.16797 4.6640625 05 17 12
32.16797 4.6640625 05 17 12
32.51953 5.5546875 05 17 12
32.660156 6.2578125 05 17 12
32.871094 6.3515625 05 17 12
32.589844 6.2578125 05 17 12
32.660156 6.2578125 05 17 12
32.308594 6.2578125 05 17 12
4.3945312 9.5390625 05 17 12
21.199219 11.0859375 05 17 12
9.175781 11.6484375 05 17 12
9.175781 11.6484375 05 17 12
9.175781 11.6484375 05 17 12
23.871094 12.4921875 05 17 12
22.746094 -6.0234375 05 17 13
24.855469 -6.0234375 05 17 13
22.746094 -5.9765625 05 17 13
24.925781 -5.3671875 05 17 13
24.433594 -4.5703125 05 17 13
29.214844 0.0234375 05 17 13
14.660156 0.9609375 05 17 13
15.925781 0.9140625 05 17 13
15.925781 0.9140625 05 17 13
27.175781 7.7109375 05 17 13
27.457031 9.3984375 05 17 13
27.878906 10.1484375 05 17 13
12.691406 11.5078125 05 17 13
24.363281 -3.3515625 05 17 14
14.519531 1.0546875 05 17 14
16.980469 2.1796875 05 17 14
13.886719 2.4140625 05 17 14
17.121094 2.9765625 05 17 14
17.191406 3.1171875 05 17 14
27.878906 5.1328125 05 17 14
27.175781 5.4609375 05 17 14
15.574219 7.6171875 05 17 14
15.574219 7.6171875 05 17 14
5.5898438 11.6484375 05 17 14
5.5898438 11.6484375 05 17 14
5.5898438 11.6484375 05 17 14
23.941406 -4.7109375 05 17 15
3.6914062 10.7109375 05 17 15
11.988281 11.3203125 05 17 15
11.988281 11.4140625 05 17 15
11.988281 11.4140625 05 17 15
21.199219 -3.8671875 05 17 16
16.558594 4.9921875 05 17 16
20.566406 6.0234375 05 17 16
1.5820312 7.5234375 05 17 16
3.2695312 10.8046875 05 17 16
2.0742188 11.6015625 05 17 16
2.6367188 12.1171875 05 17 16
6.3632812 12.2578125 05 17 16
22.253906 -3.9140625 05 17 17
22.253906 -3.9140625 05 17 17
16.980469 9.1171875 05 17 17
21.691406 -5.6015625 05 18 12
21.691406 -5.6015625 05 18 12
28.652344 -2.0390625 05 18 12
28.652344 -1.9921875 05 18 12
29.355469 -1.8046875 05 18 12
29.355469 -1.8046875 05 18 12
29.355469 -1.8046875 05 18 12
36.66797 -0.8203125 05 18 12
36.66797 -0.8203125 05 18 12
36.66797 -0.8203125 05 18 12
19.582031 3.7734375 05 18 12
19.582031 3.7734375 05 18 12
20.496094 4.1015625 05 18 12
35.26172 6.1640625 05 18 12
12.761719 5.4140625 05 18 12
35.26172 6.2578125 05 18 12
11.214844 6.4921875 05 18 12
8.824219 7.7109375 05 18 12
39.410156 7.6171875 05 18 12
6.2929688 15.9140625 05 18 12
10.441406 5.1328125 05 18 13
6.9960938 6.0703125 05 18 13
28.863281 -0.6328125 05 18 14
33.714844 2.0859375 05 18 14
31.042969 7.8515625 05 18 14
13.816406 7.7578125 05 18 14
35.26172 8.0859375 05 18 14
25.488281 9.2578125 05 18 14
1.6523438 14.5078125 05 18 14
5.3789062 14.8828125 05 18 14
6.4335938 16.523438 05 18 14
19.300781 -5.2265625 05 18 16
1.7929688 9.6328125 05 18 16
2.6367188 10.0078125 05 18 16
9.035156 10.9921875 05 18 16
2.7070312 12.3515625 05 18 16
2.7070312 12.3515625 05 18 16
16.417969 -1.1015625 05 19 12
22.746094 3.7734375 05 19 12
22.746094 3.7734375 05 19 12
33.08203 4.0078125 05 19 12
22.746094 8.6484375 05 19 12
2.8476562 12.1171875 05 19 12
21.199219 7.7578125 05 19 13
19.371094 10.4296875 05 19 13
16.839844 1.4765625 05 19 14
15.785156 2.2734375 05 19 14
15.222656 7.3359375 05 19 14
15.222656 7.3359375 05 19 14
26.824219 7.8984375 05 19 14
16.628906 8.2265625 05 19 14
26.894531 9.0703125 05 19 14
24.996094 9.4921875 05 19 14
1.8632812 12.0234375 05 19 14
3.8320312 14.4140625 05 19 14
1.5117188 15.2109375 05 19 14
2.5664062 15.2109375 05 19 14
1.5117188 15.2109375 05 19 14
14.871094 -1.0078125 05 19 15
14.871094 -1.0078125 05 19 15
20.074219 5.1328125 05 19 15
30.550781 6.3046875 05 19 15
19.722656 6.8203125 05 19 15
4.1835938 14.7421875 05 19 15
21.269531 -4.5234375 05 19 16
27.457031 -3.4921875 05 19 16
20.355469 -3.0703125 05 19 16
23.730469 -2.1328125 05 19 16
14.519531 1.3359375 05 19 16
19.582031 3.4921875 05 19 16
16.839844 4.6171875 05 19 16
3.9023438 7.3828125 05 19 16
29.777344 -0.3046875 05 19 17
9.878906 5.6484375 05 19 17
16.910156 6.9609375 05 19 17
18.035156 9.0703125 05 19 17
19.511719 9.0703125 05 19 17
12.621094 1.3828125 05 20 12
12.550781 1.8984375 05 20 12
12.550781 1.8984375 05 20 12
26.121094 4.1484375 05 20 12
25.417969 3.9140625 05 20 12
27.597656 3.0234375 05 20 12
33.785156 3.6796875 05 20 12
25.417969 3.9140625 05 20 12
26.894531 5.6015625 05 20 12
22.886719 5.0390625 05 20 12
21.058594 6.7265625 05 20 12
21.058594 6.7265625 05 20 12
20.988281 6.7265625 05 20 12
7.5585938 7.9921875 05 20 12
14.097656 2.2734375 05 20 13
20.144531 5.6484375 05 20 13
24.855469 7.3828125 05 20 13
3.6914062 9.0703125 05 20 13
3.0585938 9.6328125 05 20 13
3.6914062 19.945312 05 20 13
24.644531 7.6640625 05 20 14
2.7070312 9.6796875 05 20 14
18.316406 9.8671875 05 20 14
14.308594 11.0859375 05 20 14
14.378906 11.1328125 05 20 14
28.792969 -0.4921875 05 20 15
28.792969 -0.4921875 05 20 15
28.792969 -0.4921875 05 20 15
2.7070312 17.789062 05 20 15
2.7070312 17.789062 05 20 15
15.082031 -2.0859375 05 20 17
14.730469 0.7734375 05 21 12
13.605469 0.9140625 05 21 12
16.488281 1.6640625 05 21 12
14.730469 0.7734375 05 21 12
14.730469 0.7734375 05 21 12
33.503906 4.1484375 05 21 12
32.660156 3.8671875 05 21 12
33.503906 4.1484375 05 21 12
33.996094 3.8203125 05 21 12
33.433594 4.1484375 05 21 12
17.613281 6.9609375 05 21 12
13.816406 0.0703125 05 21 13
32.73047 4.6171875 05 21 13
8.824219 9.2578125 05 21 14
8.824219 9.2578125 05 21 14
13.464844 10.6171875 05 21 14
12.058594 -2.3671875 05 21 15
11.496094 0.3046875 05 21 15
19.863281 9.1171875 05 21 15
1.5117188 12.2578125 05 21 15
17.402344 -1.7109375 05 21 16
19.371094 4.9921875 05 21 16
2.8476562 9.5859375 05 21 16
3.6914062 7.3828125 05 21 17
11.144531 11.2265625 05 21 17
14.308594 11.5078125 05 21 17
4.0429688 13.3828125 05 21 17
29.988281 -1.4765625 05 22 12
29.988281 -1.4765625 05 22 12
30.058594 -1.4765625 05 22 12
36.66797 -0.7734375 05 22 12
29.847656 -1.0078125 05 22 12
26.121094 1.1484375 05 22 12
27.246094 1.8515625 05 22 12
27.246094 1.8515625 05 22 12
27.246094 1.8515625 05 22 12
27.246094 1.8515625 05 22 12
33.785156 3.5390625 05 22 12
36.66797 6.0703125 05 22 12
24.363281 -1.2890625 05 22 13
23.238281 -1.2890625 05 22 13
34.41797 5.6015625 05 22 13
9.738281 6.1171875 05 22 13
23.730469 6.5390625 05 22 13
21.621094 6.9140625 05 22 13
14.027344 7.7109375 05 22 13
22.324219 -2.4140625 05 22 14
22.042969 -1.8984375 05 22 14
20.988281 -1.9921875 05 22 14
20.988281 -1.9921875 05 22 14
22.042969 -1.8515625 05 22 14
22.042969 -1.8515625 05 22 14
23.167969 -1.5234375 05 22 14
11.425781 0.3515625 05 22 14
30.621094 3.5859375 05 22 14
9.738281 5.8359375 05 22 14
24.292969 5.5546875 05 22 14
18.808594 5.7421875 05 22 14
28.652344 6.0234375 05 22 14
17.472656 7.2421875 05 22 14
11.566406 7.2890625 05 22 14
16.628906 7.4765625 05 22 14
19.722656 8.6953125 05 22 14
17.753906 -1.1953125 05 22 15
18.808594 4.4765625 05 22 15
23.238281 5.0390625 05 22 15
21.972656 5.5078125 05 22 15
19.511719 6.5390625 05 22 15
20.917969 6.7265625 05 22 15
16.628906 8.1328125 05 22 15
4.4648438 9.2109375 05 22 15
22.535156 -2.8359375 05 22 16
18.457031 -1.1953125 05 22 16
25.769531 -0.3984375 05 22 16
28.160156 4.5234375 05 22 16
20.214844 5.1328125 05 22 16
29.074219 6.9609375 05 22 16
20.074219 -2.2265625 05 22 17
20.074219 -2.2265625 05 22 17
27.878906 -0.8671875 05 22 17
36.45703 -0.6328125 05 23 12
36.45703 -0.6328125 05 23 12
34.48828 2.1328125 05 23 12
33.64453 3.6328125 05 23 12
13.746094 4.9921875 05 23 12
36.527344 5.9296875 05 23 12
10.089844 5.8359375 05 23 12
10.160156 5.8359375 05 23 12
36.527344 5.9296875 05 23 12
10.300781 5.9765625 05 23 12
10.300781 6.0234375 05 23 12
11.777344 -1.6171875 05 23 13
29.144531 -1.5234375 05 23 13
28.441406 6.2578125 05 23 13
11.847656 6.3984375 05 23 13
31.675781 6.4453125 05 23 13
31.675781 6.4453125 05 23 13
31.675781 6.4453125 05 23 13
31.675781 6.4453125 05 23 13
23.519531 7.9453125 05 23 13
23.308594 -1.2890625 05 23 14
12.550781 1.0546875 05 23 14
29.285156 6.2109375 05 23 14
22.535156 6.8671875 05 23 14
27.105469 6.9609375 05 23 14
27.105469 6.9609375 05 23 14
29.496094 7.4296875 05 23 14
20.003906 -1.1484375 05 23 15
13.605469 2.2734375 05 23 15
20.355469 5.4140625 05 23 15
20.355469 5.4140625 05 23 15
26.964844 5.9296875 05 23 15
17.964844 7.9921875 05 23 15
24.011719 0.0703125 05 23 16
17.402344 3.2109375 05 23 16
17.402344 3.2109375 05 23 16
19.371094 4.1953125 05 23 16
18.667969 4.7578125 05 23 16
29.003906 4.8515625 05 23 16
25.558594 5.8828125 05 23 16
18.597656 6.0234375 05 23 16
20.214844 5.8359375 05 23 16
17.613281 6.9140625 05 23 16
17.402344 -0.1640625 05 23 17
17.050781 1.3359375 05 23 17
20.566406 7.3359375 05 23 17
3.5507812 8.6484375 05 23 17
36.597656 -0.8203125 05 24 12
25.277344 -0.6796875 05 24 12
19.019531 4.7109375 05 24 12
29.917969 8.6015625 05 24 12
30.128906 8.6015625 05 24 12
30.128906 8.6015625 05 24 12
6.7148438 11.8828125 05 24 12
9.597656 16.054688 05 24 12
9.597656 16.054688 05 24 12
29.214844 -1.5703125 05 24 13
29.214844 -1.5703125 05 24 13
24.363281 -1.2890625 05 24 13
33.64453 3.4921875 05 24 13
32.589844 3.7265625 05 24 13
11.566406 5.5546875 05 24 13
27.597656 6.3046875 05 24 13
40.464844 7.1015625 05 24 13
18.246094 7.9921875 05 24 13
18.246094 7.9921875 05 24 13
10.019531 9.7265625 05 24 13
26.050781 5.2265625 05 24 14
29.496094 6.4453125 05 24 14
14.027344 6.0703125 05 24 14
29.496094 6.4453125 05 24 14
19.582031 7.0546875 05 24 14
16.910156 4.7578125 05 24 15
25.699219 5.0859375 05 24 15
21.410156 7.6171875 05 24 15
21.410156 7.6171875 05 24 15
7.4882812 13.1484375 05 24 15
8.050781 14.5078125 05 24 15
27.527344 2.0390625 05 24 16
7.8398438 10.5234375 05 24 16
16.066406 1.5703125 05 24 17
29.144531 0.0234375 05 25 12
29.144531 0.0234375 05 25 12
17.332031 1.3359375 05 25 12
17.402344 1.2890625 05 25 12
15.433594 2.2734375 05 25 12
24.011719 2.3203125 05 25 12
19.652344 2.5546875 05 25 12
19.441406 4.6171875 05 25 12
12.269531 5.3671875 05 25 12
12.269531 5.3671875 05 25 12
8.121094 8.8828125 05 25 12
8.402344 9.0234375 05 25 12
11.847656 10.2890625 05 25 12
36.527344 -0.7734375 05 25 13
14.238281 0.5859375 05 25 13
14.238281 0.5859375 05 25 13
13.675781 7.3359375 05 25 13
13.675781 7.3359375 05 25 13
28.582031 7.7109375 05 25 13
17.964844 9.4921875 05 25 13
14.800781 2.3203125 05 25 14
25.910156 7.5234375 05 25 14
25.910156 7.5234375 05 25 14
15.925781 7.9921875 05 25 14
15.925781 7.9921875 05 25 14
16.699219 9.0703125 05 25 14
16.699219 9.1171875 05 25 14
11.566406 1.6171875 05 25 15
32.44922 4.1484375 05 25 15
20.425781 5.4140625 05 25 15
20.425781 5.4140625 05 25 15
35.33203 6.4921875 05 25 15
21.832031 8.5546875 05 25 15
17.894531 2.3671875 05 25 16
21.621094 8.7421875 05 25 16
20.566406 -1.3828125 05 25 17
3.6914062 7.3828125 05 25 17
7.6289062 18.304688 05 25 17
36.597656 -0.6328125 05 26 12
25.066406 1.8046875 05 26 12
40.535156 7.1484375 05 26 13
26.261719 6.8671875 05 26 14
27.035156 7.1953125 05 26 14
8.542969 9.2578125 05 26 14
8.613281 9.3515625 05 26 14
11.636719 -1.7109375 05 26 15
12.832031 0.3984375 05 26 15
13.675781 1.0546875 05 26 15
14.800781 4.9453125 05 26 15
9.105469 11.0859375 05 26 15
11.917969 0.8671875 05 26 16
32.660156 4.2890625 05 26 16
10.792969 5.5078125 05 26 16
17.191406 6.2109375 05 26 16
25.699219 6.3515625 05 26 16
20.214844 8.3203125 05 26 16
1.5117188 13.2890625 05 26 16
20.355469 5.3203125 05 26 17
6.6445312 11.6953125 05 26 17
36.527344 -0.7734375 05 27 12
32.80078 3.9609375 05 27 12
28.160156 -2.2734375 05 27 13
22.394531 0.7265625 05 27 14
31.253906 4.7109375 05 27 14
7.3476562 6.7734375 05 27 14
11.847656 -1.6640625 05 27 16
12.339844 -1.8515625 05 27 16
15.785156 7.6640625 05 27 16
11.917969 8.6484375 05 27 17
16.066406 7.8515625 05 28 14
16.066406 7.8515625 05 28 14
18.105469 8.5078125 05 28 14
12.902344 7.0546875 05 28 15
32.589844 3.8671875 05 28 16
19.371094 4.8984375 05 28 16
19.371094 4.8984375 05 28 16
14.730469 5.9765625 05 28 16
36.527344 -0.6796875 05 29 12
37.089844 0.0703125 05 29 12
37.089844 0.0703125 05 29 12
6.3632812 8.2265625 05 29 12
6.2226562 8.1796875 05 29 12
6.2929688 8.2265625 05 29 12
7.5585938 7.7578125 05 29 12
6.1523438 8.4609375 05 29 12
7.2773438 8.0859375 05 29 12
41.23828 8.8828125 05 29 12
28.722656 -1.3828125 05 29 13
33.85547 2.8828125 05 29 13
26.753906 -3.4453125 05 29 14
33.785156 3.6796875 05 29 14
32.941406 4.3828125 05 29 14
32.941406 4.3828125 05 29 14
32.941406 4.3828125 05 29 14
28.511719 -2.2734375 05 29 15
3.9023438 11.3203125 05 29 15
3.9023438 11.3203125 05 29 15
5.6601562 12.3984375 05 29 15
22.394531 5.5546875 05 29 16
22.394531 5.5546875 05 29 16
21.832031 2.0859375 05 29 17
33.29297 2.5078125 05 29 17
26.191406 -5.3671875 05 30 12
26.191406 -5.3671875 05 30 12
28.582031 -1.7578125 05 30 12
28.582031 -1.7578125 05 30 12
21.410156 3.6328125 05 30 12
22.042969 4.0546875 05 30 12
41.23828 9.3046875 05 30 12
40.67578 8.6484375 05 30 13
40.67578 8.6953125 05 30 13
36.66797 0.0703125 05 30 14
21.058594 1.1484375 05 30 16
11.988281 6.0234375 05 30 16
18.457031 8.1328125 05 30 16
36.66797 -0.8671875 05 30 17
29.777344 -1.0078125 05 31 12
29.707031 -0.9609375 05 31 12
29.707031 -1.0078125 05 31 12
29.003906 -1.3828125 05 31 12
29.707031 -0.9609375 05 31 12
36.94922 0.1171875 05 31 12
33.996094 4.2421875 05 31 12
34.066406 4.3359375 05 31 12
28.230469 -2.3671875 05 31 13
16.839844 1.3359375 05 31 14
19.089844 2.9296875 05 31 15
28.722656 5.1796875 05 31 15
19.511719 4.5703125 05 31 16
14.589844 6.9140625 05 31 16
5.4492188 10.5703125 05 31 16
5.4492188 10.5703125 05 31 16
14.378906 -2.5546875 05 31 17
14.378906 -2.5546875 05 31 17
21.058594 5.2734375 05 31 17
17.753906 6.7265625 05 31 17
36.878906 -0.7265625 06 01 12
36.878906 -0.7265625 06 01 12
26.472656 2.2734375 06 01 12
26.472656 2.2734375 06 01 12
26.753906 3.0234375 06 01 12
25.277344 2.4609375 06 01 12
26.753906 3.0234375 06 01 12
26.753906 3.0234375 06 01 12
26.824219 4.0078125 06 01 12
27.878906 4.8984375 06 01 12
2.8476562 7.4765625 06 01 12
2.9882812 7.4296875 06 01 12
11.917969 7.8046875 06 01 12
41.308594 8.1796875 06 01 12
3.5507812 7.8984375 06 01 12
20.777344 8.6484375 06 01 12
11.496094 8.8828125 06 01 12
41.871094 8.6015625 06 01 12
23.660156 -3.0703125 06 01 13
23.660156 -3.0703125 06 01 13
21.480469 3.0234375 06 01 13
22.253906 3.6796875 06 01 13
18.035156 4.2421875 06 01 13
18.035156 4.2421875 06 01 13
19.089844 6.4921875 06 01 13
21.199219 6.8203125 06 01 13
21.269531 6.8671875 06 01 13
20.917969 2.4609375 06 01 14
22.675781 4.3828125 06 01 14
20.285156 4.8515625 06 01 14
11.847656 5.5078125 06 01 14
22.535156 8.6953125 06 01 14
8.613281 9.8203125 06 01 14
17.964844 6.6328125 06 01 15
17.964844 6.6328125 06 01 15
22.816406 7.4296875 06 01 15
27.738281 7.5703125 06 01 15
8.824219 10.2890625 06 01 15
10.019531 11.5546875 06 01 15
10.019531 11.5546875 06 01 15
17.472656 -4.5703125 06 01 16
28.371094 8.3671875 06 01 16
28.371094 8.3671875 06 01 16
30.902344 3.6796875 06 01 17
3.0585938 8.5546875 06 01 17
3.0585938 8.5546875 06 01 17
3.8320312 8.8359375 06 01 17
3.7617188 11.3203125 06 01 17
2.7773438 11.9765625 06 01 17
20.425781 -3.4921875 06 02 12
20.425781 -3.4921875 06 02 12
17.191406 0.8203125 06 02 12
17.542969 0.8203125 06 02 12
17.753906 1.0078125 06 02 12
18.175781 1.9921875 06 02 12
18.105469 2.0859375 06 02 12
32.941406 3.0234375 06 02 12
32.23828 4.0546875 06 02 12
31.886719 4.6640625 06 02 12
13.113281 4.5234375 06 02 12
31.886719 4.6640625 06 02 12
14.589844 4.5234375 06 02 12
11.988281 4.9453125 06 02 12
13.113281 4.5234375 06 02 12
31.886719 4.6640625 06 02 12
13.183594 5.2265625 06 02 12
13.324219 5.3203125 06 02 12
13.324219 5.3671875 06 02 12
13.183594 5.2265625 06 02 12
10.371094 6.1171875 06 02 12
28.652344 7.2890625 06 02 12
12.621094 -1.7578125 06 02 13
28.933594 4.6171875 06 02 13
25.488281 6.4921875 06 02 13
10.371094 6.3515625 06 02 13
26.964844 7.3828125 06 02 13
41.027344 8.2265625 06 02 13
13.253906 10.1484375 06 02 13
15.855469 -2.8828125 06 02 14
14.097656 7.9921875 06 02 14
14.097656 7.9921875 06 02 14
9.035156 10.4296875 06 02 14
11.917969 11.1328125 06 02 14
11.917969 11.1328125 06 02 14
3.5507812 11.5078125 06 02 14
3.5507812 11.5078125 06 02 14
2.5664062 12.4921875 06 02 14
16.277344 -5.1328125 06 02 15
16.277344 -5.1328125 06 02 15
16.277344 -5.1328125 06 02 15
16.277344 -5.1328125 06 02 15
16.417969 -4.6640625 06 02 15
15.714844 -3.1171875 06 02 15
27.246094 3.9609375 06 02 15
20.074219 4.1953125 06 02 15
5.1679688 11.7890625 06 02 15
5.1679688 11.7890625 06 02 15
5.1679688 11.9296875 06 02 15
4.8867188 12.3515625 06 02 15
11.355469 -0.6796875 06 02 16
11.425781 7.3359375 06 02 16
7.7695312 7.2890625 06 02 16
8.613281 9.5859375 06 02 16
10.511719 9.4921875 06 02 16
14.941406 9.8203125 06 02 16
33.785156 4.4296875 06 03 12
33.785156 4.4296875 06 03 12
34.839844 5.6015625 06 03 12
4.8867188 7.5703125 06 03 12
4.8867188 7.5703125 06 03 12
3.1992188 7.8515625 06 03 12
40.816406 8.6015625 06 03 12
10.582031 6.6328125 06 03 13
1.5820312 20.648438 06 03 13
21.128906 3.7734375 06 03 14
20.917969 5.7421875 06 03 14
20.917969 5.7421875 06 03 14
22.183594 7.1015625 06 03 14
11.777344 7.4296875 06 03 14
19.019531 7.7109375 06 03 14
17.050781 7.6171875 06 03 14
19.019531 7.7109375 06 03 14
17.402344 8.2734375 06 03 14
17.402344 8.2734375 06 03 14
17.402344 8.2734375 06 03 14
19.230469 -2.8828125 06 03 15
21.269531 -0.9609375 06 03 15
18.457031 6.7734375 06 03 15
18.457031 6.7734375 06 03 15
20.074219 7.5703125 06 03 15
26.261719 0.5390625 06 03 16
8.261719 9.7734375 06 03 16
12.761719 2.5546875 06 03 17
13.605469 7.7578125 06 03 17
21.339844 8.2265625 06 03 17
9.175781 10.8984375 06 03 17
15.503906 -2.6953125 06 04 12
31.042969 4.0078125 06 04 12
31.042969 4.0078125 06 04 12
30.058594 6.9609375 06 04 13
30.058594 6.9609375 06 04 13
28.230469 7.7578125 06 04 13
28.722656 7.5703125 06 04 13
29.777344 8.3203125 06 04 13
28.933594 8.3203125 06 04 13
15.855469 -4.2421875 06 04 14
15.855469 -4.2421875 06 04 14
14.097656 2.1328125 06 04 14
24.363281 6.9140625 06 04 14
24.363281 6.9140625 06 04 14
24.433594 6.9140625 06 04 14
26.613281 8.4140625 06 04 14
26.613281 8.4140625 06 04 14
26.613281 8.4140625 06 04 14
27.738281 8.6015625 06 04 14
16.558594 -2.7421875 06 04 15
15.082031 1.6640625 06 04 15
20.496094 5.2265625 06 04 15
19.722656 6.4453125 06 04 15
14.941406 6.7265625 06 04 15
14.941406 6.7265625 06 04 15
17.402344 7.9453125 06 04 15
17.402344 7.9453125 06 04 15
17.613281 7.7578125 06 04 15
16.417969 -0.3515625 06 04 16
15.011719 0.0234375 06 04 16
14.027344 0.3515625 06 04 16
21.339844 0.5859375 06 04 16
19.019531 0.7734375 06 04 16
33.503906 3.8671875 06 04 16
20.777344 6.2578125 06 04 16
17.824219 -1.1953125 06 04 17
6.0117188 8.0390625 06 04 17
17.261719 4.5703125 06 05 12
17.332031 4.9921875 06 05 12
41.44922 9.0234375 06 05 12
16.558594 8.2265625 06 05 13
33.785156 3.5390625 06 05 14
33.785156 3.5390625 06 05 14
19.582031 7.3359375 06 05 14
19.160156 7.9921875 06 05 14
20.214844 7.9921875 06 05 14
27.246094 1.6640625 06 06 12
27.386719 3.3046875 06 06 12
24.363281 3.2578125 06 06 12
24.363281 3.2578125 06 06 12
24.433594 3.2578125 06 06 12
24.011719 2.8359375 06 06 12
24.363281 3.2578125 06 06 12
27.386719 3.3046875 06 06 12
24.152344 3.1171875 06 06 12
24.363281 3.2578125 06 06 12
27.878906 3.3515625 06 06 12
32.16797 4.2890625 06 06 12
32.16797 4.2890625 06 06 12
31.675781 4.9921875 06 06 12
32.23828 4.4296875 06 06 12
9.878906 6.2109375 06 06 13
24.363281 0.2109375 06 06 14
12.832031 6.9609375 06 06 14
15.222656 7.0078125 06 06 14
21.058594 7.1015625 06 06 14
21.058594 7.1015625 06 06 14
24.222656 0.0703125 06 06 15
17.402344 7.5703125 06 06 15
21.058594 7.8046875 06 06 15
23.378906 0.9140625 06 06 16
3.9726562 8.7890625 06 06 16
19.019531 9.2109375 06 06 16
4.9570312 7.8046875 06 06 17
4.9570312 7.8046875 06 06 17
36.66797 -0.4921875 06 07 12
36.66797 -0.4921875 06 07 12
14.589844 5.0859375 06 07 12
34.066406 5.0390625 06 07 12
31.253906 5.6484375 06 07 12
34.066406 5.0390625 06 07 12
31.183594 6.0703125 06 07 12
32.378906 6.2109375 06 07 12
31.183594 6.0703125 06 07 12
32.378906 6.2109375 06 07 12
14.871094 6.9140625 06 07 12
14.871094 6.9140625 06 07 12
30.691406 6.8203125 06 07 12
9.738281 5.9765625 06 07 14
12.128906 7.2890625 06 07 14
12.128906 7.2890625 06 07 14
14.097656 7.8984375 06 07 14
24.785156 -1.6640625 06 07 15
20.144531 3.9609375 06 07 15
17.472656 7.9921875 06 07 15
19.089844 3.6328125 06 07 16
30.339844 6.4921875 06 07 17
3.1289062 10.5703125 06 07 17
3.1289062 10.5703125 06 07 17
2.9179688 12.0234375 06 07 17
24.996094 0.2109375 06 08 12
26.542969 0.8671875 06 08 12
26.542969 0.8671875 06 08 12
26.261719 2.3671875 06 08 12
24.785156 1.5703125 06 08 12
24.785156 1.6640625 06 08 12
29.144531 2.6484375 06 08 12
24.644531 2.2734375 06 08 12
32.80078 3.8671875 06 08 12
36.808594 6.0234375 06 08 12
35.05078 6.2578125 06 08 12
17.753906 10.7578125 06 08 13
18.738281 11.5546875 06 08 13
24.785156 -3.2109375 06 08 14
21.128906 7.6171875 06 08 15
17.191406 8.0859375 06 08 15
21.128906 7.6171875 06 08 15
18.597656 8.4609375 06 08 15
18.597656 8.4609375 06 08 15
1.9335938 10.0078125 06 08 16
3.7617188 11.2265625 06 08 16
5.0273438 11.6484375 06 08 17
11.777344 1.6640625 06 09 13
11.917969 0.5859375 06 09 14
20.074219 6.2109375 06 09 14
21.199219 6.2578125 06 09 14
13.675781 7.6640625 06 09 14
13.675781 7.6640625 06 09 14
13.675781 7.6640625 06 09 14
17.542969 9.3984375 06 09 14
16.769531 9.2109375 06 09 14
23.660156 -2.3671875 06 09 15
23.449219 0.0234375 06 09 15
23.449219 0.0234375 06 09 15
22.042969 3.5390625 06 09 15
22.042969 3.5390625 06 09 15
19.230469 4.9921875 06 09 15
28.441406 6.5390625 06 09 15
28.441406 6.5390625 06 09 15
27.597656 6.3046875 06 09 16
4.1132812 8.8359375 06 09 16
19.863281 3.7265625 06 09 17
20.425781 4.9453125 06 09 17
4.3945312 7.4765625 06 09 17
2.1445312 7.8984375 06 09 17
2.9882812 8.0859375 06 09 17
15.222656 2.8828125 06 10 12
34.20703 3.6796875 06 10 12
34.20703 3.6796875 06 10 12
7.1367188 7.2421875 06 10 12
7.1367188 7.2421875 06 10 12
7.1367188 7.2421875 06 10 12
18.386719 7.1015625 06 10 13
17.332031 7.4296875 06 10 13
19.019531 7.4765625 06 10 13
20.003906 6.0234375 06 10 14
21.269531 6.3046875 06 10 14
21.269531 6.3046875 06 10 14
22.605469 6.8203125 06 10 14
22.605469 6.8203125 06 10 14
16.207031 7.0078125 06 10 14
2.0742188 7.4296875 06 10 14
22.675781 -0.6328125 06 10 15
19.160156 4.9453125 06 10 15
1.9335938 9.5390625 06 10 15
28.863281 2.0859375 06 10 16
32.23828 5.1328125 06 10 16
2.2851562 10.8046875 06 10 16
28.300781 0.6796875 06 10 17
2.9179688 8.1796875 06 10 17
27.457031 -1.6171875 06 11 13
13.957031 6.2578125 06 11 13
12.269531 -1.7109375 06 11 14
15.714844 6.6328125 06 11 14
3.6914062 11.3671875 06 11 14
2.4960938 10.8515625 06 11 15
4.9570312 11.6484375 06 11 15
12.410156 -1.6171875 06 11 17
14.660156 4.3828125 06 11 17
4.1835938 9.1640625 06 11 17
27.527344 4.0546875 06 12 12
22.394531 3.4453125 06 12 12
20.917969 4.4296875 06 12 12
20.917969 4.4296875 06 12 12
21.761719 4.6171875 06 12 12
26.894531 4.2890625 06 12 12
26.894531 4.2890625 06 12 12
25.628906 6.0234375 06 12 12
26.332031 5.7421875 06 12 12
16.136719 6.5390625 06 12 14
16.136719 6.5390625 06 12 14
6.1523438 7.5234375 06 12 15
5.5195312 8.0390625 06 12 15
2.0039062 11.1796875 06 12 15
5.2382812 11.8359375 06 12 15
31.183594 6.2109375 06 12 16
4.1835938 9.0234375 06 12 16
24.785156 0.9140625 06 12 17
24.785156 0.9140625 06 12 17
19.160156 7.2421875 06 12 17
1.5117188 9.7265625 06 12 17
34.13672 3.7734375 06 13 12
33.57422 4.3828125 06 13 12
15.503906 7.3359375 06 13 13
19.089844 7.3359375 06 13 14
18.667969 7.9921875 06 13 14
21.058594 5.3671875 06 13 15
16.488281 5.6953125 06 13 15
22.042969 5.7421875 06 13 15
26.472656 6.4921875 06 13 15
24.433594 2.3671875 06 13 16
23.097656 2.9296875 06 13 16
34.20703 3.0234375 06 13 16
18.527344 6.5390625 06 13 16
20.707031 4.6640625 06 13 17
12.761719 4.2890625 06 14 13
24.996094 -0.0234375 06 14 15
21.058594 5.4609375 06 14 15
13.183594 2.7421875 06 15 12
34.41797 6.5859375 06 15 12
15.503906 7.1484375 06 15 14
21.550781 7.1484375 06 15 14
15.503906 7.1484375 06 15 14
17.332031 7.9453125 06 15 14
18.667969 8.5546875 06 15 14
17.542969 8.6015625 06 15 14
16.488281 1.9453125 06 15 15
13.886719 6.3515625 06 15 15
20.707031 7.1015625 06 15 15
33.85547 1.8984375 06 15 16
28.582031 -1.0546875 06 15 17
23.660156 2.6953125 06 15 17
2.0742188 7.4296875 06 15 17
19.722656 7.8984375 06 15 17
14.519531 2.0859375 06 16 12
34.41797 6.3515625 06 16 12
35.33203 7.1015625 06 16 12
35.33203 7.1015625 06 16 12
35.402344 7.1484375 06 16 12
40.88672 8.8828125 06 16 12
14.027344 2.2265625 06 16 13
22.957031 6.4921875 06 16 14
22.957031 6.4921875 06 16 14
21.972656 7.6171875 06 16 14
25.347656 8.3203125 06 16 14
13.886719 0.1171875 06 16 15
22.886719 6.6796875 06 16 15
4.8164062 9.0703125 06 16 15
11.214844 1.3359375 06 16 16
15.855469 1.7578125 06 16 16
4.6757812 7.7109375 06 16 16
29.214844 7.3359375 06 16 17
29.214844 7.3359375 06 16 17
33.222656 4.3828125 06 17 12
16.488281 7.5703125 06 17 13
17.472656 7.9453125 06 17 14
27.738281 4.8515625 06 17 16
19.863281 7.7109375 06 17 16
27.035156 2.7890625 06 18 12
27.035156 2.7890625 06 18 12
27.035156 2.7890625 06 18 12
33.64453 2.7890625 06 18 12
27.035156 2.7890625 06 18 12
27.035156 2.7890625 06 18 12
25.699219 5.0390625 06 18 12
25.839844 5.1328125 06 18 12
25.699219 5.2265625 06 18 12
25.558594 5.9296875 06 18 12
25.558594 5.9296875 06 18 12
25.066406 6.4453125 06 18 12
24.925781 6.4453125 06 18 12
38.70703 7.9921875 06 18 12
38.63672 7.9921875 06 18 12
38.566406 7.9921875 06 18 12
38.63672 7.9921875 06 18 12
34.910156 8.2265625 06 18 12
26.261719 9.2109375 06 18 12
25.769531 9.4453125 06 18 12
22.535156 7.3359375 06 18 13
36.45703 7.1484375 06 18 13
32.44922 7.4296875 06 18 13
29.214844 7.8046875 06 18 13
25.628906 7.9921875 06 18 13
19.300781 7.6171875 06 18 13
27.316406 8.5078125 06 18 13
27.386719 8.5078125 06 18 13
28.230469 8.8359375 06 18 13
28.089844 9.6796875 06 18 13
28.722656 10.2890625 06 18 13
27.597656 10.8984375 06 18 13
19.300781 6.5859375 06 18 14
37.23047 6.1171875 06 18 14
32.23828 7.5234375 06 18 14
30.691406 9.1640625 06 18 14
14.941406 9.3515625 06 18 14
30.691406 9.1640625 06 18 14
26.332031 9.2109375 06 18 16
7.4179688 6.1640625 06 18 17
25.277344 3.0234375 06 19 12
14.871094 4.6640625 06 19 12
14.871094 4.6640625 06 19 12
16.277344 4.7109375 06 19 12
14.871094 4.7109375 06 19 12
13.957031 5.2734375 06 19 12
13.957031 5.2734375 06 19 12
13.394531 6.3984375 06 19 12
25.628906 6.8671875 06 19 12
38.777344 7.3828125 06 19 12
35.402344 8.1796875 06 19 12
37.722656 8.0859375 06 19 12
35.33203 8.1796875 06 19 12
35.33203 8.2265625 06 19 12
25.980469 4.2421875 06 19 13
24.292969 4.6171875 06 19 13
24.292969 4.6171875 06 19 13
10.371094 5.1796875 06 19 13
24.574219 5.4140625 06 19 13
10.371094 5.1796875 06 19 13
10.511719 6.2578125 06 19 13
21.480469 8.4140625 06 19 13
30.199219 9.7265625 06 19 13
8.683594 10.0078125 06 19 13
8.542969 10.8984375 06 19 13
21.832031 9.6796875 06 19 14
1.9335938 10.7578125 06 19 14
1.9335938 10.7578125 06 19 14
1.9335938 10.7578125 06 19 14
25.628906 0.0703125 06 19 15
6.3632812 6.9609375 06 19 15
31.816406 7.5703125 06 19 15
22.183594 4.1015625 06 19 16
5.1679688 9.1171875 06 19 16
4.2539062 9.4453125 06 19 16
4.2539062 9.4453125 06 19 16
12.972656 7.6171875 06 19 17
19.582031 10.1484375 06 19 17
34.347656 9.6328125 06 19 17
12.269531 11.0859375 06 19 17
21.058594 6.2578125 06 20 12
18.527344 7.5703125 06 20 12
18.527344 7.5703125 06 20 12
19.160156 7.8515625 06 20 12
27.105469 8.1796875 06 20 12
5.4492188 8.4140625 06 20 12
26.332031 8.5078125 06 20 12
22.886719 12.4453125 06 20 12
23.800781 12.9140625 06 20 12
10.019531 6.0703125 06 20 13
13.886719 7.1953125 06 20 13
28.160156 8.0390625 06 20 13
26.683594 9.7265625 06 20 13
26.542969 9.7265625 06 20 13
17.542969 11.2734375 06 20 13
17.613281 11.8359375 06 20 13
17.613281 11.8359375 06 20 13
22.324219 12.6328125 06 20 13
21.410156 12.3984375 06 20 13
30.972656 9.2578125 06 20 14
31.042969 9.3046875 06 20 14
17.261719 10.5234375 06 20 14
27.457031 1.9453125 06 20 15
27.457031 1.9453125 06 20 15
11.214844 10.6171875 06 20 15
26.753906 2.6953125 06 20 16
26.472656 2.8359375 06 21 12
18.808594 3.1640625 06 21 12
18.878906 4.2890625 06 21 12
17.824219 4.1484375 06 21 13
31.535156 5.7890625 06 21 13
30.058594 6.9609375 06 21 13
31.746094 7.3359375 06 21 13
31.746094 7.3359375 06 21 13
33.57422 1.4296875 06 21 14
15.574219 3.1171875 06 21 14
18.105469 4.5703125 06 21 14
2.4960938 12.0703125 06 21 14
20.566406 10.8984375 06 21 15
13.886719 8.6484375 06 21 16
4.4648438 12.1171875 06 21 16
18.527344 3.3046875 06 22 12
13.535156 3.7734375 06 22 12
16.628906 4.6640625 06 22 12
16.628906 4.6640625 06 22 12
17.753906 5.1328125 06 22 12
17.964844 6.1171875 06 22 12
17.613281 5.9296875 06 22 12
14.449219 11.6953125 06 22 12
17.261719 1.9921875 06 22 13
15.292969 3.1640625 06 22 13
15.082031 3.2109375 06 22 13
15.292969 3.1640625 06 22 13
19.652344 4.9921875 06 22 13
10.160156 6.3046875 06 22 13
12.761719 8.8359375 06 22 13
12.269531 10.2890625 06 22 13
16.488281 3.3984375 06 22 14
16.488281 3.3984375 06 22 14
14.378906 3.3515625 06 22 14
17.402344 9.1640625 06 22 14
14.519531 4.7109375 06 22 15
25.980469 8.2734375 06 22 15
3.3398438 9.0703125 06 22 15
26.472656 9.4921875 06 22 17
37.933594 8.2734375 06 23 12
37.933594 8.2734375 06 23 12
38.003906 8.3671875 06 23 12
21.550781 8.0859375 06 23 13
8.121094 9.9140625 06 23 14
8.402344 10.5703125 06 23 14
12.058594 10.9453125 06 23 15
7.6289062 7.7578125 06 23 17
5.1679688 12.3046875 06 23 17
35.26172 6.2578125 06 24 12
29.988281 6.5390625 06 24 13
32.44922 8.1796875 06 24 13
33.433594 7.6171875 06 24 14
10.863281 10.5703125 06 24 14
17.613281 8.6953125 06 24 15
3.4804688 11.3203125 06 24 15
3.4804688 11.3203125 06 24 15
17.402344 7.1484375 06 24 16
4.0429688 11.6953125 06 24 16
1.9335938 12.2109375 06 24 16
15.785156 5.9765625 06 24 17
15.785156 5.9765625 06 24 17
17.191406 6.4453125 06 24 17
15.152344 6.6796875 06 24 17
33.01172 8.9765625 06 24 17
1.4414062 11.0859375 06 24 17
13.816406 4.5234375 06 25 12
32.308594 4.4765625 06 25 12
27.035156 10.3359375 06 25 13
24.082031 6.4453125 06 25 14
14.238281 7.2890625 06 25 14
14.238281 7.2890625 06 25 14
14.238281 7.2890625 06 25 14
19.160156 7.8515625 06 25 14
19.160156 7.8515625 06 25 14
16.910156 8.4140625 06 25 14
22.324219 6.9140625 06 25 15
22.324219 6.9140625 06 25 15
28.019531 7.6171875 06 25 15
27.949219 0.5859375 06 25 16
19.160156 5.0859375 06 25 16
19.160156 5.0859375 06 25 16
17.613281 7.5234375 06 25 16
3.1289062 12.3984375 06 25 16
3.1289062 12.3984375 06 25 16
26.332031 4.0546875 06 25 17
25.628906 4.3359375 06 25 17
20.988281 5.3671875 06 25 17
22.183594 5.5078125 06 25 17
22.183594 5.5078125 06 25 17
5.5195312 7.8046875 06 25 17
3.4804688 11.2265625 06 25 17
36.527344 -0.3984375 06 26 12
26.402344 5.8359375 06 26 12
26.402344 5.8828125 06 26 12
25.769531 6.4921875 06 26 12
24.785156 6.4921875 06 26 12
25.699219 6.6328125 06 26 12
15.644531 7.2421875 06 26 12
15.644531 7.2421875 06 26 12
28.019531 7.9921875 06 26 12
37.722656 4.7578125 06 26 14
37.722656 4.7578125 06 26 14
31.816406 9.0703125 06 26 16
3.9726562 8.8359375 06 26 17
3.9726562 8.8359375 06 26 17
3.9726562 8.8359375 06 26 17
32.308594 5.2734375 06 27 12
17.191406 5.2734375 06 27 12
17.261719 5.2734375 06 27 12
35.753906 7.1953125 06 27 12
14.941406 7.0078125 06 27 15
14.800781 7.0078125 06 27 15
19.792969 10.6640625 06 27 15
27.597656 6.9609375 06 28 12
14.167969 10.9453125 06 28 12
14.238281 7.4765625 06 28 13
9.246094 10.1484375 06 28 13
15.714844 12.2578125 06 28 13
15.714844 12.2578125 06 28 13
15.503906 7.5234375 06 28 14
14.027344 7.4296875 06 28 14
21.832031 5.7890625 06 28 17
21.832031 5.7890625 06 28 17
21.832031 5.7890625 06 28 17
3.3398438 11.0859375 06 28 17
3.3398438 11.0859375 06 28 17
3.3398438 11.0859375 06 28 17
33.64453 3.4921875 06 29 12
34.41797 3.9140625 06 29 12
33.433594 4.3359375 06 29 12
32.941406 6.4453125 06 29 12
2.3554688 9.2578125 06 29 12
3.9023438 10.3828125 06 29 12
3.9023438 10.5703125 06 29 12
4.2539062 11.0859375 06 29 12
3.9726562 11.6015625 06 29 12
10.722656 11.3203125 06 29 14
35.402344 1.2890625 06 29 15
33.152344 3.8203125 06 29 17
4.1132812 14.2265625 06 29 17
33.92578 3.7734375 06 30 12
33.433594 4.2890625 06 30 12
33.92578 3.7734375 06 30 12
31.394531 7.1015625 06 30 12
31.394531 7.1015625 06 30 12
10.933594 10.2421875 06 30 13
10.933594 10.2421875 06 30 13
10.933594 10.2421875 06 30 13
16.207031 1.0078125 06 30 14
29.496094 6.8203125 06 30 14
29.707031 7.6171875 06 30 14
31.253906 8.3671875 06 30 14
16.769531 1.6171875 06 30 15
31.746094 5.4140625 06 30 15
31.183594 6.2109375 06 30 15
29.566406 8.0859375 06 30 16
38.07422 6.1171875 07 01 12
21.269531 6.3046875 07 01 12
24.011719 6.4921875 07 01 12
24.011719 6.4921875 07 01 12
21.972656 9.0703125 07 01 12
39.128906 9.2109375 07 01 12
39.128906 9.2109375 07 01 12
15.785156 15.0234375 07 01 12
32.51953 5.0390625 07 01 13
31.042969 6.0703125 07 01 13
31.042969 6.0703125 07 01 13
13.183594 6.1640625 07 01 13
21.621094 8.6015625 07 01 13
32.80078 4.6171875 07 01 14
30.972656 5.2265625 07 01 14
12.480469 5.7890625 07 01 14
13.042969 7.0078125 07 01 14
20.285156 7.7109375 07 01 14
20.285156 7.8046875 07 01 14
33.08203 9.2109375 07 01 14
16.136719 5.4609375 07 01 15
31.886719 10.3359375 07 01 15
26.824219 2.5546875 07 01 16
33.433594 4.2421875 07 01 16
17.753906 1.1015625 07 02 12
20.847656 3.5859375 07 02 12
33.152344 7.1953125 07 02 12
39.339844 6.6328125 07 02 12
20.988281 6.8203125 07 02 12
22.113281 7.1484375 07 02 12
39.058594 7.2421875 07 02 12
36.17578 7.1484375 07 02 12
12.902344 7.5703125 07 02 12
13.113281 7.5703125 07 02 12
39.058594 7.2421875 07 02 12
38.847656 7.4296875 07 02 12
31.957031 8.7890625 07 02 12
32.660156 9.2109375 07 02 12
3.2695312 7.4296875 07 02 13
32.027344 11.6015625 07 02 13
16.980469 1.7109375 07 02 14
19.160156 4.7109375 07 02 14
19.160156 4.7109375 07 02 14
3.4101562 7.5234375 07 02 14
29.988281 12.0703125 07 02 14
24.363281 -1.0078125 07 02 15
23.378906 2.0859375 07 02 15
14.097656 3.8203125 07 02 15
14.871094 3.8671875 07 02 15
16.839844 4.8984375 07 02 15
22.535156 2.1796875 07 02 16
16.628906 4.0546875 07 02 16
19.160156 4.9921875 07 02 16
21.550781 0.5859375 07 02 17
4.0429688 9.7734375 07 02 17
17.191406 3.1171875 07 03 12
22.605469 5.6015625 07 03 12
23.449219 5.6015625 07 03 12
22.605469 5.6484375 07 03 12
26.050781 5.6015625 07 03 12
26.050781 5.6015625 07 03 12
36.17578 7.1484375 07 03 12
28.441406 7.6171875 07 03 12
34.277344 8.4609375 07 03 12
34.277344 8.4609375 07 03 12
28.582031 6.6328125 07 03 13
29.355469 6.4921875 07 03 13
28.722656 10.8515625 07 03 13
29.988281 12.3046875 07 03 13
30.902344 7.6171875 07 03 14
35.121094 9.0703125 07 03 14
29.777344 11.5546875 07 03 14
30.621094 12.6796875 07 03 14
28.582031 3.7734375 07 03 15
31.042969 3.7265625 07 03 15
4.6757812 12.0703125 07 03 16
29.214844 4.1015625 07 03 17
4.1132812 10.0078125 07 03 17
3.4804688 10.9921875 07 03 17
2.4960938 12.0703125 07 03 17
13.113281 3.2109375 07 04 12
13.113281 3.2109375 07 04 12
13.113281 3.2109375 07 04 12
13.113281 3.2109375 07 04 12
13.183594 4.1484375 07 04 12
10.582031 6.2109375 07 04 12
32.027344 6.4453125 07 04 12
32.80078 7.0078125 07 04 12
26.824219 7.5703125 07 04 12
8.894531 8.5078125 07 04 12
19.933594 9.4921875 07 04 12
20.566406 9.9609375 07 04 12
9.246094 9.9609375 07 04 12
7.9804688 8.9765625 07 04 12
9.246094 9.9609375 07 04 12
9.246094 9.9609375 07 04 12
20.003906 9.6328125 07 04 12
19.933594 10.5703125 07 04 12
19.933594 10.5703125 07 04 12
19.933594 10.5703125 07 04 12
6.7148438 10.2890625 07 04 12
9.246094 9.9609375 07 04 12
19.933594 10.5703125 07 04 12
18.457031 12.5390625 07 04 12
22.042969 5.0390625 07 04 13
17.050781 6.5390625 07 04 13
17.753906 6.7734375 07 04 13
17.753906 6.7734375 07 04 13
17.050781 6.5390625 07 04 13
21.832031 7.6171875 07 04 13
22.605469 8.4140625 07 04 13
39.058594 9.5859375 07 04 13
19.019531 11.5078125 07 04 13
33.996094 1.5234375 07 04 14
15.855469 7.0546875 07 04 14
22.113281 7.7578125 07 04 14
3.5507812 10.8984375 07 04 14
3.5507812 10.8984375 07 04 14
5.3789062 13.3359375 07 04 14
17.894531 9.3515625 07 04 15
32.027344 10.0546875 07 04 15
17.964844 10.3359375 07 04 15
3.3398438 11.0390625 07 04 15
4.8867188 13.3828125 07 04 15
19.722656 3.7734375 07 04 16
32.80078 8.9296875 07 04 16
12.691406 12.1171875 07 04 16
3.9726562 13.4296875 07 04 16
12.269531 5.7421875 07 04 17
18.949219 6.3984375 07 04 17
30.691406 12.6328125 07 04 17
10.441406 6.2578125 07 05 12
10.371094 6.2578125 07 05 12
10.441406 6.2578125 07 05 12
14.167969 8.3671875 07 05 12
32.308594 11.7421875 07 05 12
32.308594 11.7421875 07 05 12
32.308594 11.7421875 07 05 12
31.042969 11.8828125 07 05 12
26.824219 3.2109375 07 05 14
27.878906 4.9921875 07 05 14
18.949219 10.9453125 07 05 14
8.683594 12.0234375 07 05 14
29.214844 13.1015625 07 05 14
28.792969 14.5078125 07 05 14
25.488281 2.1328125 07 05 15
26.402344 4.3359375 07 05 15
9.457031 12.3046875 07 05 15
15.925781 12.3046875 07 05 15
14.871094 12.4921875 07 05 15
7.8398438 11.8359375 07 05 16
25.839844 5.9765625 07 05 17
26.261719 3.7265625 07 06 12
26.824219 4.3828125 07 06 12
26.824219 4.3828125 07 06 12
26.824219 4.3828125 07 06 12
26.824219 4.3828125 07 06 12
26.824219 4.3828125 07 06 12
26.894531 5.5546875 07 06 12
30.480469 5.6015625 07 06 12
28.582031 6.3984375 07 06 12
30.480469 5.6484375 07 06 12
28.933594 7.0078125 07 06 12
26.472656 6.4921875 07 06 12
27.386719 7.3828125 07 06 12
28.722656 6.4921875 07 06 12
33.08203 7.5703125 07 06 12
27.386719 7.3828125 07 06 12
32.308594 7.5703125 07 06 12
32.378906 7.5703125 07 06 12
26.121094 7.3359375 07 06 12
27.386719 7.3828125 07 06 12
32.378906 7.5703125 07 06 12
22.042969 8.6015625 07 06 12
32.871094 8.2265625 07 06 12
32.871094 8.2265625 07 06 12
33.152344 8.8828125 07 06 12
33.152344 8.8828125 07 06 12
33.152344 8.8828125 07 06 12
22.816406 9.7734375 07 06 12
22.394531 10.0078125 07 06 12
22.535156 10.6171875 07 06 12
36.38672 -0.3984375 07 06 13
26.121094 4.6171875 07 06 13
28.441406 5.3671875 07 06 13
14.167969 10.2890625 07 06 13
20.003906 9.6796875 07 06 14
27.105469 1.8515625 07 06 15
27.105469 1.8515625 07 06 15
30.972656 6.7265625 07 06 15
27.386719 9.0703125 07 06 15
10.652344 10.3828125 07 06 15
10.652344 10.3828125 07 06 15
31.253906 7.3359375 07 06 16
31.183594 10.6640625 07 06 16
29.988281 13.9921875 07 06 16
29.636719 14.6953125 07 06 16
5.5898438 10.1953125 07 06 17
3.5507812 10.3359375 07 06 17
16.980469 4.1015625 07 07 12
16.980469 4.1015625 07 07 12
38.35547 5.8828125 07 07 12
35.683594 6.0234375 07 07 12
32.16797 8.0390625 07 07 12
16.980469 4.9453125 07 07 14
17.121094 4.9453125 07 07 14
5.6601562 15.6328125 07 07 14
5.6601562 15.6328125 07 07 14
5.6601562 15.6328125 07 07 14
5.6601562 15.6328125 07 07 14
18.667969 5.6953125 07 07 15
18.667969 5.7421875 07 07 15
5.0273438 13.5703125 07 07 15
26.894531 8.4609375 07 07 16
3.9023438 13.9453125 07 07 16
8.753906 15.0703125 07 07 16
7.6992188 12.1640625 07 07 17
10.371094 5.2265625 07 08 12
15.785156 8.4140625 07 08 12
15.855469 8.5078125 07 08 12
16.347656 8.3203125 07 08 12
32.23828 10.2890625 07 08 12
32.23828 10.2890625 07 08 12
32.23828 10.2890625 07 08 12
28.933594 0.3984375 07 08 13
25.277344 0.6328125 07 08 13
28.933594 0.3984375 07 08 13
16.488281 5.8359375 07 08 14
10.933594 10.1953125 07 08 14
13.886719 10.1484375 07 08 14
1.5820312 14.5078125 07 08 14
26.332031 -1.4296875 07 08 15
19.511719 -0.3515625 07 08 15
20.988281 0.3984375 07 08 15
23.167969 2.5546875 07 08 15
17.121094 -0.2109375 07 08 16
17.332031 0.5859375 07 08 16
18.316406 2.5546875 07 08 16
32.097656 4.0546875 07 08 17
7.4179688 5.7890625 07 08 17
7.4179688 5.7890625 07 08 17
18.386719 -0.7734375 07 09 12
18.738281 -0.1640625 07 09 12
18.949219 0.0234375 07 09 12
19.582031 0.4453125 07 09 12
25.277344 1.4765625 07 09 12
25.277344 1.4765625 07 09 12
27.035156 2.4140625 07 09 12
27.035156 2.4140625 07 09 12
25.699219 2.1328125 07 09 12
27.035156 2.4140625 07 09 12
25.628906 2.2265625 07 09 12
19.722656 2.9296875 07 09 12
27.175781 3.0703125 07 09 12
19.722656 2.9296875 07 09 12
20.355469 3.3046875 07 09 12
11.847656 4.8984375 07 09 12
6.2929688 9.6328125 07 09 12
31.535156 12.3046875 07 09 12
31.535156 12.3046875 07 09 12
8.753906 12.7734375 07 09 13
26.753906 -2.7890625 07 09 14
28.722656 -1.6171875 07 09 14
27.597656 -1.4765625 07 09 14
10.863281 5.2265625 07 09 14
31.816406 14.3671875 07 09 14
4.3945312 15.9140625 07 09 15
12.410156 3.5390625 07 09 16
15.503906 7.0546875 07 09 16
4.0429688 15.7265625 07 09 16
2.3554688 16.195312 07 09 16
3.6914062 15.9140625 07 09 16
37.089844 0.8203125 07 09 17
13.324219 1.5703125 07 09 17
2.0039062 15.8203125 07 09 17
18.949219 3.9609375 07 10 12
18.105469 3.9609375 07 10 12
18.738281 4.7578125 07 10 12
18.949219 3.9609375 07 10 12
18.105469 4.1953125 07 10 12
19.582031 4.7109375 07 10 12
18.738281 4.7578125 07 10 12
17.894531 6.6796875 07 10 12
14.941406 9.5859375 07 10 12
7.3476562 7.9453125 07 10 12
16.628906 7.1484375 07 10 12
14.800781 8.1328125 07 10 12
15.011719 8.1328125 07 10 12
16.488281 7.3359375 07 10 12
7.4179688 8.1328125 07 10 12
7.4179688 8.1328125 07 10 12
7.4179688 8.1328125 07 10 12
7.4179688 8.1328125 07 10 12
15.785156 8.5078125 07 10 12
14.378906 9.1171875 07 10 12
19.019531 13.4296875 07 10 12
19.019531 13.4296875 07 10 12
31.042969 13.4765625 07 10 12
31.042969 13.4765625 07 10 12
31.042969 13.4765625 07 10 12
18.105469 13.4296875 07 10 13
13.886719 11.1796875 07 10 15
3.8320312 9.8671875 07 10 17
15.925781 16.242188 07 11 12
14.238281 13.8984375 07 11 16
37.160156 1.0078125 07 12 12
33.152344 11.1328125 07 12 12
33.152344 11.1328125 07 12 12
33.714844 11.3203125 07 12 12
34.066406 11.7890625 07 12 12
35.33203 12.4453125 07 12 12
29.496094 -0.9140625 07 12 13
14.097656 16.804688 07 12 13
28.933594 -2.2265625 07 12 14
9.878906 13.9921875 07 12 14
12.480469 14.5078125 07 12 14
11.496094 11.1796875 07 12 15
9.316406 10.6640625 07 12 16
9.738281 10.6640625 07 12 16
13.816406 12.2578125 07 12 16
8.191406 12.8203125 07 12 16
6.4335938 11.5078125 07 12 17
2.4960938 13.5234375 07 12 17
2.4960938 13.5234375 07 12 17
8.332031 13.7578125 07 12 17
2.4960938 13.5234375 07 12 17
2.4960938 13.5234375 07 12 17
2.4960938 13.5234375 07 12 17
2.9882812 14.1328125 07 12 17
5.0976562 14.4609375 07 12 17
8.191406 14.8828125 07 12 17
25.417969 -0.3515625 07 13 12
26.824219 0.0703125 07 13 12
27.457031 0.7734375 07 13 12
2.9882812 13.8515625 07 13 12
13.535156 13.8046875 07 13 12
13.535156 13.8046875 07 13 12
11.496094 13.7109375 07 13 13
13.042969 13.8984375 07 13 13
29.003906 -0.1171875 07 13 15
11.074219 8.4140625 07 13 15
1.6523438 15.2109375 07 13 15
13.464844 10.5234375 07 13 16
16.558594 10.6640625 07 13 16
12.761719 10.7109375 07 13 16
2.8476562 16.242188 07 13 16
14.519531 2.1328125 07 13 17
14.097656 2.6015625 07 13 17
3.3398438 11.1328125 07 13 17
1.7226562 11.0859375 07 13 17
3.3398438 11.1328125 07 13 17
4.2539062 17.132812 07 13 17
22.816406 -4.1484375 07 14 12
11.988281 5.8828125 07 14 12
9.667969 6.1171875 07 14 12
34.48828 10.9453125 07 14 12
33.85547 12.1640625 07 14 12
33.85547 12.1640625 07 14 12
33.85547 12.1640625 07 14 12
2.9179688 12.9140625 07 14 12
2.4960938 13.7109375 07 14 12
3.5507812 13.8984375 07 14 12
32.027344 13.8984375 07 14 12
4.3945312 14.1796875 07 14 12
23.238281 -3.5390625 07 14 13
23.238281 -3.5390625 07 14 13
23.238281 -3.5390625 07 14 13
25.136719 -3.1640625 07 14 14
22.324219 -3.1640625 07 14 14
24.222656 -1.9921875 07 14 14
7.2773438 5.7890625 07 14 14
7.5585938 6.7734375 07 14 14
7.3476562 6.9609375 07 14 15
29.988281 13.1484375 07 14 15
19.160156 -1.9453125 07 14 16
9.597656 9.7734375 07 14 16
28.230469 5.4609375 07 14 17
34.839844 7.8046875 07 14 17
12.480469 13.6640625 07 14 17
12.128906 9.8671875 07 15 12
9.878906 10.2890625 07 15 12
10.371094 10.7578125 07 15 12
21.339844 -3.6328125 07 15 14
31.324219 9.9140625 07 15 15
31.324219 9.9140625 07 15 15
31.324219 6.3046875 07 15 16
6.6445312 9.1640625 07 15 16
6.6445312 9.1640625 07 15 16
5.5195312 10.0078125 07 15 16
30.761719 5.5546875 07 15 17
5.5898438 9.1640625 07 15 17
5.5898438 9.1640625 07 15 17
33.503906 4.5234375 07 16 12
33.503906 4.5234375 07 16 12
33.503906 4.5234375 07 16 12
17.824219 6.3515625 07 16 12
36.17578 10.7578125 07 16 12
32.871094 13.8515625 07 16 12
34.066406 13.1953125 07 16 12
32.871094 13.8515625 07 16 12
24.503906 1.7109375 07 16 13
24.503906 1.7109375 07 16 13
24.503906 1.7109375 07 16 13
31.535156 14.0859375 07 16 13
35.753906 13.6171875 07 16 15
2.2148438 16.289062 07 16 15
8.964844 9.3046875 07 17 12
9.386719 9.8671875 07 17 12
9.808594 10.8515625 07 17 12
31.886719 10.5234375 07 17 13
28.089844 13.7109375 07 17 13
28.863281 15.1171875 07 17 13
28.230469 13.5703125 07 17 14
34.066406 9.2578125 07 17 17
22.675781 6.3984375 07 18 12
17.542969 6.6796875 07 18 12
17.472656 6.6796875 07 18 12
17.472656 6.6796875 07 18 12
17.472656 6.6796875 07 18 12
17.824219 6.7734375 07 18 12
16.980469 7.7578125 07 18 12
19.089844 8.5546875 07 18 12
34.910156 10.0078125 07 18 12
34.910156 10.0078125 07 18 12
34.98047 10.0078125 07 18 12
34.910156 10.0078125 07 18 12
23.308594 12.4453125 07 18 14
20.074219 5.4609375 07 18 15
29.636719 9.1640625 07 19 12
29.636719 9.1640625 07 19 12
29.636719 9.1640625 07 19 12
29.988281 9.8671875 07 19 12
5.0976562 10.8515625 07 19 12
29.285156 12.0234375 07 19 12
30.621094 13.1484375 07 19 12
30.621094 13.1484375 07 19 12
28.441406 12.7734375 07 19 12
10.722656 6.3046875 07 19 13
7.2773438 12.1640625 07 19 13
12.269531 7.3359375 07 19 15
12.269531 7.3359375 07 19 15
14.941406 5.7421875 07 19 16
33.152344 10.5234375 07 19 17
2.0039062 14.0390625 07 19 17
30.761719 3.8203125 07 20 12
29.566406 4.2890625 07 20 12
30.761719 3.8203125 07 20 12
29.566406 4.2890625 07 20 12
29.566406 4.2890625 07 20 12
29.566406 4.2890625 07 20 12
28.441406 5.0390625 07 20 12
28.441406 5.0390625 07 20 12
30.410156 5.3671875 07 20 12
23.519531 7.3359375 07 20 12
21.058594 8.2265625 07 20 12
3.4101562 8.2734375 07 20 12
14.167969 9.4921875 07 20 12
14.167969 9.4921875 07 20 12
33.433594 10.0078125 07 20 12
32.16797 4.2421875 07 20 13
32.16797 4.2421875 07 20 13
24.644531 6.7265625 07 20 13
26.121094 15.2109375 07 20 13
28.792969 13.4765625 07 20 14
33.152344 6.5390625 07 20 15
32.80078 10.8515625 07 20 15
29.425781 3.3046875 07 21 12
29.425781 3.3046875 07 21 12
28.511719 3.9609375 07 21 12
28.511719 3.9609375 07 21 12
4.1132812 11.6484375 07 21 12
4.1132812 11.6484375 07 21 12
4.5351562 11.9296875 07 21 12
4.1132812 11.6484375 07 21 12
5.3085938 12.0234375 07 21 12
4.2539062 11.7421875 07 21 12
3.9726562 12.0703125 07 21 12
3.9726562 13.1953125 07 21 12
3.9726562 13.1953125 07 21 12
2.2851562 13.5703125 07 21 12
2.2851562 13.5703125 07 21 12
33.36328 5.4609375 07 21 13
27.878906 14.7421875 07 21 15
32.589844 15.9140625 07 21 16
1.8632812 16.382812 07 21 17
14.308594 7.8984375 07 22 12
15.714844 11.0390625 07 22 12
30.339844 13.1953125 07 22 12
29.566406 13.7578125 07 22 14
29.496094 13.8984375 07 22 14
29.425781 14.0390625 07 22 14
10.792969 9.3515625 07 23 12
6.7148438 10.3359375 07 23 12
8.191406 10.9921875 07 23 12
9.527344 11.1328125 07 23 12
8.191406 10.9921875 07 23 12
9.527344 11.1328125 07 23 12
8.824219 11.2734375 07 23 12
8.824219 11.2734375 07 23 12
8.824219 11.3203125 07 23 12
17.332031 13.1953125 07 23 12
24.152344 12.9140625 07 23 12
17.261719 13.2421875 07 23 12
14.378906 12.6796875 07 23 13
15.644531 12.2578125 07 23 14
15.082031 13.2890625 07 23 14
12.621094 8.5546875 07 23 16
13.535156 10.5703125 07 23 16
15.082031 17.273438 07 23 16
12.761719 13.8984375 07 23 17
12.761719 13.8984375 07 23 17
13.675781 16.007812 07 23 17
14.308594 16.617188 07 23 17
35.54297 1.1015625 07 24 12
31.394531 4.9453125 07 24 12
14.800781 14.0859375 07 24 13
15.574219 14.8828125 07 24 13
9.949219 10.2421875 07 24 14
12.832031 13.8984375 07 24 14
15.996094 14.6015625 07 24 14
15.996094 14.6015625 07 24 14
14.308594 14.5078125 07 24 14
13.113281 18.960938 07 24 14
4.4648438 9.1640625 07 24 15
11.214844 12.2578125 07 24 15
10.371094 13.9453125 07 24 15
10.511719 13.9921875 07 24 15
17.050781 14.6484375 07 24 15
11.144531 15.0703125 07 24 15
16.066406 12.0703125 07 24 16
9.949219 15.1640625 07 24 16
11.636719 16.101562 07 24 16
17.894531 15.4921875 07 24 17
28.300781 5.2265625 07 25 12
28.652344 5.5078125 07 25 12
29.074219 5.5546875 07 25 12
27.246094 6.5390625 07 25 12
21.761719 9.6328125 07 25 12
29.847656 10.2890625 07 25 12
32.027344 10.6640625 07 25 12
33.152344 10.8984375 07 25 12
33.29297 11.0390625 07 25 12
32.027344 10.6640625 07 25 12
32.027344 10.6640625 07 25 12
33.29297 11.0390625 07 25 12
32.027344 10.6640625 07 25 12
33.29297 11.0390625 07 25 12
30.410156 10.5703125 07 25 12
5.5195312 17.554688 07 25 12
5.5898438 17.554688 07 25 12
5.5195312 18.445312 07 25 12
5.5898438 18.445312 07 25 12
5.4492188 18.867188 07 25 12
4.1835938 18.070312 07 25 13
4.1835938 18.070312 07 25 13
26.613281 -0.6328125 07 25 14
25.910156 -0.4453125 07 25 14
35.89453 0.9609375 07 25 14
3.1992188 17.742188 07 25 14
3.0585938 17.273438 07 25 14
3.1992188 17.742188 07 25 14
2.7070312 18.726562 07 25 14
2.7070312 18.726562 07 25 14
6.5742188 21.632812 07 25 14
33.57422 7.1953125 07 25 15
10.652344 13.6640625 07 25 15
3.7617188 16.476562 07 25 15
1.5820312 17.601562 07 25 15
1.5820312 17.601562 07 25 15
1.4414062 17.695312 07 25 15
2.0039062 18.070312 07 25 15
1.4414062 15.9609375 07 25 17
17.894531 -3.0234375 07 26 12
17.894531 -3.0234375 07 26 12
27.878906 9.4921875 07 26 12
27.878906 9.4921875 07 26 12
27.878906 9.4921875 07 26 12
27.878906 9.4921875 07 26 12
27.878906 9.4921875 07 26 12
29.988281 10.1484375 07 26 12
29.988281 10.1484375 07 26 12
25.910156 11.5546875 07 26 12
25.910156 11.5546875 07 26 12
26.964844 12.3046875 07 26 12
21.410156 -2.6953125 07 26 13
18.949219 0.5390625 07 26 13
36.10547 10.1484375 07 26 14
32.44922 10.9453125 07 26 14
2.4257812 23.414062 07 26 14
2.4257812 23.414062 07 26 14
30.128906 4.4296875 07 26 15
27.527344 14.5546875 07 26 15
29.496094 14.0859375 07 26 16
30.550781 14.8359375 07 26 16
28.511719 15.3515625 07 26 16
12.339844 -0.0703125 07 27 12
13.324219 0.6328125 07 27 12
13.324219 0.6328125 07 27 12
3.1992188 13.2421875 07 27 12
7.9804688 12.7265625 07 27 14
30.410156 13.1484375 07 27 14
7.6992188 10.9921875 07 27 15
31.535156 14.2734375 07 27 15
5.9414062 15.1171875 07 27 15
7.6289062 17.929688 07 27 15
30.199219 8.8828125 07 27 16
33.85547 9.6328125 07 27 17
5.3789062 15.3515625 07 27 17
31.886719 9.4921875 07 28 12
32.871094 10.7109375 07 28 12
25.488281 9.4921875 07 28 12
25.699219 9.3984375 07 28 12
25.488281 9.4921875 07 28 12
25.488281 9.4921875 07 28 12
25.488281 9.4921875 07 28 12
32.16797 10.8984375 07 28 12
32.871094 10.7109375 07 28 12
29.425781 13.8984375 07 28 12
29.425781 13.8046875 07 28 12
33.01172 13.8046875 07 28 12
29.214844 10.9453125 07 28 13
28.722656 11.1328125 07 28 14
28.722656 16.054688 07 28 14
19.160156 6.5390625 07 28 15
19.160156 6.5390625 07 28 15
16.558594 6.8203125 07 28 16
5.2382812 11.3671875 07 28 16
29.566406 11.5546875 07 28 16
36.597656 -0.0703125 07 28 17
30.550781 11.6953125 07 28 17
32.871094 10.1484375 07 29 12
32.871094 10.1484375 07 29 12
33.29297 15.3984375 07 29 15
33.29297 15.3984375 07 29 15
28.933594 -1.8984375 07 30 12
18.105469 10.2890625 07 30 12
18.878906 11.0390625 07 30 12
18.667969 11.1796875 07 30 12
34.910156 12.0234375 07 30 12
18.738281 11.9296875 07 30 12
18.878906 11.9765625 07 30 12
34.69922 12.7734375 07 30 12
32.871094 12.7734375 07 30 12
32.941406 12.8203125 07 30 12
18.808594 14.6953125 07 30 12
25.980469 15.5859375 07 30 12
22.535156 16.617188 07 30 12
22.535156 16.617188 07 30 12
22.605469 8.8359375 07 30 13
22.605469 8.8359375 07 30 13
24.152344 13.4296875 07 30 13
23.871094 14.7890625 07 30 13
15.996094 5.2734375 07 30 14
20.917969 12.1171875 07 30 14
31.464844 12.4453125 07 30 14
21.691406 15.6328125 07 30 14
15.855469 7.4296875 07 30 15
31.957031 10.1015625 07 30 15
26.121094 -4.7109375 07 30 16
22.605469 4.5703125 07 30 17
20.214844 5.6484375 07 30 17
20.214844 5.6484375 07 30 17
24.152344 9.3515625 07 30 17
35.753906 0.9609375 08 01 12
35.753906 0.9609375 08 01 12
36.66797 1.2421875 08 01 12
35.753906 0.9609375 08 01 12
35.753906 0.9609375 08 01 12
22.605469 1.6171875 08 01 12
34.558594 2.1328125 08 01 12
22.605469 1.6171875 08 01 12
22.605469 1.6171875 08 01 12
38.566406 9.5390625 08 01 12
36.66797 11.3671875 08 01 12
37.371094 11.5078125 08 01 12
33.433594 4.3359375 08 01 14
26.753906 3.0703125 08 01 16
5.8710938 10.6171875 08 02 12
5.8007812 10.6171875 08 02 12
5.8007812 10.6171875 08 02 12
34.910156 13.9453125 08 02 13
34.910156 13.9453125 08 02 13
34.76953 14.4140625 08 02 13
14.941406 14.2734375 08 02 14
14.660156 15.3046875 08 02 14
14.589844 16.007812 08 02 14
35.964844 14.1796875 08 02 17
35.683594 1.0078125 08 03 12
35.683594 1.0078125 08 03 12
37.01953 1.3359375 08 03 12
20.144531 4.9921875 08 03 12
2.9882812 9.0234375 08 03 12
4.6054688 11.6953125 08 03 12
4.6054688 11.6953125 08 03 12
4.6054688 11.6953125 08 03 12
3.0585938 12.3515625 08 03 12
3.0585938 12.3515625 08 03 12
3.1289062 12.3046875 08 03 12
4.3945312 12.3515625 08 03 12
3.1289062 13.4296875 08 03 12
3.9726562 13.0078125 08 03 12
20.355469 2.3203125 08 03 14
20.355469 2.3203125 08 03 14
15.082031 12.8671875 08 03 15
13.886719 13.9921875 08 03 15
15.292969 14.1328125 08 03 15
12.972656 14.2265625 08 03 15
37.441406 15.9609375 08 03 15
20.355469 1.5703125 08 03 16
1.7226562 13.8046875 08 03 16
4.8164062 16.007812 08 03 16
4.8164062 16.007812 08 03 16
5.5195312 15.8203125 08 03 16
4.8164062 16.007812 08 03 16
4.8164062 16.007812 08 03 16
4.6757812 16.523438 08 03 16
2.8476562 14.8828125 08 03 17
3.2695312 15.4921875 08 03 17
2.9179688 16.195312 08 03 17
28.792969 -0.3984375 08 04 12
21.410156 2.3671875 08 04 12
31.324219 4.4296875 08 04 12
40.183594 7.1484375 08 04 12
40.183594 7.1484375 08 04 12
38.98828 7.4296875 08 04 12
39.19922 7.5234375 08 04 12
39.26953 8.2734375 08 04 12
39.48047 8.7890625 08 04 12
39.410156 8.7890625 08 04 12
38.566406 8.7421875 08 04 12
37.51172 10.6171875 08 04 12
37.51172 10.6171875 08 04 12
37.01953 10.6171875 08 04 12
37.30078 10.5703125 08 04 12
37.01953 15.8203125 08 04 12
37.01953 15.8203125 08 04 12
37.01953 15.8203125 08 04 12
37.01953 15.8203125 08 04 12
26.613281 1.1015625 08 04 13
19.863281 3.4453125 08 04 13
20.707031 3.5390625 08 04 13
19.863281 3.4453125 08 04 13
19.441406 4.5703125 08 04 13
19.441406 4.5703125 08 04 13
20.425781 4.9453125 08 04 13
20.425781 4.9453125 08 04 13
23.308594 5.3671875 08 04 13
14.519531 7.2421875 08 04 13
24.222656 12.5859375 08 04 13
27.457031 -1.8046875 08 04 14
27.808594 1.0546875 08 04 14
27.808594 1.0546875 08 04 14
24.152344 4.1015625 08 04 14
19.792969 7.5234375 08 04 14
36.527344 14.3671875 08 04 14
28.371094 -1.7109375 08 04 15
26.261719 -0.7265625 08 04 15
28.792969 2.0390625 08 04 15
14.378906 10.8984375 08 04 16
14.378906 10.8984375 08 04 16
16.628906 3.3515625 08 04 17
15.503906 7.1484375 08 04 17
5.8007812 15.2578125 08 04 17
36.66797 0.9609375 08 05 12
36.66797 0.9609375 08 05 12
28.089844 4.0078125 08 05 12
27.527344 4.4296875 08 05 12
27.386719 4.4765625 08 05 12
29.214844 4.7578125 08 05 12
27.527344 4.4296875 08 05 12
21.128906 5.2265625 08 05 12
29.917969 4.9921875 08 05 12
29.285156 5.6484375 08 05 12
18.527344 6.3515625 08 05 12
19.019531 6.3984375 08 05 12
19.582031 6.9140625 08 05 12
20.074219 7.0078125 08 05 12
29.003906 6.1640625 08 05 12
29.214844 6.1640625 08 05 12
20.074219 7.0078125 08 05 12
32.44922 7.0546875 08 05 12
20.074219 7.0078125 08 05 12
35.753906 9.8671875 08 05 12
39.26953 9.5390625 08 05 12
34.48828 10.7109375 08 05 12
38.777344 10.9921875 08 05 12
37.79297 11.5546875 08 05 12
37.79297 11.5546875 08 05 12
36.94922 14.8359375 08 05 12
36.878906 14.8359375 08 05 12
23.449219 -2.9765625 08 05 13
23.449219 -2.9765625 08 05 13
27.246094 -0.0234375 08 05 13
25.136719 0.5390625 08 05 13
27.949219 0.9140625 08 05 13
27.949219 0.9140625 08 05 13
20.285156 4.7109375 08 05 13
20.917969 5.3203125 08 05 13
10.792969 6.3046875 08 05 13
36.246094 12.3515625 08 05 13
23.449219 -2.6484375 08 05 14
23.941406 -0.2578125 08 05 14
24.644531 0.3984375 08 05 14
26.824219 0.6328125 08 05 14
18.527344 5.2265625 08 05 14
11.636719 6.5390625 08 05 14
11.636719 6.5390625 08 05 14
37.86328 10.6171875 08 05 14
23.449219 0.0703125 08 05 15
22.394531 0.4921875 08 05 15
11.074219 10.1015625 08 05 15
12.902344 10.1953125 08 05 15
2.5664062 14.3671875 08 05 15
2.5664062 14.3671875 08 05 15
3.8320312 14.9296875 08 05 15
24.152344 -0.9140625 08 05 16
1.4414062 10.0546875 08 05 16
2.3554688 12.5390625 08 05 16
19.933594 3.8671875 08 05 17
19.933594 3.8671875 08 05 17
23.519531 -3.2109375 08 06 12
34.628906 2.2265625 08 06 12
23.167969 3.1171875 08 06 12
20.707031 4.5703125 08 06 12
20.707031 4.5703125 08 06 12
20.707031 4.5703125 08 06 12
20.707031 4.9453125 08 06 12
20.777344 4.9921875 08 06 12
20.777344 4.9921875 08 06 12
20.777344 4.9921875 08 06 12
23.589844 7.7109375 08 06 12
25.910156 7.5234375 08 06 12
23.941406 7.8046875 08 06 12
26.261719 7.7109375 08 06 12
23.589844 7.7109375 08 06 12
20.566406 10.0546875 08 06 12
38.003906 11.1328125 08 06 12
22.675781 -2.7890625 08 06 13
23.238281 -1.9921875 08 06 13
23.449219 -2.2265625 08 06 13
22.324219 0.3046875 08 06 13
19.652344 3.9140625 08 06 13
19.863281 4.0546875 08 06 13
23.519531 6.6796875 08 06 13
23.167969 -1.4765625 08 06 14
23.308594 0.5390625 08 06 14
23.800781 1.2890625 08 06 14
23.800781 1.2890625 08 06 14
24.785156 5.7890625 08 06 14
17.402344 7.1015625 08 06 14
17.402344 7.1015625 08 06 14
28.582031 1.2890625 08 06 15
28.863281 2.0390625 08 06 15
18.316406 5.4140625 08 06 15
27.175781 6.0234375 08 06 15
2.2851562 14.0859375 08 06 16
5.5195312 10.7109375 08 06 17
33.36328 10.8515625 08 06 17
3.0585938 13.0546875 08 06 17
38.285156 13.5703125 08 06 17
2.0742188 13.8515625 08 06 17
27.105469 1.5234375 08 07 12
27.105469 1.5234375 08 07 12
15.996094 6.7265625 08 07 12
37.160156 11.5546875 08 07 12
33.503906 11.5078125 08 07 12
33.01172 13.0078125 08 07 12
16.558594 5.6953125 08 07 14
16.558594 5.6953125 08 07 14
23.941406 1.9453125 08 07 15
14.871094 13.6640625 08 07 15
14.941406 13.6640625 08 07 15
14.941406 13.6640625 08 07 15
36.73828 12.8671875 08 07 17
35.191406 1.2421875 08 08 12
34.41797 3.1640625 08 08 12
33.433594 3.5390625 08 08 12
21.691406 5.0859375 08 08 12
20.707031 5.1796875 08 08 12
20.707031 5.1796875 08 08 12
14.378906 14.0859375 08 08 12
34.98047 1.4765625 08 08 13
14.800781 13.1015625 08 08 13
14.800781 13.1015625 08 08 13
12.972656 14.1328125 08 08 13
12.972656 14.1328125 08 08 13
30.058594 6.5390625 08 08 14
30.128906 6.4921875 08 08 14
11.285156 11.0859375 08 08 14
18.105469 12.6796875 08 08 14
25.277344 -1.1953125 08 08 15
24.011719 6.7734375 08 08 15
14.167969 15.3984375 08 08 15
15.292969 14.3203125 08 08 16
15.292969 14.3203125 08 08 16
28.160156 4.3828125 08 08 17
18.316406 6.3046875 08 08 17
19.160156 6.4921875 08 08 17
34.628906 1.2890625 08 09 12
22.113281 3.8203125 08 09 12
30.902344 3.9609375 08 09 12
21.269531 4.5703125 08 09 12
21.199219 4.6171875 08 09 12
31.886719 4.4296875 08 09 12
27.175781 5.4609375 08 09 12
26.683594 5.5078125 08 09 12
27.808594 6.1171875 08 09 12
27.808594 6.1640625 08 09 12
27.035156 9.3046875 08 09 12
39.691406 10.6171875 08 09 12
37.86328 11.6015625 08 09 12
38.777344 11.0390625 08 09 12
36.94922 12.2578125 08 09 12
36.878906 12.3984375 08 09 12
4.1835938 14.0390625 08 09 12
28.652344 0.3046875 08 09 13
39.26953 12.4921875 08 09 13
8.191406 17.601562 08 09 13
18.457031 9.0703125 08 09 15
8.191406 15.1640625 08 09 17
8.050781 15.2109375 08 09 17
34.558594 1.2890625 08 10 12
26.613281 5.7890625 08 10 12
26.613281 5.7890625 08 10 12
29.285156 5.9296875 08 10 12
21.761719 5.9296875 08 10 12
29.355469 5.9765625 08 10 12
39.26953 9.7734375 08 10 12
9.105469 11.0390625 08 10 12
9.105469 11.0390625 08 10 12
10.089844 12.0234375 08 10 12
10.089844 12.0234375 08 10 12
27.316406 1.2890625 08 10 13
27.316406 1.2890625 08 10 13
27.878906 2.3203125 08 10 13
27.878906 2.3203125 08 10 13
14.660156 7.1015625 08 10 13
27.808594 7.0546875 08 10 13
36.66797 15.6796875 08 10 13
34.839844 1.3359375 08 10 14
14.027344 4.9453125 08 10 14
17.332031 11.6015625 08 10 14
15.574219 4.5703125 08 10 15
36.38672 15.0703125 08 10 15
14.589844 5.2734375 08 10 16
18.246094 12.8203125 08 10 16
5.6601562 14.4140625 08 10 16
14.167969 6.3515625 08 10 17
30.410156 8.3203125 08 10 17
25.628906 3.5859375 08 11 12
25.699219 3.7265625 08 11 12
25.699219 3.7265625 08 11 12
22.253906 5.3203125 08 11 12
16.136719 5.1796875 08 11 12
30.902344 6.4921875 08 11 12
31.113281 6.6328125 08 11 12
31.113281 6.6328125 08 11 12
27.386719 7.4765625 08 11 12
28.792969 7.1484375 08 11 12
27.457031 7.9921875 08 11 12
39.83203 7.6640625 08 11 12
27.035156 7.4296875 08 11 12
29.214844 8.2265625 08 11 12
28.089844 7.5234375 08 11 12
29.214844 8.2265625 08 11 12
28.511719 7.8984375 08 11 12
39.48047 9.7734375 08 11 12
39.48047 9.7734375 08 11 12
29.917969 10.4296875 08 11 12
29.917969 10.4296875 08 11 12
39.48047 9.8203125 08 11 12
29.917969 10.4296875 08 11 12
29.917969 10.4296875 08 11 12
39.128906 10.5234375 08 11 12
1.5820312 11.3671875 08 11 12
38.214844 13.4296875 08 11 12
1.7226562 13.2421875 08 11 12
1.7226562 13.2421875 08 11 12
32.941406 13.4765625 08 11 12
37.86328 13.5703125 08 11 12
13.324219 4.6171875 08 11 13
14.660156 5.2265625 08 11 13
27.527344 6.3046875 08 11 13
19.019531 6.3046875 08 11 13
18.597656 8.6015625 08 11 13
36.527344 9.0234375 08 11 13
16.839844 10.1015625 08 11 13
16.839844 10.1015625 08 11 13
20.355469 10.0546875 08 11 13
16.839844 10.1015625 08 11 13
16.980469 11.3203125 08 11 13
16.980469 11.3203125 08 11 13
19.441406 9.4453125 08 11 14
36.10547 9.1171875 08 11 14
18.035156 13.3359375 08 11 14
20.496094 6.3984375 08 11 15
20.496094 6.3984375 08 11 15
2.7773438 14.6484375 08 11 15
2.7773438 14.6484375 08 11 15
3.0585938 17.179688 08 11 15
3.3398438 15.6328125 08 11 16
15.855469 -0.1171875 08 12 12
16.417969 -0.0703125 08 12 12
16.136719 0.9609375 08 12 12
16.136719 0.9609375 08 12 12
15.996094 1.7109375 08 12 12
15.433594 1.3828125 08 12 12
18.316406 4.5234375 08 12 12
16.628906 5.0859375 08 12 12
18.316406 4.5234375 08 12 12
16.558594 6.0703125 08 12 12
18.527344 6.3046875 08 12 12
2.4960938 9.1640625 08 12 12
39.339844 9.3984375 08 12 12
38.285156 9.0234375 08 12 12
12.480469 10.3359375 08 12 12
1.8632812 9.9140625 08 12 12
2.5664062 10.3828125 08 12 12
12.480469 10.3359375 08 12 12
2.0742188 10.9453125 08 12 12
12.691406 10.3828125 08 12 12
2.7773438 10.7109375 08 12 12
2.7773438 10.7109375 08 12 12
1.4414062 11.3671875 08 12 12
2.7773438 10.7109375 08 12 12
2.7773438 10.7109375 08 12 12
38.285156 11.6484375 08 12 12
38.42578 13.9453125 08 12 12
30.832031 4.7109375 08 12 13
42.29297 9.7734375 08 12 13
42.433594 9.7734375 08 12 13
19.230469 6.8203125 08 12 15
35.753906 11.7890625 08 12 16
15.363281 13.4765625 08 12 16
2.9882812 13.7578125 08 12 16
14.378906 14.7890625 08 12 16
40.464844 9.7265625 08 12 17
39.26953 9.5859375 08 13 12
18.316406 10.3359375 08 13 12
39.058594 11.0390625 08 13 12
33.222656 2.0859375 08 13 15
10.300781 9.9140625 08 13 15
29.003906 3.0234375 08 13 16
40.253906 10.7109375 08 13 16
3.2695312 13.8515625 08 13 17
27.878906 -0.8203125 08 14 12
27.878906 -0.8203125 08 14 12
16.769531 0.4921875 08 14 12
16.277344 1.5234375 08 14 12
32.941406 2.3203125 08 14 12
27.386719 5.8359375 08 14 12
27.035156 6.1171875 08 14 12
27.386719 5.8359375 08 14 12
38.003906 11.4140625 08 14 12
32.941406 10.2421875 08 14 12
38.003906 11.4140625 08 14 12
38.003906 11.4140625 08 14 12
39.621094 12.5859375 08 14 12
24.785156 -2.2265625 08 14 15
25.136719 -2.0390625 08 14 15
11.074219 11.2265625 08 14 15
26.542969 1.1484375 08 14 16
5.3789062 14.2734375 08 14 16
26.472656 1.7578125 08 14 17
24.574219 -0.6328125 08 15 12
24.644531 -0.6328125 08 15 12
24.574219 -0.6328125 08 15 12
24.574219 -0.6328125 08 15 12
24.855469 0.1171875 08 15 12
24.855469 0.2109375 08 15 12
20.214844 4.0078125 08 15 12
34.277344 2.2265625 08 15 12
24.644531 3.9609375 08 15 12
24.574219 4.1953125 08 15 12
20.214844 4.0078125 08 15 12
24.574219 4.1953125 08 15 12
20.214844 4.0078125 08 15 12
29.425781 5.1328125 08 15 12
24.644531 4.0546875 08 15 12
20.917969 4.9453125 08 15 12
20.003906 4.5703125 08 15 12
20.003906 4.5703125 08 15 12
24.574219 4.1953125 08 15 12
29.425781 5.1328125 08 15 12
20.355469 4.6640625 08 15 12
27.035156 5.6484375 08 15 12
25.417969 4.6171875 08 15 12
11.214844 5.4140625 08 15 12
19.863281 4.5703125 08 15 12
23.800781 5.6484375 08 15 12
19.933594 4.6171875 08 15 12
19.933594 4.6171875 08 15 12
25.417969 4.7578125 08 15 12
22.042969 5.6484375 08 15 12
22.042969 5.6484375 08 15 12
12.550781 5.3671875 08 15 12
22.042969 5.6484375 08 15 12
24.011719 5.9765625 08 15 12
27.105469 5.8359375 08 15 12
27.105469 5.8359375 08 15 12
24.433594 7.5703125 08 15 12
11.214844 9.1640625 08 15 12
23.378906 7.6640625 08 15 12
9.105469 9.3984375 08 15 12
9.105469 9.3984375 08 15 12
11.214844 9.1640625 08 15 12
28.792969 2.2734375 08 15 13
28.792969 2.2734375 08 15 13
28.792969 2.2734375 08 15 13
29.144531 5.0390625 08 15 13
10.160156 6.3046875 08 15 13
21.902344 7.1953125 08 15 13
21.339844 7.8984375 08 15 13
21.832031 7.1953125 08 15 13
21.410156 7.8984375 08 15 13
21.410156 7.8984375 08 15 13
28.441406 5.1796875 08 15 14
18.527344 6.0234375 08 15 14
18.527344 6.0234375 08 15 14
18.246094 6.8203125 08 15 14
29.285156 10.1484375 08 15 14
29.847656 10.3828125 08 15 14
27.808594 10.0078125 08 15 14
25.910156 9.1171875 08 15 15
22.535156 0.4453125 08 15 16
7.4882812 7.8046875 08 15 16
28.019531 1.9921875 08 16 12
29.496094 4.8046875 08 16 12
15.714844 6.2578125 08 16 12
2.9179688 10.1953125 08 16 12
27.808594 2.0859375 08 16 13
10.863281 6.5390625 08 16 13
10.863281 6.5390625 08 16 13
30.058594 6.8671875 08 16 13
7.7695312 8.8359375 08 16 13
9.316406 9.5390625 08 16 14
9.316406 9.5390625 08 16 14
19.160156 -1.7109375 08 16 15
21.691406 -0.1171875 08 16 15
21.691406 -0.1171875 08 16 15
21.691406 -0.1171875 08 16 15
24.925781 0.4921875 08 16 15
22.324219 1.2421875 08 16 15
18.738281 -1.1953125 08 16 16
11.214844 4.8515625 08 16 17
11.988281 5.5546875 08 16 17
14.027344 13.7578125 08 16 17
10.019531 14.6953125 08 16 17
11.566406 0.3515625 08 17 12
11.566406 0.3515625 08 17 12
23.308594 3.3984375 08 17 12
23.308594 3.4453125 08 17 12
16.558594 7.0546875 08 17 12
17.261719 7.1484375 08 17 12
30.972656 8.4609375 08 17 12
33.29297 9.4453125 08 17 12
33.36328 9.4921875 08 17 12
30.832031 8.5546875 08 17 12
31.675781 9.3984375 08 17 12
31.886719 10.4765625 08 17 12
41.589844 9.3984375 08 17 12
31.886719 10.4765625 08 17 12
31.886719 10.4765625 08 17 12
31.886719 10.4765625 08 17 12
31.886719 10.4765625 08 17 12
31.886719 10.4765625 08 17 12
32.027344 11.0390625 08 17 12
19.511719 -5.4609375 08 17 13
20.003906 -3.4453125 08 17 13
14.449219 4.8984375 08 17 14
3.6210938 9.1171875 08 17 14
3.6210938 9.1171875 08 17 14
3.6210938 9.1171875 08 17 14
16.558594 9.6328125 08 17 14
3.9726562 9.9609375 08 17 14
16.628906 9.5859375 08 17 14
19.652344 9.9609375 08 17 14
19.652344 9.9609375 08 17 14
21.480469 7.4296875 08 17 15
16.488281 9.8671875 08 17 15
2.4257812 12.2578125 08 17 15
3.5507812 7.4296875 08 17 16
18.949219 7.7109375 08 17 16
13.183594 6.1640625 08 17 17
13.183594 7.1015625 08 17 17
15.222656 7.1953125 08 17 17
2.2851562 16.289062 08 17 17
2.1445312 16.945312 08 17 17
21.550781 -26.554688 08 18 12
16.769531 4.2890625 08 18 12
32.51953 3.8671875 08 18 12
16.769531 4.2890625 08 18 12
20.917969 4.4296875 08 18 12
16.769531 4.2890625 08 18 12
16.769531 4.2890625 08 18 12
20.917969 4.4296875 08 18 12
20.917969 4.4296875 08 18 12
32.097656 5.7890625 08 18 12
19.511719 5.6484375 08 18 12
19.652344 5.6484375 08 18 12
32.097656 5.7890625 08 18 12
19.371094 7.4296875 08 18 12
21.339844 6.2109375 08 18 12
19.371094 7.4296875 08 18 12
18.738281 7.1015625 08 18 12
19.019531 7.6640625 08 18 12
18.246094 7.4765625 08 18 12
20.144531 7.3359375 08 18 12
5.9414062 8.0859375 08 18 12
39.76172 8.0859375 08 18 12
5.9414062 8.1796875 08 18 12
7.0664062 8.6953125 08 18 12
33.01172 9.0234375 08 18 12
6.0117188 9.3515625 08 18 12
34.13672 9.8203125 08 18 12
6.8554688 8.9296875 08 18 12
35.89453 9.1640625 08 18 12
35.402344 9.7265625 08 18 12
22.042969 4.8515625 08 18 13
22.183594 4.9453125 08 18 13
14.589844 5.9765625 08 18 13
10.511719 6.5390625 08 18 13
10.511719 6.5390625 08 18 13
24.925781 7.4296875 08 18 13
28.722656 2.0859375 08 18 14
13.746094 5.2265625 08 18 14
19.300781 -3.6796875 08 18 15
19.300781 -3.6796875 08 18 15
20.917969 -3.0234375 08 18 15
16.347656 10.9921875 08 18 15
15.433594 11.2734375 08 18 15
15.433594 11.2734375 08 18 15
19.722656 -1.9921875 08 18 16
4.9570312 13.6640625 08 18 16
25.347656 -28.757812 08 19 12
25.347656 -28.757812 08 19 12
16.839844 2.0859375 08 19 12
19.652344 3.1640625 08 19 12
31.042969 3.9609375 08 19 12
19.652344 3.1640625 08 19 12
32.51953 3.9140625 08 19 12
20.144531 3.8671875 08 19 12
31.113281 4.3359375 08 19 12
21.480469 4.1484375 08 19 12
20.144531 3.8671875 08 19 12
24.925781 5.1328125 08 19 12
24.925781 5.1328125 08 19 12
31.746094 5.6484375 08 19 12
31.535156 8.2734375 08 19 12
18.246094 10.6171875 08 19 12
19.230469 10.7109375 08 19 12
18.246094 11.9296875 08 19 12
18.246094 11.9765625 08 19 12
28.722656 4.8515625 08 19 13
30.832031 4.5234375 08 19 13
40.88672 9.2578125 08 19 13
41.73047 9.6328125 08 19 13
21.128906 -3.5859375 08 19 14
21.621094 -3.1640625 08 19 14
21.761719 -3.1640625 08 19 14
22.605469 1.6171875 08 19 14
23.308594 3.0234375 08 19 14
19.089844 4.8515625 08 19 14
28.019531 4.0078125 08 19 15
25.347656 4.6640625 08 19 15
19.371094 0.3515625 08 19 16
20.636719 4.5703125 08 19 16
31.816406 6.7734375 08 19 16
17.894531 -4.0546875 08 19 17
20.566406 0.1640625 08 19 17
27.316406 -28.476562 08 20 12
34.628906 1.2890625 08 20 12
27.457031 4.8515625 08 20 12
22.324219 5.0390625 08 20 12
14.941406 6.3046875 08 20 12
14.660156 7.6640625 08 20 12
13.886719 7.9921875 08 20 12
33.57422 8.2265625 08 20 12
34.41797 9.2578125 08 20 12
34.20703 9.2578125 08 20 12
34.41797 9.3046875 08 20 12
41.73047 9.4921875 08 20 12
12.832031 10.7109375 08 20 12
10.230469 10.7578125 08 20 12
12.761719 11.6015625 08 20 12
12.761719 11.6015625 08 20 12
11.636719 11.3203125 08 20 12
36.316406 12.4921875 08 20 12
37.441406 13.0078125 08 20 12
37.441406 13.0078125 08 20 12
37.441406 13.0078125 08 20 12
17.613281 5.5546875 08 20 13
22.183594 5.9765625 08 20 13
22.605469 6.5859375 08 20 13
20.636719 6.2578125 08 20 13
24.503906 7.3828125 08 20 13
24.363281 7.3828125 08 20 13
8.894531 9.8203125 08 20 13
15.152344 14.0859375 08 20 13
34.628906 15.8203125 08 20 13
33.785156 15.9140625 08 20 13
34.41797 16.664062 08 20 13
35.472656 16.804688 08 20 13
22.324219 11.4140625 08 20 14
35.121094 17.179688 08 20 14
14.167969 2.4140625 08 20 16
15.152344 2.3203125 08 20 16
14.167969 2.4140625 08 20 16
15.152344 2.3203125 08 20 16
5.2382812 8.1796875 08 20 16
4.8164062 8.2734375 08 20 16
12.550781 1.6640625 08 20 17
6.5039062 7.1953125 08 20 17
4.0429688 9.4453125 08 20 17
6.2929688 9.8203125 08 20 17
4.1132812 10.1015625 08 20 17
4.1132812 10.1015625 08 20 17
14.941406 3.9140625 08 21 12
14.941406 4.0546875 08 21 12
15.433594 4.0546875 08 21 12
15.433594 4.0546875 08 21 12
10.441406 6.2578125 08 21 12
10.371094 6.2109375 08 21 12
10.441406 6.2578125 08 21 12
12.128906 7.2890625 08 21 12
32.378906 11.3203125 08 21 12
32.378906 11.3203125 08 21 12
24.222656 11.9765625 08 21 12
16.699219 13.8046875 08 21 12
11.144531 14.7421875 08 21 12
31.253906 15.3515625 08 21 12
11.285156 15.5859375 08 21 12
27.738281 -27.960938 08 21 13
31.605469 9.0703125 08 21 13
32.941406 9.2109375 08 21 13
13.535156 10.9921875 08 21 13
34.558594 11.4140625 08 21 13
14.589844 5.6015625 08 21 14
31.464844 8.5078125 08 21 14
30.691406 9.3046875 08 21 14
40.95703 9.3984375 08 21 14
41.660156 9.4921875 08 21 14
29.636719 10.8046875 08 21 14
1.9335938 11.0390625 08 21 14
33.29297 11.7421875 08 21 14
15.785156 15.3046875 08 21 14
18.878906 3.3046875 08 22 12
16.417969 3.9140625 08 22 12
16.136719 4.4296875 08 22 12
16.136719 4.4296875 08 22 12
16.628906 4.9921875 08 22 12
16.628906 4.9921875 08 22 12
31.675781 7.5234375 08 22 12
35.33203 7.4765625 08 22 12
31.675781 7.5234375 08 22 12
39.48047 8.2734375 08 22 12
35.26172 7.5234375 08 22 12
39.48047 8.2734375 08 22 12
40.60547 8.9765625 08 22 12
40.67578 8.9765625 08 22 12
33.64453 13.1953125 08 22 12
29.355469 15.2578125 08 22 12
31.535156 15.3984375 08 22 12
30.621094 16.992188 08 22 12
15.433594 5.5078125 08 22 13
12.269531 5.9296875 08 22 13
40.183594 7.1953125 08 22 13
13.394531 3.4921875 08 22 14
12.972656 3.4453125 08 22 14
13.394531 3.4921875 08 22 14
33.92578 9.3515625 08 22 14
33.92578 9.4453125 08 22 14
1.7226562 14.8828125 08 22 14
9.035156 11.0390625 08 22 15
13.886719 1.4765625 08 22 16
9.246094 11.8359375 08 22 16
13.464844 4.6171875 08 22 17
3.8320312 9.3515625 08 22 17
3.8320312 9.3515625 08 22 17
4.1132812 10.2890625 08 22 17
4.1132812 10.2890625 08 22 17
4.1132812 10.2890625 08 22 17
4.7460938 10.7578125 08 22 17
26.613281 -2.8828125 08 23 12
26.613281 -2.4140625 08 23 12
30.550781 3.8671875 08 23 12
24.996094 4.6171875 08 23 12
30.761719 3.8203125 08 23 12
25.066406 4.6171875 08 23 12
11.988281 9.1171875 08 23 12
11.777344 8.3671875 08 23 12
36.45703 12.2109375 08 23 12
36.66797 12.3046875 08 23 12
37.652344 12.2109375 08 23 12
37.30078 12.9140625 08 23 12
2.0742188 10.9453125 08 23 13
25.628906 -1.6640625 08 23 14
9.457031 8.1796875 08 23 14
41.308594 9.4453125 08 23 14
1.5117188 9.9609375 08 23 14
1.4414062 13.5703125 08 23 14
1.4414062 13.5703125 08 23 14
29.285156 13.8984375 08 23 14
32.16797 14.6484375 08 23 14
25.136719 -26.601562 08 23 15
26.753906 -1.4296875 08 23 15
24.925781 -0.8203125 08 23 15
15.996094 6.0703125 08 23 15
22.042969 6.9609375 08 23 15
31.464844 11.5078125 08 23 15
2.7070312 13.9453125 08 23 15
2.7070312 13.9453125 08 23 15
2.0742188 14.6953125 08 23 15
2.0742188 14.6953125 08 23 15
6.4335938 15.2578125 08 23 15
28.230469 -29.085938 08 23 16
10.160156 5.5546875 08 23 16
1.7226562 9.0234375 08 23 16
3.0585938 10.0078125 08 23 16
13.886719 10.8515625 08 23 16
4.9570312 14.6015625 08 23 16
4.9570312 14.6015625 08 23 16
5.0273438 15.4921875 08 23 16
12.902344 1.8984375 08 23 17
30.410156 4.3828125 08 23 17
28.511719 7.5234375 08 23 17
3.7617188 14.1796875 08 23 17
32.871094 15.4453125 08 23 17
26.753906 -29.648438 08 24 12
27.246094 -29.367188 08 24 12
29.074219 -28.335938 08 24 12
27.246094 -29.273438 08 24 12
27.667969 -28.523438 08 24 12
26.261719 -28.429688 08 24 12
25.769531 -27.023438 08 24 12
28.019531 -27.023438 08 24 12
26.472656 -27.585938 08 24 12
25.980469 -26.039062 08 24 12
28.019531 -27.023438 08 24 12
27.175781 -26.742188 08 24 12
27.175781 -26.742188 08 24 12
25.980469 -26.039062 08 24 12
24.292969 -25.054688 08 24 12
25.066406 -25.710938 08 24 12
24.292969 -25.054688 08 24 12
25.347656 -25.148438 08 24 12
24.292969 -25.054688 08 24 12
24.292969 -25.054688 08 24 12
23.519531 -24.117188 08 24 12
23.519531 -24.117188 08 24 12
22.675781 -22.757812 08 24 12
27.808594 -0.7265625 08 24 12
31.816406 3.6796875 08 24 12
22.605469 8.4609375 08 24 12
22.605469 8.4609375 08 24 12
23.519531 7.8046875 08 24 12
22.535156 10.0078125 08 24 12
22.464844 10.3828125 08 24 12
22.535156 10.0078125 08 24 12
36.878906 10.9453125 08 24 12
36.878906 10.9453125 08 24 12
22.464844 10.3828125 08 24 12
20.917969 11.2265625 08 24 12
36.66797 11.9765625 08 24 12
36.66797 11.9765625 08 24 12
22.324219 12.3046875 08 24 12
22.324219 12.3046875 08 24 12
32.589844 15.1171875 08 24 12
29.214844 7.1953125 08 24 13
29.566406 7.3359375 08 24 14
27.035156 15.5859375 08 24 14
30.832031 16.007812 08 24 14
30.832031 16.007812 08 24 14
26.824219 0.8671875 08 24 15
27.386719 1.8515625 08 24 15
27.386719 1.8515625 08 24 15
27.386719 1.8984375 08 24 15
14.027344 3.0703125 08 24 15
14.027344 3.0703125 08 24 15
27.808594 3.8671875 08 24 15
23.941406 6.2109375 08 24 15
28.722656 6.3046875 08 24 15
22.605469 -0.8671875 08 24 16
22.605469 -0.7734375 08 24 16
11.496094 3.7265625 08 24 16
26.824219 12.7734375 08 24 16
30.058594 14.8359375 08 24 16
28.652344 7.8046875 08 24 17
3.9726562 11.9765625 08 24 17
37.652344 10.4296875 08 25 12
34.69922 11.0859375 08 25 12
37.01953 10.9921875 08 25 12
34.69922 11.0859375 08 25 12
37.01953 10.9921875 08 25 12
38.777344 10.7578125 08 25 12
37.01953 10.9921875 08 25 12
34.69922 11.0859375 08 25 12
37.01953 10.9921875 08 25 12
34.69922 11.0859375 08 25 12
34.76953 11.0859375 08 25 12
37.01953 10.9921875 08 25 12
34.69922 11.0859375 08 25 12
34.69922 11.0859375 08 25 12
35.472656 11.1328125 08 25 12
36.808594 11.6953125 08 25 12
38.003906 11.6953125 08 25 12
36.808594 11.6953125 08 25 12
36.808594 11.6953125 08 25 12
36.878906 12.6328125 08 25 12
36.878906 12.6328125 08 25 12
37.722656 13.3359375 08 25 12
37.722656 13.3359375 08 25 12
23.941406 13.7109375 08 25 12
37.722656 13.3359375 08 25 12
33.01172 14.0390625 08 25 12
32.871094 16.195312 08 25 12
31.183594 16.429688 08 25 12
28.019531 2.1328125 08 25 13
23.941406 1.8984375 08 25 13
28.019531 2.1328125 08 25 13
28.652344 3.7734375 08 25 13
29.355469 4.2421875 08 25 13
23.589844 14.3671875 08 25 13
26.402344 15.4453125 08 25 13
25.628906 2.1328125 08 25 14
25.066406 2.8828125 08 25 14
28.511719 3.4921875 08 25 14
25.558594 3.4453125 08 25 14
22.394531 3.9609375 08 25 14
41.16797 9.3046875 08 25 14
41.16797 9.3046875 08 25 14
34.76953 14.4609375 08 25 14
3.7617188 9.2578125 08 25 16
28.792969 15.3515625 08 25 16
28.792969 15.3515625 08 25 16
16.980469 0.8203125 08 26 12
16.910156 0.8203125 08 26 12
24.292969 4.1953125 08 26 12
18.246094 5.4140625 08 26 12
18.246094 5.4140625 08 26 12
17.332031 7.6640625 08 26 12
32.097656 16.945312 08 26 12
28.792969 3.7734375 08 26 13
25.558594 14.5546875 08 26 13
24.785156 15.0234375 08 26 13
25.558594 14.5546875 08 26 13
26.753906 15.3046875 08 26 13
26.753906 15.3046875 08 26 13
25.277344 0.6328125 08 26 14
27.246094 2.3671875 08 26 14
26.683594 2.5078125 08 26 14
32.51953 18.117188 08 26 14
30.410156 17.273438 08 26 15
29.707031 15.3515625 08 26 16
26.261719 5.3671875 08 27 12
28.300781 6.8203125 08 27 12
28.371094 6.8203125 08 27 12
26.261719 7.1484375 08 27 12
28.300781 6.8203125 08 27 12
23.519531 7.3359375 08 27 12
4.4648438 8.9296875 08 27 12
4.3945312 8.9296875 08 27 12
4.4648438 8.9296875 08 27 12
4.7460938 8.6484375 08 27 12
4.5351562 8.8828125 08 27 12
20.917969 9.4453125 08 27 12
4.5351562 8.8828125 08 27 12
20.917969 9.5390625 08 27 12
1.6523438 9.4921875 08 27 12
21.902344 10.0078125 08 27 12
3.4804688 9.9609375 08 27 12
22.113281 10.2421875 08 27 12
5.8007812 9.5390625 08 27 12
5.8007812 9.5390625 08 27 12
7.6992188 10.3828125 08 27 12
21.128906 11.2265625 08 27 12
1.6523438 9.4921875 08 27 12
4.4648438 10.3828125 08 27 12
22.183594 10.2421875 08 27 12
22.113281 10.2421875 08 27 12
6.9960938 9.7265625 08 27 12
6.7851562 9.7734375 08 27 12
4.4648438 10.3828125 08 27 12
7.0664062 9.8203125 08 27 12
21.058594 11.2265625 08 27 12
37.23047 10.4765625 08 27 12
6.2226562 10.1484375 08 27 12
4.4648438 10.3828125 08 27 12
6.2929688 10.1953125 08 27 12
4.4648438 10.4765625 08 27 12
7.2773438 10.7578125 08 27 12
22.324219 11.1796875 08 27 12
5.7304688 11.4140625 08 27 12
37.089844 11.4609375 08 27 12
3.4101562 10.9453125 08 27 12
4.3945312 11.0390625 08 27 12
4.8164062 12.1640625 08 27 12
7.9101562 12.3046875 08 27 12
26.964844 12.0234375 08 27 12
7.9101562 12.3046875 08 27 12
7.9101562 12.3046875 08 27 12
4.6757812 12.2109375 08 27 12
5.5195312 12.5859375 08 27 12
4.5351562 12.2109375 08 27 12
3.1289062 8.7890625 08 27 13
3.1289062 8.7890625 08 27 13
39.19922 9.5390625 08 27 13
20.777344 12.3046875 08 27 13
23.238281 13.7109375 08 27 13
27.808594 -2.1796875 08 27 14
22.253906 2.4140625 08 27 14
21.128906 3.3046875 08 27 14
27.527344 4.5703125 08 27 14
41.027344 7.8984375 08 27 14
35.05078 15.7734375 08 27 14
25.839844 15.0703125 08 27 15
34.13672 16.289062 08 27 15
30.691406 16.851562 08 27 15
26.964844 -28.898438 08 27 16
39.26953 10.1484375 08 27 16
26.894531 -3.8671875 08 28 12
28.652344 -2.1796875 08 28 12
28.582031 1.4765625 08 28 12
28.441406 1.1953125 08 28 12
20.074219 2.2734375 08 28 12
28.371094 1.8046875 08 28 12
28.371094 1.8046875 08 28 12
28.371094 1.8046875 08 28 12
28.371094 1.8046875 08 28 12
24.433594 2.7421875 08 28 12
20.074219 2.2734375 08 28 12
21.902344 3.2109375 08 28 12
16.699219 6.8671875 08 28 12
16.558594 6.9609375 08 28 12
29.496094 12.6796875 08 28 12
29.425781 12.6796875 08 28 12
28.863281 13.1953125 08 28 12
27.667969 14.4609375 08 28 12
40.32422 7.0546875 08 28 13
40.60547 9.1640625 08 28 13
21.832031 4.7109375 08 28 14
21.832031 4.7109375 08 28 14
26.050781 12.8671875 08 28 14
41.51953 9.6796875 08 28 15
34.98047 15.5859375 08 28 15
30.199219 -26.414062 08 28 16
21.339844 4.8046875 08 28 16
14.589844 2.2265625 08 28 17
33.785156 3.9609375 08 28 17
1.5117188 14.1796875 08 28 17
2.5664062 14.6484375 08 28 17
2.5664062 14.6484375 08 28 17
20.707031 0.6328125 08 29 12
23.800781 2.6484375 08 29 12
20.917969 1.3359375 08 29 12
18.457031 0.7265625 08 29 12
17.050781 1.4765625 08 29 12
18.457031 0.7265625 08 29 12
36.45703 0.9609375 08 29 12
17.050781 1.4765625 08 29 12
20.917969 1.3359375 08 29 12
20.917969 1.3359375 08 29 12
15.433594 1.4765625 08 29 12
15.714844 1.3828125 08 29 12
14.308594 2.3671875 08 29 12
24.363281 3.3984375 08 29 12
16.277344 2.2734375 08 29 12
24.363281 3.3984375 08 29 12
27.035156 5.6015625 08 29 12
23.449219 6.1640625 08 29 12
38.98828 6.6796875 08 29 12
23.027344 6.7265625 08 29 12
38.98828 6.6796875 08 29 12
22.957031 6.7734375 08 29 12
23.027344 6.7734375 08 29 12
23.167969 6.7734375 08 29 12
39.691406 7.6171875 08 29 12
38.98828 6.6796875 08 29 12
14.238281 7.0546875 08 29 12
22.605469 6.8671875 08 29 12
39.691406 7.6171875 08 29 12
39.621094 8.1328125 08 29 12
36.94922 7.8046875 08 29 12
36.878906 7.8046875 08 29 12
36.94922 7.8046875 08 29 12
27.105469 7.7109375 08 29 12
36.94922 7.8046875 08 29 12
25.136719 8.0390625 08 29 12
39.621094 8.1328125 08 29 12
36.878906 7.8046875 08 29 12
38.003906 8.6484375 08 29 12
38.003906 8.6484375 08 29 12
38.003906 8.6484375 08 29 12
38.003906 8.6484375 08 29 12
39.410156 9.7734375 08 29 12
30.269531 9.9140625 08 29 12
29.355469 10.8984375 08 29 12
27.667969 14.5078125 08 29 12
34.066406 3.6796875 08 29 13
29.003906 11.9765625 08 29 13
28.019531 12.5390625 08 29 13
23.730469 14.0390625 08 29 13
25.207031 14.6015625 08 29 13
34.69922 1.6171875 08 29 14
11.003906 13.1484375 08 29 14
27.527344 2.5546875 08 29 15
27.527344 2.5546875 08 29 15
2.9179688 11.9296875 08 29 15
11.917969 13.6640625 08 29 15
4.2539062 13.2421875 08 29 16
30.550781 -26.226562 08 30 12
28.582031 -1.9921875 08 30 12
28.933594 -1.0078125 08 30 12
28.933594 -1.0078125 08 30 12
18.246094 0.2578125 08 30 12
28.933594 -1.0078125 08 30 12
28.089844 0.6328125 08 30 12
28.089844 0.6328125 08 30 12
27.738281 2.2265625 08 30 12
26.472656 2.2734375 08 30 12
26.683594 2.7890625 08 30 12
27.738281 2.2265625 08 30 12
26.683594 2.7890625 08 30 12
26.683594 2.7890625 08 30 12
32.097656 4.4296875 08 30 12
32.027344 4.4296875 08 30 12
17.472656 7.2890625 08 30 12
20.707031 8.7421875 08 30 12
20.707031 8.7421875 08 30 12
21.480469 9.9609375 08 30 12
21.480469 9.9609375 08 30 12
22.605469 13.4296875 08 30 12
23.730469 14.3203125 08 30 12
19.441406 3.6796875 08 30 13
18.386719 6.4921875 08 30 13
18.949219 7.0078125 08 30 13
24.011719 8.6953125 08 30 13
24.011719 8.6953125 08 30 13
16.207031 2.9765625 08 30 14
16.277344 3.1171875 08 30 14
19.792969 7.3359375 08 30 14
6.7148438 8.6015625 08 30 14
7.3476562 8.4609375 08 30 14
23.378906 8.7890625 08 30 14
6.7148438 8.6015625 08 30 14
18.246094 11.3671875 08 30 14
18.246094 11.3671875 08 30 14
22.324219 12.7265625 08 30 14
27.316406 12.4453125 08 30 14
27.316406 12.4453125 08 30 14
27.316406 12.4453125 08 30 14
14.378906 13.9453125 08 30 14
19.160156 13.5234375 08 30 14
14.308594 13.9453125 08 30 14
14.308594 13.9453125 08 30 14
14.378906 13.9453125 08 30 14
19.160156 13.5234375 08 30 14
14.308594 13.9453125 08 30 14
20.988281 -2.2265625 08 30 15
20.917969 -2.2734375 08 30 15
14.378906 10.8046875 08 30 15
16.699219 11.6015625 08 30 15
21.128906 12.7265625 08 30 15
25.839844 13.4296875 08 30 15
17.402344 2.6484375 08 30 16
17.402344 2.6484375 08 30 16
23.378906 3.3515625 08 30 16
12.761719 8.7421875 08 30 16
11.355469 10.9921875 08 30 16
11.777344 11.6953125 08 30 16
13.253906 4.5234375 08 30 17
27.597656 -27.773438 09 01 12
18.738281 -2.4609375 09 01 12
18.738281 -2.4609375 09 01 12
25.417969 2.6953125 09 01 12
23.800781 2.5546875 09 01 12
23.449219 3.7265625 09 01 12
14.167969 9.2109375 09 01 12
39.339844 9.5859375 09 01 12
14.167969 8.7421875 09 01 12
14.167969 9.2109375 09 01 12
8.753906 9.9140625 09 01 13
10.863281 10.1015625 09 01 13
11.707031 11.0859375 09 01 13
22.957031 -26.929688 09 01 15
22.957031 -26.882812 09 01 15
22.394531 -25.382812 09 01 15
22.394531 -25.382812 09 01 15
22.464844 -25.335938 09 01 15
22.394531 -25.335938 09 01 15
22.394531 -25.289062 09 01 15
11.566406 10.0546875 09 01 15
30.339844 12.5859375 09 01 15
28.511719 13.7109375 09 01 15
14.449219 14.1328125 09 01 15
14.449219 14.1328125 09 01 15
30.410156 11.4609375 09 01 16
5.4492188 16.242188 09 01 16
24.292969 11.7421875 09 01 17
4.1835938 13.3359375 09 01 17
4.1835938 13.3359375 09 01 17
4.7460938 14.6953125 09 01 17
23.660156 -3.9609375 09 02 12
23.660156 -3.9609375 09 02 12
28.722656 -2.2265625 09 02 12
28.722656 -2.2265625 09 02 12
29.074219 -1.2421875 09 02 12
29.074219 -1.2421875 09 02 12
32.308594 3.8203125 09 02 12
32.871094 4.0078125 09 02 12
32.871094 4.0078125 09 02 12
32.871094 4.0078125 09 02 12
32.308594 3.8203125 09 02 12
32.871094 4.0078125 09 02 12
22.605469 5.4140625 09 02 12
23.800781 5.1328125 09 02 12
33.36328 5.2265625 09 02 12
32.23828 5.2265625 09 02 12
23.589844 5.1328125 09 02 12
23.800781 5.1328125 09 02 12
22.605469 5.4140625 09 02 12
22.605469 5.4140625 09 02 12
21.902344 6.1171875 09 02 12
16.347656 6.0234375 09 02 12
39.19922 6.6796875 09 02 12
21.902344 6.1171875 09 02 12
21.902344 6.1171875 09 02 12
15.925781 7.0546875 09 02 12
15.925781 7.0546875 09 02 12
26.332031 7.3359375 09 02 12
38.91797 7.7578125 09 02 12
38.003906 9.1171875 09 02 12
38.003906 9.1171875 09 02 12
21.269531 5.3203125 09 02 13
17.472656 5.4609375 09 02 13
18.738281 5.3671875 09 02 13
37.933594 8.0390625 09 02 13
28.652344 11.5078125 09 02 13
34.558594 8.6953125 09 02 15
2.7773438 9.4453125 09 02 15
5.2382812 9.6796875 09 02 15
12.199219 13.3828125 09 02 15
34.76953 9.5390625 09 02 16
34.76953 9.5390625 09 02 16
8.753906 10.0078125 09 02 16
9.738281 13.1015625 09 02 16
9.316406 13.8984375 09 02 16
32.941406 15.4921875 09 02 16
40.32422 7.9921875 09 02 17
26.753906 -9.4921875 09 03 12
29.144531 -1.2421875 09 03 12
29.144531 -1.2421875 09 03 12
16.558594 1.8984375 09 03 12
24.292969 3.4921875 09 03 12
25.277344 3.6328125 09 03 12
25.277344 3.6328125 09 03 12
32.871094 4.1015625 09 03 12
22.746094 4.3359375 09 03 12
32.871094 4.1015625 09 03 12
22.746094 4.3359375 09 03 12
16.769531 4.4765625 09 03 12
18.949219 4.0078125 09 03 12
15.714844 4.4765625 09 03 12
15.714844 4.4765625 09 03 12
32.80078 4.9453125 09 03 12
22.746094 4.3359375 09 03 12
16.769531 4.4765625 09 03 12
32.80078 4.9453125 09 03 12
17.261719 4.9921875 09 03 12
39.19922 6.6328125 09 03 12
31.394531 6.1171875 09 03 12
36.10547 7.1015625 09 03 12
36.316406 7.1015625 09 03 12
39.19922 6.6328125 09 03 12
36.316406 7.1015625 09 03 12
39.19922 6.6328125 09 03 12
40.253906 7.2421875 09 03 12
37.722656 8.2265625 09 03 12
36.17578 7.8046875 09 03 12
11.988281 9.1171875 09 03 12
37.652344 8.4140625 09 03 12
37.86328 8.5546875 09 03 12
30.199219 9.1171875 09 03 12
11.988281 9.1640625 09 03 12
30.199219 9.1171875 09 03 12
30.902344 9.0234375 09 03 12
30.199219 9.2109375 09 03 12
30.199219 9.2109375 09 03 12
18.597656 9.8203125 09 03 12
18.597656 9.8203125 09 03 12
37.652344 10.3828125 09 03 12
39.26953 10.3828125 09 03 12
18.316406 10.5234375 09 03 12
39.26953 10.3828125 09 03 12
20.003906 10.6640625 09 03 12
29.144531 12.0234375 09 03 12
28.863281 12.7734375 09 03 12
28.792969 12.6328125 09 03 12
25.066406 -12.4453125 09 03 13
28.792969 -2.3203125 09 03 13
18.457031 1.9921875 09 03 13
20.214844 3.0703125 09 03 13
33.01172 5.8359375 09 03 13
39.691406 8.1796875 09 03 13
39.691406 8.1796875 09 03 13
14.449219 11.2734375 09 03 13
27.878906 11.4609375 09 03 13
19.300781 -1.1484375 09 03 14
18.105469 0.3984375 09 03 14
17.894531 0.9140625 09 03 14
19.863281 0.6796875 09 03 14
17.894531 0.9609375 09 03 14
16.769531 1.8046875 09 03 14
16.769531 1.8984375 09 03 14
31.886719 6.5390625 09 03 14
26.613281 8.7890625 09 03 14
32.51953 3.3984375 09 03 15
28.230469 -2.0859375 09 03 16
27.316406 4.1015625 09 03 16
27.386719 4.1015625 09 03 16
33.433594 6.4453125 09 03 16
32.097656 7.9921875 09 03 16
32.097656 7.9921875 09 03 16
20.566406 -1.3828125 09 03 17
18.035156 2.6953125 09 03 17
30.480469 4.1484375 09 04 12
31.113281 4.7109375 09 04 12
35.402344 5.8828125 09 04 12
36.38672 5.9296875 09 04 12
35.402344 5.8828125 09 04 12
35.964844 6.7265625 09 04 12
39.410156 6.7734375 09 04 12
36.10547 6.8671875 09 04 12
40.67578 7.0546875 09 04 12
22.113281 8.2265625 09 04 12
21.972656 8.2265625 09 04 12
36.808594 8.9765625 09 04 12
36.66797 9.6796875 09 04 12
36.808594 9.0234375 09 04 12
36.45703 9.5390625 09 04 12
3.4804688 11.0859375 09 04 12
29.214844 10.3828125 09 04 12
31.324219 10.8515625 09 04 12
31.324219 10.8515625 09 04 12
30.269531 11.7890625 09 04 12
3.4804688 11.0859375 09 04 12
30.269531 11.7890625 09 04 12
30.269531 11.7890625 09 04 12
30.269531 11.7890625 09 04 12
20.566406 2.2734375 09 04 13
16.136719 6.4921875 09 04 13
16.136719 6.4921875 09 04 13
26.050781 12.0703125 09 04 13
27.878906 12.4453125 09 04 13
27.878906 12.4453125 09 04 13
27.878906 12.4453125 09 04 13
24.222656 2.6484375 09 04 14
16.488281 3.1640625 09 04 14
17.964844 6.5859375 09 04 14
22.886719 9.0234375 09 04 14
40.535156 7.6171875 09 04 15
25.488281 11.8359375 09 04 15
30.550781 12.0234375 09 04 15
23.871094 12.9140625 09 04 15
5.0273438 14.0859375 09 04 15
5.5195312 14.8828125 09 04 16
5.5195312 14.8828125 09 04 16
17.753906 2.9296875 09 04 17
9.949219 12.9140625 09 04 17
8.894531 13.2421875 09 04 17
33.64453 15.4921875 09 04 17
29.355469 15.6328125 09 04 17
17.261719 -0.8203125 09 05 12
20.988281 0.9140625 09 05 12
20.988281 0.9140625 09 05 12
20.988281 0.9140625 09 05 12
21.972656 0.6328125 09 05 12
22.183594 1.4765625 09 05 12
22.042969 2.6015625 09 05 12
22.042969 2.6015625 09 05 12
19.933594 3.5390625 09 05 12
18.246094 5.3203125 09 05 12
18.035156 5.3671875 09 05 12
38.98828 6.0234375 09 05 12
19.933594 6.2578125 09 05 12
38.98828 6.0234375 09 05 12
20.003906 6.2578125 09 05 12
18.878906 5.8828125 09 05 12
19.933594 6.2578125 09 05 12
38.98828 6.0234375 09 05 12
19.300781 7.0546875 09 05 12
19.089844 7.6171875 09 05 12
36.597656 7.1015625 09 05 12
14.027344 10.8515625 09 05 12
18.246094 7.8515625 09 05 12
13.746094 8.6484375 09 05 12
15.925781 8.4609375 09 05 12
17.542969 7.9921875 09 05 12
17.542969 8.0390625 09 05 12
12.339844 8.9296875 09 05 12
12.339844 8.9296875 09 05 12
12.339844 8.9296875 09 05 12
12.339844 8.9296875 09 05 12
30.199219 11.6015625 09 05 12
29.496094 13.4296875 09 05 12
29.917969 14.4609375 09 05 12
24.714844 -10.4765625 09 05 13
20.988281 3.4453125 09 05 13
20.777344 4.9453125 09 05 13
13.042969 9.2578125 09 05 13
12.972656 9.3046875 09 05 13
24.714844 12.6796875 09 05 13
23.660156 12.9140625 09 05 13
26.964844 13.7109375 09 05 13
41.378906 7.5234375 09 05 14
29.144531 10.1015625 09 05 14
24.714844 13.3828125 09 05 14
24.082031 4.8984375 09 05 15
15.855469 6.1171875 09 05 15
23.800781 11.2734375 09 05 15
27.878906 11.6953125 09 05 15
25.699219 13.0078125 09 05 15
25.699219 13.0078125 09 05 15
17.613281 0.8671875 09 05 16
28.160156 3.6796875 09 05 16
18.949219 8.6484375 09 05 16
17.613281 0.9140625 09 05 17
28.792969 -1.6171875 09 06 12
12.480469 3.6796875 09 06 12
23.519531 4.2421875 09 06 12
13.113281 3.9140625 09 06 12
24.011719 4.6171875 09 06 12
13.113281 3.9140625 09 06 12
25.558594 4.6171875 09 06 12
25.136719 4.5703125 09 06 12
25.277344 4.5703125 09 06 12
25.558594 4.6171875 09 06 12
24.011719 4.6171875 09 06 12
23.097656 4.3359375 09 06 12
24.222656 5.6953125 09 06 12
24.222656 5.6484375 09 06 12
25.277344 6.2109375 09 06 12
24.222656 5.6953125 09 06 12
34.98047 6.0234375 09 06 12
24.222656 5.6953125 09 06 12
34.558594 5.5546875 09 06 12
34.98047 6.0234375 09 06 12
36.17578 7.1484375 09 06 12
33.503906 6.0703125 09 06 12
35.33203 7.2890625 09 06 12
35.753906 6.8671875 09 06 12
37.79297 6.8671875 09 06 12
38.14453 9.2578125 09 06 12
38.14453 9.2578125 09 06 12
25.910156 12.3046875 09 06 12
32.378906 14.2734375 09 06 12
32.378906 14.2734375 09 06 12
13.042969 6.8671875 09 06 13
24.152344 12.3046875 09 06 13
23.238281 -7.7578125 09 06 14
16.066406 -3.0703125 09 06 14
18.316406 13.5234375 09 06 14
13.394531 6.9140625 09 06 15
10.371094 6.4453125 09 06 16
7.1367188 13.5234375 09 06 16
2.5664062 12.8671875 09 06 17
19.371094 -5.3203125 09 07 12
19.371094 -5.3203125 09 07 12
19.371094 -5.3203125 09 07 12
18.597656 -4.3359375 09 07 12
34.347656 1.6640625 09 07 12
34.347656 1.7109375 09 07 12
34.347656 1.7578125 09 07 12
21.621094 3.4921875 09 07 12
29.707031 6.2578125 09 07 12
29.144531 6.9140625 09 07 12
36.527344 6.3515625 09 07 12
29.917969 6.3046875 09 07 12
38.777344 7.2890625 09 07 12
29.496094 7.3359375 09 07 12
38.98828 7.2421875 09 07 12
30.339844 6.6328125 09 07 12
35.82422 7.6171875 09 07 12
29.636719 7.4765625 09 07 12
37.722656 7.4765625 09 07 12
33.01172 7.3359375 09 07 12
39.902344 8.2734375 09 07 12
39.972656 8.3671875 09 07 12
29.425781 7.3828125 09 07 12
32.871094 7.8515625 09 07 12
39.410156 9.9609375 09 07 12
29.214844 11.1328125 09 07 12
39.410156 9.9609375 09 07 12
27.527344 12.9140625 09 07 12
27.667969 12.9609375 09 07 12
28.652344 12.9609375 09 07 12
29.988281 13.0546875 09 07 12
27.667969 12.9609375 09 07 12
29.988281 13.0546875 09 07 12
26.894531 6.3515625 09 07 13
26.894531 6.3515625 09 07 13
8.753906 9.1640625 09 07 13
8.753906 9.1640625 09 07 13
9.035156 9.3984375 09 07 13
13.746094 11.9296875 09 07 13
13.746094 11.9296875 09 07 13
18.527344 -3.3046875 09 07 14
22.324219 8.1328125 09 07 14
22.324219 8.1328125 09 07 14
23.238281 8.6484375 09 07 14
19.863281 -5.0859375 09 07 16
15.644531 -3.3515625 09 07 16
16.488281 -2.8828125 09 07 16
16.488281 -2.8828125 09 07 16
17.824219 -0.9609375 09 07 16
12.761719 14.0859375 09 07 16
18.386719 -13.4296875 09 07 17
20.988281 -6.1171875 09 07 17
20.988281 -6.1171875 09 07 17
22.464844 6.6796875 09 07 17
7.4179688 7.8515625 09 07 17
34.20703 14.4140625 09 07 17
21.480469 -27.070312 09 08 12
21.410156 -27.070312 09 08 12
21.761719 -26.460938 09 08 12
20.214844 -25.148438 09 08 12
21.480469 -24.679688 09 08 12
21.832031 -23.976562 09 08 12
15.082031 -1.8984375 09 08 12
15.082031 -1.8984375 09 08 12
14.097656 -0.6328125 09 08 12
13.042969 -0.6796875 09 08 12
14.097656 -0.6328125 09 08 12
14.097656 -0.6328125 09 08 12
33.433594 2.6015625 09 08 12
32.51953 3.5859375 09 08 12
19.160156 4.2890625 09 08 12
32.23828 6.1640625 09 08 12
32.660156 6.4453125 09 08 12
17.964844 7.5703125 09 08 12
33.57422 10.6171875 09 08 12
33.57422 10.6171875 09 08 12
4.2539062 11.5078125 09 08 12
4.2539062 11.5078125 09 08 12
4.8867188 11.8828125 09 08 12
4.0429688 11.3671875 09 08 12
2.8476562 12.7265625 09 08 12
4.1132812 13.1484375 09 08 12
33.01172 14.0859375 09 08 12
31.394531 14.0859375 09 08 12
33.01172 14.0859375 09 08 12
16.839844 -0.5390625 09 08 13
16.839844 -0.5390625 09 08 13
25.628906 3.6796875 09 08 13
21.761719 8.7421875 09 08 13
11.214844 12.0703125 09 08 13
16.417969 0.6328125 09 08 14
29.425781 7.7578125 09 08 14
23.589844 9.3515625 09 08 14
18.386719 10.7109375 09 08 14
10.792969 10.8984375 09 08 14
1.5820312 10.8984375 09 08 14
23.449219 13.1484375 09 08 14
16.769531 -14.5078125 09 08 15
16.769531 -14.5078125 09 08 15
16.769531 -14.5078125 09 08 15
27.386719 5.4140625 09 08 16
5.1679688 7.9921875 09 08 16
30.269531 7.8515625 09 08 16
18.738281 9.1640625 09 08 16
33.01172 11.4140625 09 08 16
1.7929688 7.7109375 09 08 17
3.9023438 8.1796875 09 08 17
14.730469 2.8828125 09 09 12
12.128906 7.3359375 09 09 12
11.425781 8.5546875 09 09 12
11.425781 8.5546875 09 09 12
11.425781 8.5546875 09 09 12
13.394531 12.1640625 09 09 12
23.941406 13.2421875 09 09 12
33.92578 14.5078125 09 09 12
33.92578 14.5078125 09 09 12
33.64453 15.4453125 09 09 12
33.01172 15.7734375 09 09 12
34.13672 15.1640625 09 09 12
33.01172 15.7734375 09 09 12
15.292969 3.3984375 09 09 13
15.292969 3.3984375 09 09 13
28.863281 9.9140625 09 09 13
27.316406 9.4921875 09 09 13
28.863281 9.9140625 09 09 13
23.097656 3.0234375 09 09 14
26.402344 6.6328125 09 09 14
24.363281 8.5546875 09 09 14
31.957031 9.9609375 09 09 14
28.441406 10.1015625 09 09 14
15.503906 12.6328125 09 09 14
28.933594 14.0859375 09 09 14
27.949219 14.1328125 09 09 14
28.089844 14.9765625 09 09 14
23.871094 3.9609375 09 09 15
30.691406 16.664062 09 09 15
21.691406 2.3671875 09 09 16
24.925781 2.9765625 09 09 16
27.105469 3.5859375 09 09 16
24.785156 3.6796875 09 09 16
24.785156 3.6796875 09 09 16
26.753906 4.1015625 09 09 16
26.683594 4.1015625 09 09 16
24.785156 5.9296875 09 09 16
41.44922 10.2890625 09 09 16
35.121094 10.3828125 09 09 16
33.29297 1.9453125 09 09 17
14.589844 7.2890625 09 09 17
4.3242188 13.5234375 09 09 17
26.753906 -4.2890625 09 10 12
24.855469 -3.9609375 09 10 12
26.753906 -4.2890625 09 10 12
26.402344 -3.4453125 09 10 12
28.019531 -1.1015625 09 10 12
19.792969 5.0859375 09 10 12
38.98828 6.5859375 09 10 12
38.98828 6.5859375 09 10 12
31.113281 7.4296875 09 10 12
35.33203 6.5859375 09 10 12
35.191406 6.5859375 09 10 12
36.878906 6.8203125 09 10 12
35.402344 7.3359375 09 10 12
38.91797 6.7734375 09 10 12
35.33203 7.3359375 09 10 12
39.691406 8.1328125 09 10 12
34.066406 8.9765625 09 10 12
39.691406 8.1328125 09 10 12
38.91797 9.3046875 09 10 12
27.667969 9.4453125 09 10 12
38.91797 9.3046875 09 10 12
34.48828 10.4296875 09 10 12
28.300781 11.0390625 09 10 12
35.54297 10.6171875 09 10 12
23.660156 10.4765625 09 10 12
31.535156 10.5234375 09 10 12
25.839844 10.6640625 09 10 12
26.542969 10.9921875 09 10 12
25.839844 10.6640625 09 10 12
28.300781 11.0390625 09 10 12
37.23047 12.7265625 09 10 12
26.402344 12.1640625 09 10 12
26.613281 12.2109375 09 10 12
37.23047 12.7734375 09 10 12
26.683594 12.2109375 09 10 12
27.105469 12.6796875 09 10 12
37.23047 12.7734375 09 10 12
25.417969 -3.1640625 09 10 13
26.613281 6.6796875 09 10 13
27.105469 7.6640625 09 10 13
32.73047 7.6640625 09 10 13
34.41797 10.6171875 09 10 13
24.082031 -3.5859375 09 10 14
12.058594 5.6953125 09 10 14
40.39453 7.2421875 09 10 14
8.121094 10.1015625 09 10 14
1.6523438 11.6953125 09 10 14
4.1835938 13.3359375 09 10 14
25.277344 14.5546875 09 10 14
21.480469 -2.7421875 09 10 15
3.7617188 7.5703125 09 10 15
8.050781 9.8671875 09 10 15
24.082031 11.0859375 09 10 15
22.957031 11.3203125 09 10 15
7.5585938 13.7578125 09 10 15
7.5585938 13.7578125 09 10 15
24.785156 -1.4765625 09 10 16
15.222656 4.1015625 09 10 16
33.64453 16.382812 09 10 16
5.3085938 8.2734375 09 10 17
11.566406 13.1015625 09 10 17
28.160156 -1.1484375 09 11 12
14.589844 1.1015625 09 11 12
33.29297 1.8984375 09 11 12
14.519531 1.3828125 09 11 12
38.42578 6.2109375 09 11 12
39.26953 6.7265625 09 11 12
35.33203 7.4296875 09 11 12
35.964844 7.9921875 09 11 12
35.964844 7.9921875 09 11 12
35.33203 7.4296875 09 11 12
35.33203 7.4296875 09 11 12
39.902344 8.2734375 09 11 12
24.574219 10.4296875 09 11 12
27.527344 10.4765625 09 11 12
36.73828 10.8515625 09 11 12
36.73828 10.8515625 09 11 12
29.285156 12.7734375 09 11 12
29.214844 12.9140625 09 11 12
28.792969 14.6484375 09 11 12
27.457031 14.0859375 09 11 12
25.769531 14.0390625 09 11 12
23.589844 14.3671875 09 11 12
27.105469 15.0234375 09 11 12
27.035156 14.9765625 09 11 12
8.683594 9.8203125 09 11 13
8.683594 9.8671875 09 11 13
38.566406 9.7265625 09 11 13
26.613281 14.0390625 09 11 13
39.621094 8.9296875 09 11 14
12.058594 12.7265625 09 11 14
24.714844 13.8046875 09 11 14
15.433594 2.6953125 09 11 15
12.480469 11.4609375 09 11 15
12.550781 11.4609375 09 11 15
2.2851562 13.7578125 09 11 15
14.730469 2.5078125 09 11 16
37.722656 7.1015625 09 11 17
25.136719 10.2890625 09 11 17
17.683594 5.6015625 09 12 12
17.894531 5.5546875 09 12 12
14.871094 6.6796875 09 12 12
29.074219 6.9140625 09 12 12
12.199219 7.1953125 09 12 12
29.074219 6.9140625 09 12 12
10.652344 9.2578125 09 12 12
2.6367188 10.3359375 09 12 12
3.6914062 9.9140625 09 12 12
2.6367188 9.8203125 09 12 12
2.6367188 10.3359375 09 12 12
3.7617188 10.0078125 09 12 12
3.7617188 10.0078125 09 12 12
3.7617188 10.0078125 09 12 12
4.1132812 10.1484375 09 12 12
28.863281 11.1328125 09 12 12
2.0039062 10.1953125 09 12 12
3.1992188 10.5234375 09 12 12
4.8164062 10.8046875 09 12 12
28.722656 12.2109375 09 12 12
2.5664062 11.7421875 09 12 12
28.722656 12.2109375 09 12 12
28.722656 12.2109375 09 12 12
2.4257812 12.6328125 09 12 12
26.191406 -3.6328125 09 12 13
26.542969 -2.7421875 09 12 13
21.550781 3.8671875 09 12 13
27.949219 4.4296875 09 12 13
21.128906 5.1796875 09 12 13
27.949219 5.6953125 09 12 13
10.230469 5.4609375 09 12 13
21.128906 5.1796875 09 12 13
25.207031 5.6015625 09 12 13
19.230469 5.8828125 09 12 13
12.410156 7.1484375 09 12 13
13.816406 6.9609375 09 12 13
26.261719 7.2890625 09 12 13
26.261719 7.2890625 09 12 13
2.2851562 9.5390625 09 12 13
22.324219 3.7734375 09 12 14
19.722656 6.6328125 09 12 14
21.480469 6.8671875 09 12 14
22.394531 7.1484375 09 12 14
39.691406 9.4453125 09 12 14
39.691406 9.4453125 09 12 14
4.6757812 13.1015625 09 12 14
19.230469 3.4921875 09 12 15
23.027344 4.6171875 09 12 15
25.628906 4.9453125 09 12 15
15.855469 4.7109375 09 12 15
25.066406 0.7734375 09 12 16
8.613281 10.0546875 09 12 16
12.058594 13.0078125 09 12 16
2.3554688 13.6640625 09 12 16
6.8554688 6.2109375 09 12 17
33.152344 15.4921875 09 12 17
28.089844 -2.3203125 09 13 12
15.574219 0.5859375 09 13 12
15.644531 0.6796875 09 13 12
15.503906 3.2109375 09 13 12
17.121094 3.9140625 09 13 12
16.769531 4.2890625 09 13 12
18.316406 4.4296875 09 13 12
17.402344 4.5234375 09 13 12
23.027344 5.9765625 09 13 12
24.433594 10.2421875 09 13 12
24.433594 10.2421875 09 13 12
28.441406 11.4140625 09 13 12
30.269531 11.2734375 09 13 12
30.269531 11.3203125 09 13 12
28.441406 11.4140625 09 13 12
30.269531 11.3203125 09 13 12
28.371094 11.4140625 09 13 12
37.79297 12.0703125 09 13 12
37.79297 12.0703125 09 13 12
37.79297 12.0703125 09 13 12
37.23047 13.4296875 09 13 12
32.097656 13.4765625 09 13 12
33.503906 13.7578125 09 13 12
23.941406 13.6640625 09 13 12
34.277344 14.8359375 09 13 12
31.535156 14.8359375 09 13 12
35.121094 15.7265625 09 13 12
35.121094 15.7265625 09 13 12
35.121094 15.7265625 09 13 12
36.246094 16.523438 09 13 12
30.128906 7.5703125 09 13 14
27.457031 7.9921875 09 13 14
27.457031 7.9921875 09 13 14
27.457031 7.9921875 09 13 14
22.605469 8.9765625 09 13 15
22.605469 8.9765625 09 13 15
22.605469 8.9765625 09 13 15
21.972656 13.5234375 09 13 15
9.949219 10.0546875 09 13 16
12.480469 2.3203125 09 13 17
2.4257812 11.9765625 09 13 17
2.4960938 13.7109375 09 13 17
2.4960938 13.7109375 09 13 17
36.38672 0.0234375 09 14 12
20.777344 2.4609375 09 14 12
18.386719 1.2421875 09 14 12
18.386719 1.2421875 09 14 12
21.058594 2.1796875 09 14 12
20.777344 2.6015625 09 14 12
40.535156 7.3359375 09 14 12
14.589844 9.8203125 09 14 12
14.378906 10.1484375 09 14 12
14.449219 10.3828125 09 14 12
2.6367188 11.6015625 09 14 12
25.699219 11.4609375 09 14 12
25.699219 11.4609375 09 14 12
30.128906 13.2890625 09 14 12
1.4414062 10.5703125 09 14 13
24.152344 11.3203125 09 14 13
14.871094 12.8671875 09 14 13
17.753906 12.9609375 09 14 13
26.542969 13.1015625 09 14 13
28.792969 13.7109375 09 14 13
27.878906 14.4609375 09 14 13
14.589844 5.5546875 09 14 14
16.347656 12.6328125 09 14 14
25.066406 13.0546875 09 14 14
17.824219 13.2421875 09 14 14
17.824219 13.2421875 09 14 14
15.503906 2.1796875 09 14 15
22.183594 12.2109375 09 14 15
5.3085938 13.4296875 09 14 15
33.433594 14.1328125 09 14 15
24.082031 2.0859375 09 14 16
11.003906 10.8515625 09 14 16
12.339844 12.7265625 09 14 16
2.1445312 13.5234375 09 14 16
7.4882812 9.4453125 09 14 17
8.402344 9.9609375 09 14 17
20.917969 11.4140625 09 14 17
31.183594 6.1640625 09 15 12
33.01172 5.5546875 09 15 12
31.394531 6.1640625 09 15 12
38.63672 6.6796875 09 15 12
32.44922 7.2890625 09 15 12
32.44922 7.2890625 09 15 12
38.003906 8.4140625 09 15 12
38.003906 8.4140625 09 15 12
27.246094 2.3203125 09 15 13
30.550781 -27.164062 09 15 14
16.066406 5.3671875 09 15 14
14.027344 5.4609375 09 15 14
14.027344 5.4609375 09 15 14
14.027344 5.4609375 09 15 14
16.347656 5.9765625 09 15 14
8.261719 9.6796875 09 15 14
8.261719 9.6796875 09 15 14
17.332031 10.5234375 09 15 14
17.332031 10.5234375 09 15 14
5.3085938 13.1953125 09 15 14
28.722656 1.9453125 09 15 15
12.058594 5.0859375 09 15 15
40.04297 7.7578125 09 15 15
29.074219 -25.945312 09 15 16
29.917969 4.0078125 09 15 16
2.2851562 8.8828125 09 15 16
2.1445312 11.9765625 09 15 16
2.1445312 11.9765625 09 15 16
2.2851562 7.6171875 09 15 17
1.7929688 11.8828125 09 15 17
4.3945312 13.4765625 09 15 17
36.597656 -0.9140625 09 16 12
36.597656 -0.9140625 09 16 12
36.597656 -0.3046875 09 16 12
33.36328 1.7109375 09 16 12
27.738281 1.9921875 09 16 12
33.36328 1.7109375 09 16 12
28.722656 3.6796875 09 16 12
26.683594 3.5390625 09 16 12
32.73047 3.9140625 09 16 12
16.207031 4.5234375 09 16 12
30.480469 4.2421875 09 16 12
16.207031 4.5234375 09 16 12
38.566406 6.5859375 09 16 12
38.847656 6.7734375 09 16 12
38.847656 6.7734375 09 16 12
39.19922 7.8515625 09 16 12
39.19922 7.8515625 09 16 12
34.277344 9.3984375 09 16 12
34.48828 8.9296875 09 16 12
38.285156 9.0703125 09 16 12
40.535156 8.9296875 09 16 12
34.277344 9.3984375 09 16 12
34.277344 9.3984375 09 16 12
38.496094 9.0234375 09 16 12
28.230469 2.5078125 09 16 13
29.777344 3.3046875 09 16 13
40.60547 7.1015625 09 16 13
27.246094 10.1015625 09 16 13
23.519531 -13.9921875 09 16 14
8.261719 9.7265625 09 16 14
8.121094 9.7265625 09 16 14
33.08203 9.7734375 09 16 14
2.7070312 11.1328125 09 16 14
1.5820312 11.3203125 09 16 14
21.410156 -13.8046875 09 16 15
21.832031 -12.3984375 09 16 15
20.917969 -12.3984375 09 16 15
24.503906 -16.804688 09 16 16
13.535156 11.5078125 09 16 16
1.9335938 11.9765625 09 16 16
17.472656 6.0703125 09 16 17
3.3398438 9.1171875 09 16 17
20.917969 -2.9296875 09 17 12
21.832031 -1.9453125 09 17 12
33.01172 1.6640625 09 17 12
30.761719 3.7265625 09 17 12
30.761719 3.7265625 09 17 12
38.14453 4.1484375 09 17 12
38.496094 6.4921875 09 17 12
6.9257812 6.9609375 09 17 12
6.9960938 7.7578125 09 17 12
34.41797 1.7578125 09 17 13
32.44922 3.5859375 09 17 13
33.433594 9.3515625 09 17 13
16.207031 11.2265625 09 17 13
21.480469 4.4296875 09 17 14
21.972656 5.3671875 09 17 14
21.972656 5.3671875 09 17 14
24.363281 6.0234375 09 17 14
25.699219 6.5859375 09 17 14
23.589844 6.6796875 09 17 14
17.613281 10.5234375 09 17 14
17.613281 10.5234375 09 17 14
34.277344 12.6328125 09 17 14
15.996094 -3.2109375 09 17 15
22.324219 4.8046875 09 17 15
23.378906 5.4140625 09 17 15
23.660156 6.5859375 09 17 15
32.308594 11.7421875 09 17 15
26.542969 -0.7265625 09 17 16
37.652344 5.5546875 09 17 16
25.277344 0.9140625 09 18 12
25.277344 0.9140625 09 18 12
26.542969 1.8046875 09 18 12
24.433594 2.6484375 09 18 12
25.347656 1.7578125 09 18 12
19.792969 2.5546875 09 18 12
25.769531 2.5546875 09 18 12
19.792969 2.5546875 09 18 12
25.699219 2.5546875 09 18 12
23.167969 2.7421875 09 18 12
14.167969 2.8359375 09 18 12
24.433594 2.6484375 09 18 12
24.503906 2.6953125 09 18 12
20.355469 3.6328125 09 18 12
26.261719 3.0703125 09 18 12
20.355469 3.6328125 09 18 12
13.324219 4.9453125 09 18 12
13.324219 4.9453125 09 18 12
30.199219 5.6015625 09 18 12
14.589844 5.3203125 09 18 12
36.66797 6.0703125 09 18 12
36.808594 6.3046875 09 18 12
36.878906 6.5390625 09 18 12
37.86328 6.0703125 09 18 12
37.86328 6.0703125 09 18 12
38.70703 6.5859375 09 18 12
37.86328 6.0703125 09 18 12
38.777344 6.6796875 09 18 12
13.957031 6.7265625 09 18 12
38.777344 6.6796875 09 18 12
38.777344 6.6796875 09 18 12
35.54297 7.0546875 09 18 12
35.61328 7.0546875 09 18 12
36.878906 6.5390625 09 18 12
38.35547 6.6796875 09 18 12
39.621094 6.6796875 09 18 12
38.777344 6.6796875 09 18 12
35.472656 7.9921875 09 18 12
37.79297 7.8515625 09 18 12
37.01953 7.9453125 09 18 12
37.79297 7.8515625 09 18 12
29.496094 8.3203125 09 18 12
22.957031 8.4609375 09 18 12
35.472656 7.9921875 09 18 12
34.41797 8.7890625 09 18 12
3.5507812 9.3046875 09 18 12
3.5507812 9.3046875 09 18 12
3.5507812 9.3046875 09 18 12
41.16797 9.4453125 09 18 12
3.5507812 9.3046875 09 18 12
30.480469 12.9609375 09 18 12
40.183594 5.6484375 09 18 13
16.558594 6.0234375 09 18 13
16.558594 6.0234375 09 18 13
27.597656 6.8671875 09 18 13
30.550781 8.8828125 09 18 13
30.832031 10.5234375 09 18 13
30.832031 10.5234375 09 18 13
30.269531 10.8046875 09 18 13
32.23828 11.5078125 09 18 13
33.503906 13.8515625 09 18 13
23.167969 -9.8671875 09 18 14
23.167969 -9.7265625 09 18 14
16.417969 2.7890625 09 18 14
28.582031 3.3046875 09 18 14
2.7773438 11.9296875 09 18 14
32.73047 13.4765625 09 18 14
20.988281 2.1328125 09 18 15
17.894531 5.4609375 09 18 15
27.457031 0.3046875 09 18 16
40.535156 7.2890625 09 18 16
12.410156 0.9609375 09 18 17
4.6054688 17.929688 09 18 17
21.902344 -4.2890625 09 19 12
28.371094 -0.9140625 09 19 12
28.371094 -0.9140625 09 19 12
25.769531 2.1796875 09 19 12
25.699219 2.2265625 09 19 12
25.910156 2.6015625 09 19 12
33.92578 6.2109375 09 19 12
31.886719 6.0234375 09 19 12
38.63672 6.8203125 09 19 12
36.808594 6.4453125 09 19 12
33.714844 5.6015625 09 19 12
39.058594 6.6328125 09 19 12
30.058594 6.3046875 09 19 12
36.808594 6.4453125 09 19 12
38.777344 6.7265625 09 19 12
30.199219 7.4765625 09 19 12
30.128906 7.4765625 09 19 12
30.128906 7.4765625 09 19 12
36.94922 7.8984375 09 19 12
31.253906 8.4140625 09 19 12
30.621094 9.5390625 09 19 12
29.988281 9.8671875 09 19 12
30.621094 10.4765625 09 19 12
26.402344 12.2578125 09 19 12
25.839844 12.2109375 09 19 12
17.964844 -1.9453125 09 19 13
19.722656 0.4921875 09 19 13
19.722656 0.4921875 09 19 13
30.480469 11.6953125 09 19 13
13.746094 0.7265625 09 19 14
13.746094 0.7265625 09 19 14
13.746094 0.7265625 09 19 14
18.597656 2.0390625 09 19 14
18.597656 2.0390625 09 19 14
3.4101562 11.1796875 09 19 14
32.308594 11.3203125 09 19 14
3.4101562 11.1796875 09 19 14
3.3398438 11.1796875 09 19 14
34.48828 2.2265625 09 19 15
11.496094 4.3359375 09 19 15
16.628906 5.7421875 09 19 15
19.089844 7.2890625 09 19 15
21.410156 8.8828125 09 19 15
14.519531 6.6796875 09 19 16
32.871094 12.8671875 09 19 16
14.519531 1.6171875 09 20 12
13.464844 0.5390625 09 20 12
22.324219 4.1953125 09 20 12
22.324219 4.1953125 09 20 12
22.324219 4.1953125 09 20 12
22.746094 5.4140625 09 20 12
22.746094 5.4140625 09 20 12
15.222656 4.9453125 09 20 12
15.082031 5.1328125 09 20 12
22.746094 5.4140625 09 20 12
22.746094 5.4140625 09 20 12
38.214844 6.3515625 09 20 12
34.839844 6.0703125 09 20 12
37.441406 6.3046875 09 20 12
36.316406 6.9140625 09 20 12
37.30078 6.3046875 09 20 12
39.26953 6.7265625 09 20 12
17.050781 6.6328125 09 20 12
35.61328 7.1015625 09 20 12
35.683594 7.0078125 09 20 12
39.26953 6.7265625 09 20 12
39.19922 6.7265625 09 20 12
40.253906 7.2421875 09 20 12
39.19922 6.8203125 09 20 12
36.66797 7.6640625 09 20 12
29.214844 8.4609375 09 20 12
29.214844 8.4140625 09 20 12
27.527344 9.1640625 09 20 12
27.457031 9.1640625 09 20 12
25.769531 -3.7734375 09 20 13
25.769531 -3.7734375 09 20 13
25.769531 -3.7734375 09 20 13
25.769531 -3.7734375 09 20 13
25.769531 -3.7734375 09 20 13
25.769531 -3.7734375 09 20 13
13.746094 7.8515625 09 20 13
13.746094 7.8515625 09 20 13
12.480469 7.8046875 09 20 13
22.535156 12.4453125 09 20 13
24.925781 -2.1796875 09 20 14
15.996094 7.6640625 09 20 14
15.996094 7.6640625 09 20 14
15.996094 7.6640625 09 20 14
15.996094 7.7109375 09 20 14
16.558594 10.3359375 09 20 14
30.550781 10.8046875 09 20 14
23.800781 -0.4921875 09 20 15
24.152344 -0.9609375 09 20 15
23.730469 -0.2578125 09 20 15
21.691406 -0.1640625 09 20 15
11.425781 2.5078125 09 20 15
11.496094 7.3828125 09 20 15
30.972656 8.0859375 09 20 15
17.613281 8.4140625 09 20 15
29.566406 10.5703125 09 20 15
31.183594 10.5234375 09 20 15
21.972656 0.5859375 09 20 16
17.261719 1.9453125 09 20 16
16.910156 2.8828125 09 20 16
10.792969 10.0546875 09 20 16
10.863281 10.0546875 09 20 16
20.847656 -0.5859375 09 20 17
20.707031 1.1015625 09 20 17
1.5820312 8.4140625 09 20 17
1.5820312 8.4140625 09 20 17
18.597656 8.5546875 09 20 17
22.886719 4.2890625 09 21 12
26.542969 8.0859375 09 21 12
8.542969 8.3671875 09 21 12
8.332031 9.1171875 09 21 12
36.527344 -0.3984375 09 21 13
22.324219 5.7421875 09 21 13
17.191406 6.0234375 09 21 13
16.207031 5.9296875 09 21 13
14.589844 6.7734375 09 21 13
17.261719 6.8203125 09 21 13
14.519531 6.7734375 09 21 13
40.32422 7.1015625 09 21 13
29.777344 7.4296875 09 21 13
18.949219 7.8046875 09 21 13
22.394531 8.9765625 09 21 13
22.042969 5.0859375 09 21 14
22.042969 5.0859375 09 21 14
22.535156 10.7109375 09 21 14
22.746094 12.1171875 09 21 14
29.214844 12.8671875 09 21 15
17.472656 5.3671875 09 21 16
3.2695312 10.2421875 09 21 16
3.7617188 11.2734375 09 21 16
3.7617188 11.2734375 09 21 16
4.8164062 8.1796875 09 21 17
3.8320312 12.3984375 09 21 17
3.8320312 12.3984375 09 21 17
2.1445312 13.1484375 09 21 17
2.1445312 13.1484375 09 21 17
22.183594 2.3203125 09 22 12
17.050781 6.4921875 09 22 12
36.597656 7.7109375 09 22 12
21.972656 10.1484375 09 22 12
6.5039062 9.9609375 09 22 12
10.089844 9.9140625 09 22 12
10.019531 10.8984375 09 22 12
10.511719 11.0859375 09 22 12
10.019531 10.8984375 09 22 12
9.035156 11.3671875 09 22 12
20.496094 2.4609375 09 22 13
22.816406 4.9921875 09 22 13
22.746094 5.0390625 09 22 13
22.746094 5.0390625 09 22 13
7.4179688 6.3984375 09 22 13
19.582031 10.1484375 09 22 13
20.707031 10.3828125 09 22 13
19.582031 10.1484375 09 22 13
19.582031 10.1484375 09 22 13
20.707031 10.3828125 09 22 13
19.230469 10.8984375 09 22 13
19.230469 10.8984375 09 22 13
24.222656 11.8359375 09 22 13
23.308594 12.2578125 09 22 13
33.503906 12.5859375 09 22 14
6.5039062 12.6328125 09 22 14
25.699219 12.8203125 09 22 14
3.2695312 9.7734375 09 22 15
3.8320312 10.8046875 09 22 15
4.0429688 10.7578125 09 22 15
10.230469 14.0390625 09 22 16
1.5820312 9.8203125 09 22 17
4.8164062 11.8359375 09 22 17
9.246094 13.2421875 09 22 17
28.371094 -2.4140625 09 23 12
28.371094 -2.4140625 09 23 12
22.957031 3.0234375 09 23 12
38.98828 6.5859375 09 23 12
38.07422 6.3984375 09 23 12
11.496094 6.2109375 09 23 12
15.503906 7.1484375 09 23 12
11.496094 6.2109375 09 23 12
37.79297 6.9140625 09 23 12
13.746094 7.0078125 09 23 12
37.722656 7.0078125 09 23 12
13.746094 7.0078125 09 23 12
37.79297 6.9140625 09 23 12
37.371094 7.8046875 09 23 12
38.07422 4.6171875 09 23 13
14.519531 11.1328125 09 23 13
14.519531 2.4140625 09 23 14
14.027344 3.0234375 09 23 14
14.027344 3.0234375 09 23 14
13.042969 4.7578125 09 23 14
22.675781 5.5078125 09 23 14
18.035156 10.1484375 09 23 14
18.035156 10.1484375 09 23 14
22.324219 10.4296875 09 23 14
7.6992188 10.4296875 09 23 14
14.167969 11.0390625 09 23 14
7.8398438 11.0390625 09 23 14
7.8398438 11.0390625 09 23 14
16.769531 11.7421875 09 23 14
14.378906 -0.2109375 09 23 15
19.230469 4.1484375 09 23 15
19.792969 4.9453125 09 23 15
19.792969 4.9453125 09 23 15
21.621094 10.1953125 09 23 15
21.761719 10.2421875 09 23 15
21.761719 10.2421875 09 23 15
18.386719 11.3203125 09 23 15
11.144531 11.8359375 09 23 15
23.167969 -7.0078125 09 23 16
23.167969 -7.0078125 09 23 16
14.027344 -0.1171875 09 23 16
20.917969 5.0859375 09 23 16
2.3554688 12.5390625 09 23 16
25.136719 -0.9609375 09 23 17
2.7773438 10.0078125 09 23 17
2.9882812 10.9921875 09 23 17
15.222656 -1.6171875 09 24 12
28.933594 -1.0078125 09 24 12
28.933594 -1.0078125 09 24 12
19.019531 -0.8203125 09 24 12
22.324219 1.8046875 09 24 12
24.433594 2.1796875 09 24 12
21.902344 1.8046875 09 24 12
22.042969 1.7578125 09 24 12
23.167969 3.5859375 09 24 12
22.394531 2.8828125 09 24 12
23.027344 3.4921875 09 24 12
23.167969 3.5859375 09 24 12
25.066406 4.3359375 09 24 12
25.066406 4.3359375 09 24 12
37.86328 4.8984375 09 24 12
36.10547 5.7890625 09 24 12
37.23047 6.1171875 09 24 12
41.589844 6.7265625 09 24 12
35.61328 7.0078125 09 24 12
26.613281 8.0390625 09 24 12
39.128906 8.8359375 09 24 12
37.58203 8.3203125 09 24 12
19.652344 -9.9140625 09 24 13
11.566406 5.3671875 09 24 13
11.566406 5.3671875 09 24 13
27.457031 8.3203125 09 24 13
9.527344 11.1796875 09 24 13
20.707031 2.3203125 09 24 14
22.957031 4.3359375 09 24 14
23.308594 6.9609375 09 24 14
8.542969 9.8671875 09 24 14
2.7070312 11.8359375 09 24 14
2.7070312 11.8359375 09 24 14
13.113281 11.9296875 09 24 14
12.480469 -1.8046875 09 24 15
23.167969 10.8515625 09 24 15
11.144531 11.1328125 09 24 15
18.597656 11.0390625 09 24 15
2.3554688 11.6484375 09 24 15
10.511719 11.9765625 09 24 15
18.457031 1.2890625 09 24 16
22.886719 -1.0078125 09 24 17
6.6445312 12.1640625 09 24 17
6.6445312 12.1640625 09 24 17
12.058594 12.0703125 09 24 17
30.339844 -26.929688 09 25 12
13.746094 -2.5546875 09 25 12
14.238281 -2.6015625 09 25 12
14.027344 -2.2265625 09 25 12
37.79297 5.8359375 09 25 12
10.441406 5.7421875 09 25 12
37.722656 5.8828125 09 25 12
10.652344 5.7421875 09 25 12
37.652344 5.8828125 09 25 12
32.308594 6.5859375 09 25 12
36.246094 5.7890625 09 25 12
37.652344 5.8828125 09 25 12
34.839844 6.7734375 09 25 12
39.19922 6.5390625 09 25 12
32.308594 6.5859375 09 25 12
34.839844 6.7734375 09 25 12
35.05078 7.1484375 09 25 12
32.308594 6.5859375 09 25 12
36.246094 7.5703125 09 25 12
39.19922 6.5390625 09 25 12
32.308594 6.5859375 09 25 12
35.05078 7.1484375 09 25 12
35.05078 7.1484375 09 25 12
32.378906 6.6328125 09 25 12
38.63672 6.8671875 09 25 12
39.128906 7.7578125 09 25 12
39.128906 7.7578125 09 25 12
39.128906 7.7578125 09 25 12
39.621094 7.7109375 09 25 12
7.4179688 8.3671875 09 25 12
7.4179688 8.3671875 09 25 12
6.8554688 8.8359375 09 25 12
41.23828 9.1640625 09 25 12
27.949219 10.1484375 09 25 12
13.675781 -1.6171875 09 25 13
40.183594 6.9140625 09 25 13
13.113281 7.6640625 09 25 13
21.972656 8.9296875 09 25 13
24.011719 9.0703125 09 25 13
34.13672 9.1640625 09 25 13
22.957031 9.4921875 09 25 13
24.152344 9.1640625 09 25 13
22.535156 10.2421875 09 25 13
29.496094 10.4296875 09 25 13
13.675781 10.8046875 09 25 13
23.167969 12.0234375 09 25 13
34.558594 2.0390625 09 25 14
34.558594 2.0390625 09 25 14
38.003906 6.8671875 09 25 14
29.636719 7.7578125 09 25 14
21.058594 8.1796875 09 25 14
21.339844 8.2734375 09 25 14
23.589844 8.7421875 09 25 14
30.972656 9.0234375 09 25 14
38.003906 8.6953125 09 25 14
19.160156 9.4453125 09 25 14
15.714844 10.6171875 09 25 14
6.9960938 12.0234375 09 25 14
27.386719 3.9609375 09 25 15
25.699219 5.8828125 09 25 15
3.1289062 11.3671875 09 25 15
14.308594 11.9765625 09 25 15
6.9960938 12.3046875 09 25 15
17.402344 8.4140625 09 25 16
5.3085938 11.0859375 09 25 16
4.7460938 12.5390625 09 25 16
3.0585938 9.0234375 09 25 17
12.621094 10.7109375 09 25 17
27.386719 -3.8203125 09 26 12
27.386719 -3.8203125 09 26 12
17.121094 0.7734375 09 26 12
27.808594 5.2265625 09 26 12
37.933594 6.3046875 09 26 12
39.128906 6.7734375 09 26 12
39.26953 6.8203125 09 26 12
39.26953 6.8203125 09 26 12
38.003906 6.3046875 09 26 12
35.33203 7.4765625 09 26 12
38.07422 6.3984375 09 26 12
36.316406 6.9609375 09 26 12
37.089844 7.1484375 09 26 12
39.410156 6.7734375 09 26 12
37.23047 7.6171875 09 26 12
37.23047 7.6171875 09 26 12
37.23047 7.6171875 09 26 12
35.472656 7.8046875 09 26 12
39.26953 6.8671875 09 26 12
37.160156 7.5703125 09 26 12
37.23047 7.6171875 09 26 12
37.23047 7.6171875 09 26 12
37.23047 7.6171875 09 26 12
36.94922 7.5703125 09 26 12
37.23047 7.6171875 09 26 12
37.23047 7.6171875 09 26 12
40.183594 8.9765625 09 26 12
41.589844 9.4453125 09 26 12
27.316406 11.4140625 09 26 12
27.316406 11.4140625 09 26 12
27.316406 11.4609375 09 26 12
27.667969 12.0234375 09 26 12
29.496094 12.7265625 09 26 12
22.394531 4.3359375 09 26 13
22.183594 4.1953125 09 26 14
22.253906 4.2421875 09 26 14
8.191406 10.2890625 09 26 14
19.511719 10.3828125 09 26 14
23.660156 10.2421875 09 26 14
30.691406 -27.023438 09 26 15
13.324219 10.4765625 09 26 15
10.933594 10.7109375 09 26 15
2.2851562 13.2421875 09 26 15
3.0585938 11.0859375 09 26 16
3.4101562 11.8828125 09 26 16
18.527344 10.8984375 09 26 17
19.371094 0.7734375 09 27 12
22.816406 2.6953125 09 27 12
19.089844 1.3359375 09 27 12
13.113281 0.7734375 09 27 12
20.003906 1.2890625 09 27 12
13.394531 0.6796875 09 27 12
19.089844 1.3828125 09 27 12
13.394531 0.6796875 09 27 12
19.371094 0.7734375 09 27 12
21.691406 2.5078125 09 27 12
23.519531 6.0703125 09 27 12
23.519531 6.0703125 09 27 12
38.14453 6.4453125 09 27 12
35.05078 7.9453125 09 27 12
10.089844 8.6953125 09 27 12
15.363281 9.5390625 09 27 12
14.871094 -0.5859375 09 27 13
27.738281 5.7421875 09 27 13
36.597656 6.2109375 09 27 13
35.191406 6.7265625 09 27 13
25.980469 7.7109375 09 27 13
26.050781 7.7109375 09 27 13
26.050781 7.7578125 09 27 13
8.683594 9.2578125 09 27 13
22.886719 9.4921875 09 27 13
8.683594 9.2578125 09 27 13
27.035156 10.2421875 09 27 13
23.449219 10.3359375 09 27 13
8.472656 9.9140625 09 27 13
25.769531 4.0546875 09 27 14
27.386719 4.2421875 09 27 14
27.386719 4.2421875 09 27 14
25.699219 5.1328125 09 27 14
27.738281 5.5546875 09 27 14
26.261719 6.4453125 09 27 14
26.261719 6.5390625 09 27 14
26.261719 6.5390625 09 27 14
26.261719 6.5390625 09 27 14
23.238281 6.4921875 09 27 14
32.097656 8.0390625 09 27 14
29.496094 9.1171875 09 27 14
20.074219 10.6640625 09 27 14
12.199219 13.7578125 09 27 14
19.019531 4.0546875 09 27 15
25.136719 7.1015625 09 27 15
24.503906 7.1484375 09 27 15
24.925781 7.7578125 09 27 15
23.308594 8.2734375 09 27 15
28.792969 11.8359375 09 27 15
19.511719 11.9765625 09 27 15
13.113281 -1.3359375 09 27 16
5.9414062 8.0390625 09 27 16
41.73047 8.8828125 09 27 16
10.441406 12.6328125 09 27 16
12.832031 -1.2890625 09 27 17
17.191406 4.4765625 09 27 17
15.574219 1.6171875 09 28 12
15.925781 1.6171875 09 28 12
14.589844 1.2890625 09 28 12
15.574219 1.6171875 09 28 12
14.589844 1.2890625 09 28 12
14.589844 1.2890625 09 28 12
16.066406 1.8046875 09 28 12
15.925781 2.2265625 09 28 12
17.753906 4.1953125 09 28 12
25.347656 4.3359375 09 28 12
38.63672 6.6796875 09 28 12
36.527344 5.9296875 09 28 12
36.527344 5.9296875 09 28 12
6.2929688 7.1953125 09 28 12
23.378906 7.6171875 09 28 12
35.33203 7.8046875 09 28 12
23.308594 7.8046875 09 28 12
35.26172 8.1328125 09 28 12
30.410156 9.7265625 09 28 12
30.832031 10.3359375 09 28 12
30.269531 11.6953125 09 28 12
14.308594 12.0703125 09 28 12
30.269531 11.8359375 09 28 12
17.824219 5.4140625 09 28 13
17.824219 5.4140625 09 28 13
16.699219 5.6015625 09 28 13
17.824219 5.4140625 09 28 13
17.613281 6.3984375 09 28 13
23.519531 12.5859375 09 28 13
15.433594 4.7109375 09 28 14
22.042969 7.1953125 09 28 14
12.199219 10.5703125 09 28 14
12.199219 10.5703125 09 28 14
11.285156 10.8515625 09 28 14
12.269531 10.7578125 09 28 14
11.988281 5.4609375 09 28 15
26.964844 6.1640625 09 28 15
1.5117188 10.9921875 09 28 16
30.199219 -18.867188 09 29 12
24.644531 -12.4921875 09 29 12
25.699219 -11.1796875 09 29 12
25.699219 -11.1796875 09 29 12
19.792969 -2.0390625 09 29 12
19.792969 -2.0390625 09 29 12
19.792969 -1.9921875 09 29 12
29.917969 4.4296875 09 29 12
39.48047 5.1328125 09 29 12
37.58203 5.8359375 09 29 12
37.86328 5.7890625 09 29 12
31.113281 6.2578125 09 29 12
36.45703 5.9765625 09 29 12
31.113281 6.2578125 09 29 12
31.816406 6.1171875 09 29 12
36.45703 5.9765625 09 29 12
40.67578 6.4921875 09 29 12
38.003906 5.9765625 09 29 12
40.67578 6.4921875 09 29 12
35.26172 8.2265625 09 29 12
36.73828 7.9453125 09 29 12
29.214844 11.8359375 09 29 12
29.214844 11.8359375 09 29 12
29.214844 11.8359375 09 29 12
29.847656 12.1640625 09 29 12
31.816406 12.6796875 09 29 12
28.933594 -19.710938 09 29 13
28.160156 -19.242188 09 29 13
28.863281 10.6171875 09 29 14
12.410156 11.0859375 09 29 14
12.410156 11.0859375 09 29 14
18.808594 -0.8203125 09 29 15
11.074219 5.3671875 09 29 15
10.089844 9.9140625 09 29 15
18.597656 11.4140625 09 29 15
18.597656 11.4140625 09 29 15
26.191406 12.6328125 09 29 15
26.191406 12.6328125 09 29 15
36.246094 14.8359375 09 29 15
33.08203 8.6484375 09 29 16
15.996094 10.1953125 09 29 16
3.1992188 10.7109375 09 29 16
3.1992188 10.7109375 09 29 16
3.5507812 11.3203125 09 29 16
25.910156 12.1171875 09 29 16
23.308594 11.6015625 09 29 16
3.6914062 12.2578125 09 29 16
2.7070312 12.7265625 09 29 16
2.7070312 12.7265625 09 29 16
1.7929688 13.3828125 09 29 16
20.566406 -4.4765625 09 30 12
19.582031 -3.6796875 09 30 12
19.582031 -3.6796875 09 30 12
23.941406 -3.8203125 09 30 12
19.582031 -3.6796875 09 30 12
20.496094 -3.6796875 09 30 12
22.535156 -3.2109375 09 30 12
22.535156 -3.2109375 09 30 12
22.746094 -1.7578125 09 30 12
22.746094 -1.7578125 09 30 12
21.691406 -0.0234375 09 30 12
22.394531 -0.1171875 09 30 12
21.480469 -0.0703125 09 30 12
21.480469 -0.0703125 09 30 12
21.691406 -0.0234375 09 30 12
21.058594 1.0546875 09 30 12
21.058594 1.0546875 09 30 12
20.988281 1.0546875 09 30 12
21.058594 1.0546875 09 30 12
20.144531 2.3671875 09 30 12
22.253906 2.4609375 09 30 12
22.253906 2.4609375 09 30 12
22.253906 2.4609375 09 30 12
23.238281 2.6953125 09 30 12
40.39453 5.1796875 09 30 12
40.39453 5.1796875 09 30 12
39.48047 5.3671875 09 30 12
40.39453 5.1796875 09 30 12
38.35547 6.5390625 09 30 12
38.35547 6.5390625 09 30 12
42.152344 6.2109375 09 30 12
38.35547 6.5390625 09 30 12
16.558594 6.8203125 09 30 12
43.628906 7.7578125 09 30 12
43.628906 7.7578125 09 30 12
26.542969 8.5546875 09 30 12
14.871094 10.0078125 09 30 12
15.855469 10.0546875 09 30 12
15.855469 10.0546875 09 30 12
28.300781 11.0390625 09 30 12
23.589844 11.4609375 09 30 12
29.707031 11.9765625 09 30 12
23.660156 11.4609375 09 30 12
29.707031 12.0234375 09 30 12
29.707031 12.0234375 09 30 12
29.707031 12.0234375 09 30 12
31.113281 12.2578125 09 30 12
29.707031 12.0234375 09 30 12
22.957031 12.7734375 09 30 12
22.324219 -4.4765625 09 30 13
22.324219 -4.4765625 09 30 13
21.058594 -3.6796875 09 30 13
14.730469 -2.4140625 09 30 13
14.730469 -2.4140625 09 30 13
15.503906 -2.1796875 09 30 13
17.824219 1.2890625 09 30 13
26.542969 4.7578125 09 30 13
19.300781 4.8046875 09 30 13
27.035156 5.5078125 09 30 13
11.566406 5.9765625 09 30 13
12.480469 5.9765625 09 30 13
12.480469 5.9765625 09 30 13
26.472656 6.6328125 09 30 13
40.746094 6.7265625 09 30 13
17.050781 10.8515625 09 30 13
17.050781 10.8515625 09 30 13
21.199219 11.0390625 09 30 13
21.199219 11.0390625 09 30 13
30.269531 13.4296875 09 30 13
38.63672 4.2421875 09 30 14
33.01172 13.3359375 09 30 14
31.394531 13.5703125 09 30 14
33.01172 13.3359375 09 30 14
32.378906 14.7421875 09 30 14
11.847656 -0.0703125 09 30 15
17.542969 5.1796875 09 30 15
15.222656 -0.1640625 09 30 16
44.472656 3.4453125 09 30 16
5.9414062 11.6015625 09 30 16
12.128906 -1.9921875 09 30 17
24.996094 10.2421875 09 30 17
