10.792969 23.226562 04 01 12
10.792969 23.226562 04 01 12
11.144531 23.226562 04 01 12
12.480469 23.695312 04 01 12
10.652344 6.9609375 04 01 13
34.98047 7.7109375 04 01 14
2.1445312 10.2421875 04 01 14
2.1445312 10.2421875 04 01 14
26.894531 -26.789062 04 01 15
25.066406 -24.960938 04 01 15
6.5039062 7.1484375 04 01 15
6.0820312 8.0859375 04 01 15
1.8632812 10.2890625 04 01 15
21.199219 -24.632812 04 01 17
27.457031 5.1328125 04 01 17
27.457031 5.1328125 04 01 17
33.222656 10.9921875 04 01 17
18.386719 -21.539062 04 02 12
18.386719 -21.539062 04 02 12
25.910156 17.882812 04 02 12
24.082031 18.117188 04 02 12
24.082031 18.117188 04 02 12
25.910156 19.007812 04 02 12
25.910156 19.007812 04 02 12
26.824219 -1.9453125 04 02 13
7.2070312 6.4921875 04 02 14
9.527344 6.3515625 04 02 15
6.9257812 6.4453125 04 02 15
5.9414062 7.5703125 04 02 15
29.777344 -26.085938 04 02 16
4.8867188 7.8515625 04 02 16
33.152344 -20.789062 04 03 12
33.152344 -20.789062 04 03 12
33.152344 -20.132812 04 03 12
18.316406 -6.5859375 04 03 12
23.941406 -3.3515625 04 03 12
23.941406 -3.3515625 04 03 12
23.941406 -3.3515625 04 03 12
23.660156 -3.1171875 04 03 12
16.488281 -1.6640625 04 03 12
15.292969 -1.0078125 04 03 12
15.222656 -1.0078125 04 03 12
15.855469 -1.1015625 04 03 12
15.222656 -1.0078125 04 03 12
15.925781 1.1953125 04 03 12
15.011719 1.3359375 04 03 12
15.925781 1.1953125 04 03 12
15.363281 2.1328125 04 03 12
17.121094 2.4140625 04 03 12
15.574219 2.1328125 04 03 12
15.433594 2.1328125 04 03 12
15.363281 2.1328125 04 03 12
17.121094 2.4140625 04 03 12
17.121094 2.4140625 04 03 12
17.050781 2.4609375 04 03 12
16.417969 3.3046875 04 03 12
17.121094 2.8828125 04 03 12
16.417969 3.3046875 04 03 12
16.417969 3.3046875 04 03 12
16.417969 3.3046875 04 03 12
16.558594 3.4921875 04 03 12
16.347656 3.7734375 04 03 12
16.347656 3.8203125 04 03 12
8.050781 6.9140625 04 03 12
36.10547 17.507812 04 03 12
15.644531 -8.1328125 04 03 13
15.644531 -8.1328125 04 03 13
15.644531 -8.1328125 04 03 13
15.644531 -8.1328125 04 03 13
27.035156 0.1171875 04 03 13
21.269531 2.8359375 04 03 13
20.777344 2.7890625 04 03 14
21.269531 4.1015625 04 03 14
19.300781 4.4765625 04 03 14
19.300781 4.4765625 04 03 14
19.371094 5.7421875 04 03 14
19.371094 5.8359375 04 03 14
15.292969 6.6796875 04 03 14
15.292969 6.6796875 04 03 14
34.558594 15.0234375 04 03 14
34.558594 15.0234375 04 03 14
34.558594 15.0234375 04 03 14
13.886719 -4.4296875 04 03 15
20.707031 1.9453125 04 03 15
17.261719 6.4453125 04 03 15
17.402344 6.6328125 04 03 15
15.292969 -6.2109375 04 03 16
15.152344 -6.1640625 04 03 16
14.167969 -5.7421875 04 03 16
18.316406 -1.3359375 04 03 16
18.386719 -1.2890625 04 03 16
19.019531 1.0546875 04 03 16
19.019531 1.8984375 04 03 16
16.628906 5.7421875 04 03 17
35.191406 -15.9609375 04 04 12
37.23047 -15.3515625 04 04 12
17.964844 -9.3046875 04 04 12
20.003906 -4.3359375 04 04 12
23.589844 -4.0078125 04 04 12
24.363281 -4.1953125 04 04 12
24.152344 -4.1953125 04 04 12
23.660156 -3.7734375 04 04 12
24.785156 -0.2109375 04 04 12
24.785156 -0.1640625 04 04 12
20.214844 -0.1640625 04 04 12
24.785156 -0.1640625 04 04 12
19.933594 1.8984375 04 04 12
27.878906 2.3671875 04 04 12
29.214844 4.8984375 04 04 12
29.214844 4.8984375 04 04 12
29.214844 4.8984375 04 04 12
33.785156 23.507812 04 04 12
33.785156 23.507812 04 04 12
25.347656 -30.117188 04 04 13
18.386719 -10.5703125 04 04 13
15.925781 -10.7578125 04 04 13
18.386719 -10.5703125 04 04 13
19.230469 -10.0546875 04 04 13
18.386719 -10.5703125 04 04 13
19.230469 -10.0546875 04 04 13
19.230469 -10.0546875 04 04 13
17.332031 -9.7734375 04 04 13
19.511719 -9.1171875 04 04 13
15.714844 -8.3671875 04 04 13
15.714844 -8.3671875 04 04 13
18.878906 -7.3828125 04 04 13
20.847656 -7.1953125 04 04 13
17.402344 -7.1484375 04 04 13
20.847656 -7.1953125 04 04 13
15.714844 -6.6328125 04 04 13
15.714844 -6.6328125 04 04 13
15.152344 -6.1171875 04 04 13
18.246094 -6.2578125 04 04 13
15.152344 -6.1171875 04 04 13
15.152344 -6.1171875 04 04 13
14.378906 -4.4765625 04 04 13
14.449219 -4.4765625 04 04 13
18.878906 -3.3515625 04 04 13
27.386719 -3.3984375 04 04 13
18.667969 -3.3515625 04 04 13
14.660156 -3.1640625 04 04 13
27.878906 -1.3828125 04 04 13
15.433594 0.0234375 04 04 13
14.378906 2.7421875 04 04 13
25.839844 3.3515625 04 04 13
27.597656 4.1953125 04 04 13
22.042969 5.3671875 04 04 13
24.996094 5.3671875 04 04 13
23.941406 5.8359375 04 04 13
16.839844 -9.3984375 04 04 14
23.941406 0.5859375 04 04 14
23.871094 0.5859375 04 04 14
22.816406 0.8671875 04 04 14
12.761719 1.9453125 04 04 14
12.761719 1.9453125 04 04 14
27.105469 4.1484375 04 04 14
25.136719 4.1953125 04 04 14
21.269531 6.4921875 04 04 14
21.269531 6.5390625 04 04 14
22.605469 6.3046875 04 04 14
22.605469 6.3046875 04 04 14
22.464844 2.1796875 04 04 15
22.464844 2.1796875 04 04 15
12.058594 2.8359375 04 04 15
13.042969 2.9296875 04 04 15
12.058594 2.8359375 04 04 15
22.464844 3.3046875 04 04 15
22.464844 3.3046875 04 04 15
26.753906 -24.210938 04 04 16
13.675781 4.0078125 04 04 16
13.675781 4.0078125 04 04 16
23.730469 4.4765625 04 04 16
12.832031 4.0078125 04 04 17
29.847656 -27.820312 04 05 12
30.410156 -26.414062 04 05 12
35.26172 -15.8203125 04 05 12
19.019531 -7.9921875 04 05 12
25.628906 -6.8671875 04 05 12
25.628906 -6.7734375 04 05 12
25.628906 -6.7734375 04 05 12
18.597656 -6.4921875 04 05 12
25.628906 -6.7734375 04 05 12
24.082031 -6.4921875 04 05 12
23.167969 -4.6640625 04 05 12
22.957031 -1.3359375 04 05 12
23.238281 -1.4296875 04 05 12
16.558594 1.3828125 04 05 12
15.433594 -0.7265625 04 05 12
15.925781 -1.1015625 04 05 12
16.417969 -1.2421875 04 05 12
14.449219 -0.8203125 04 05 12
14.871094 -0.6328125 04 05 12
16.699219 1.2421875 04 05 12
26.472656 1.0078125 04 05 12
15.292969 0.6796875 04 05 12
16.699219 1.3828125 04 05 12
16.347656 1.5234375 04 05 12
25.347656 2.2734375 04 05 12
15.433594 1.8046875 04 05 12
24.011719 1.0546875 04 05 12
15.433594 1.8046875 04 05 12
23.519531 2.1796875 04 05 12
15.996094 2.4609375 04 05 12
25.347656 2.2734375 04 05 12
23.871094 1.6640625 04 05 12
24.292969 2.6953125 04 05 12
23.238281 2.8359375 04 05 12
25.347656 2.3203125 04 05 12
24.292969 2.6953125 04 05 12
24.292969 2.6953125 04 05 12
19.722656 4.9921875 04 05 12
35.683594 7.6640625 04 05 12
36.17578 6.9140625 04 05 12
35.683594 7.6640625 04 05 12
31.183594 8.7890625 04 05 12
25.417969 -22.570312 04 05 13
25.347656 -22.195312 04 05 13
19.933594 -7.4296875 04 05 13
24.644531 -2.6953125 04 05 13
26.332031 -2.5546875 04 05 13
25.558594 -2.5546875 04 05 13
20.917969 5.3203125 04 05 13
20.917969 5.3203125 04 05 13
17.683594 -6.3046875 04 05 14
22.253906 4.0546875 04 05 14
22.675781 5.6015625 04 05 14
23.238281 6.2578125 04 05 14
4.0429688 8.7890625 04 05 14
4.0429688 8.7890625 04 05 14
26.753906 -28.804688 04 05 15
25.066406 -26.554688 04 05 15
38.496094 -15.0234375 04 05 15
18.527344 2.3671875 04 05 15
24.996094 4.8984375 04 05 15
24.855469 5.8359375 04 05 15
18.175781 6.2109375 04 05 15
18.386719 6.4921875 04 05 15
18.386719 6.5390625 04 05 15
18.386719 6.5390625 04 05 15
3.5507812 7.8046875 04 05 15
40.11328 7.3359375 04 05 16
25.558594 -28.195312 04 05 17
25.558594 -28.195312 04 05 17
2.8476562 9.8671875 04 05 17
29.144531 -28.617188 04 06 12
26.472656 -26.273438 04 06 12
27.667969 -26.273438 04 06 12
27.667969 -20.601562 04 06 12
17.894531 -7.1015625 04 06 12
15.082031 -7.2890625 04 06 12
18.527344 -7.8046875 04 06 12
18.105469 -7.2421875 04 06 12
17.964844 -7.1015625 04 06 12
17.894531 -7.1015625 04 06 12
18.246094 -7.2421875 04 06 12
18.035156 -7.0546875 04 06 12
17.894531 -7.0546875 04 06 12
18.316406 -5.9296875 04 06 12
17.824219 -6.7265625 04 06 12
17.683594 -5.7421875 04 06 12
17.824219 -5.2734375 04 06 12
17.824219 -5.2734375 04 06 12
17.824219 -5.2734375 04 06 12
17.824219 -5.2734375 04 06 12
27.035156 -4.7578125 04 06 12
21.199219 -1.6640625 04 06 12
21.199219 -1.6640625 04 06 12
24.714844 -1.6640625 04 06 12
24.996094 -0.4921875 04 06 12
24.996094 -0.4921875 04 06 12
26.542969 0.3984375 04 06 12
26.542969 0.3984375 04 06 12
24.785156 -0.1640625 04 06 12
26.261719 0.6328125 04 06 12
23.238281 0.8203125 04 06 12
26.261719 2.4140625 04 06 12
25.769531 2.7421875 04 06 12
25.769531 2.7890625 04 06 12
29.355469 3.3984375 04 06 12
29.355469 3.3984375 04 06 12
29.355469 3.3984375 04 06 12
34.76953 9.1640625 04 06 12
34.76953 9.2578125 04 06 12
26.894531 -29.835938 04 06 13
15.363281 1.7109375 04 06 13
28.652344 2.2265625 04 06 13
26.753906 7.5703125 04 06 13
27.878906 7.9453125 04 06 13
15.785156 -4.1015625 04 06 14
14.519531 1.2890625 04 06 14
16.558594 3.2578125 04 06 14
19.511719 3.5859375 04 06 14
17.824219 4.5234375 04 06 14
39.339844 10.7109375 04 06 14
25.558594 -22.101562 04 06 15
19.089844 -2.6015625 04 06 15
18.035156 2.9296875 04 06 15
19.441406 3.4453125 04 06 15
21.480469 3.2578125 04 06 15
22.535156 -6.8671875 04 06 16
11.425781 -1.3359375 04 06 16
11.144531 -0.5859375 04 06 16
15.574219 -0.0703125 04 06 16
18.878906 2.1328125 04 06 16
16.628906 1.9453125 04 06 16
16.699219 1.8984375 04 06 16
18.878906 2.1328125 04 06 16
12.410156 -1.9453125 04 06 17
2.9882812 9.3984375 04 06 17
23.238281 -21.820312 04 07 12
21.480469 -20.882812 04 07 12
23.097656 -20.789062 04 07 12
17.613281 0.4453125 04 07 12
17.472656 0.8671875 04 07 12
30.691406 6.6796875 04 07 12
27.597656 12.5859375 04 07 12
18.246094 -13.9453125 04 07 13
17.050781 -6.1640625 04 07 13
17.332031 -5.1328125 04 07 13
15.855469 -4.9453125 04 07 13
15.855469 -4.9453125 04 07 13
12.058594 -1.8046875 04 07 13
19.089844 0.1640625 04 07 13
15.785156 -16.710938 04 07 14
15.574219 -15.6796875 04 07 14
17.191406 -5.1796875 04 07 14
13.746094 -3.5390625 04 07 15
13.746094 -3.5390625 04 07 15
11.355469 0.8203125 04 07 15
21.480469 3.6796875 04 07 15
15.996094 -14.4140625 04 07 16
14.378906 -6.4453125 04 07 16
22.675781 3.8203125 04 07 16
22.394531 4.4296875 04 07 16
7.2773438 6.3515625 04 07 16
18.808594 -16.804688 04 08 12
20.074219 -10.9453125 04 08 12
26.613281 -2.6015625 04 08 12
22.042969 -2.6015625 04 08 12
20.917969 -0.7265625 04 08 12
20.496094 -1.2421875 04 08 12
27.597656 -0.7734375 04 08 12
24.925781 -0.3515625 04 08 12
26.964844 3.0703125 04 08 12
25.347656 3.1640625 04 08 12
23.238281 3.7265625 04 08 12
23.238281 3.7265625 04 08 12
20.566406 4.8515625 04 08 12
19.863281 -3.2109375 04 08 13
15.714844 -2.4140625 04 08 13
15.714844 -2.4140625 04 08 13
15.714844 -2.4140625 04 08 13
14.378906 -2.0859375 04 08 13
15.714844 -2.4140625 04 08 13
15.714844 -2.4140625 04 08 13
20.285156 1.0546875 04 08 13
21.269531 1.8515625 04 08 13
27.386719 10.5234375 04 08 13
20.496094 -7.0078125 04 08 14
16.769531 -1.1015625 04 08 14
19.160156 1.1015625 04 08 14
13.183594 -2.2734375 04 08 15
15.644531 1.7578125 04 08 15
15.855469 2.6953125 04 08 15
16.417969 -18.398438 04 08 16
15.644531 -15.8203125 04 08 16
23.519531 5.1796875 04 08 16
23.519531 5.1796875 04 08 16
15.011719 -4.0546875 04 08 17
26.191406 -7.7109375 04 09 12
24.292969 -7.7109375 04 09 12
24.292969 -7.7109375 04 09 12
23.027344 -7.2890625 04 09 12
23.027344 -7.2890625 04 09 12
24.152344 -7.6640625 04 09 12
25.839844 -7.0078125 04 09 12
21.199219 -6.1640625 04 09 12
24.503906 -3.4921875 04 09 12
18.386719 -2.6953125 04 09 12
19.019531 -2.5546875 04 09 12
18.457031 -2.0390625 04 09 12
22.042969 -1.4296875 04 09 12
18.175781 -1.1484375 04 09 12
18.175781 -1.1484375 04 09 12
20.074219 -1.2421875 04 09 12
17.191406 -0.8203125 04 09 12
23.167969 -1.3359375 04 09 12
18.175781 -1.1484375 04 09 12
22.042969 -1.4296875 04 09 12
18.175781 -1.1484375 04 09 12
21.550781 -1.1953125 04 09 12
18.175781 -1.1484375 04 09 12
18.175781 -1.1484375 04 09 12
22.042969 -0.0234375 04 09 12
17.191406 -0.8203125 04 09 12
23.730469 -0.6328125 04 09 12
17.613281 -0.3046875 04 09 12
33.92578 2.5546875 04 09 12
33.714844 2.0859375 04 09 12
27.878906 3.9140625 04 09 12
29.496094 5.3671875 04 09 12
28.441406 4.8515625 04 09 12
28.441406 4.8515625 04 09 12
30.339844 5.5546875 04 09 12
29.496094 5.3671875 04 09 12
35.26172 7.7109375 04 09 12
24.082031 8.1796875 04 09 12
24.082031 8.1796875 04 09 12
24.011719 8.2265625 04 09 12
25.488281 9.2578125 04 09 12
25.488281 9.2578125 04 09 12
24.082031 8.3671875 04 09 12
25.488281 9.2578125 04 09 12
25.488281 9.2578125 04 09 12
40.253906 9.4453125 04 09 12
20.496094 -6.1640625 04 09 13
15.292969 -3.3984375 04 09 13
20.917969 5.1328125 04 09 13
24.152344 5.4609375 04 09 13
26.121094 5.9765625 04 09 13
26.121094 5.9765625 04 09 13
22.042969 6.7265625 04 09 13
14.871094 -7.3359375 04 09 14
14.941406 -7.1484375 04 09 14
14.941406 -7.1484375 04 09 14
14.660156 -6.3046875 04 09 14
14.660156 -6.3046875 04 09 14
26.472656 -2.6015625 04 09 14
26.753906 -1.8046875 04 09 14
21.902344 2.9296875 04 09 14
23.097656 3.4921875 04 09 14
22.535156 4.1484375 04 09 14
19.863281 3.9609375 04 09 14
20.777344 -3.9140625 04 09 15
19.160156 2.8828125 04 09 15
19.230469 2.9765625 04 09 15
26.753906 3.1640625 04 09 15
25.839844 4.5234375 04 09 16
25.839844 4.5234375 04 09 16
26.542969 3.7265625 04 09 17
24.925781 -1.0546875 04 10 12
21.339844 -0.0703125 04 10 12
29.917969 5.1796875 04 10 12
23.519531 6.0234375 04 10 12
29.847656 5.1796875 04 10 12
25.839844 5.5078125 04 10 12
24.433594 5.7421875 04 10 12
29.917969 5.2265625 04 10 12
19.089844 5.9296875 04 10 12
32.308594 9.3984375 04 10 12
24.574219 -3.6328125 04 10 13
23.589844 -3.2109375 04 10 13
23.730469 -2.7890625 04 10 13
23.730469 -2.7421875 04 10 13
23.730469 -2.7421875 04 10 13
14.941406 -9.1640625 04 10 14
20.988281 -4.2421875 04 10 14
22.675781 -3.9609375 04 10 14
23.660156 -3.5859375 04 10 14
22.535156 -3.9140625 04 10 14
20.988281 -4.2421875 04 10 14
26.753906 -2.7421875 04 10 14
20.214844 2.9765625 04 10 14
20.214844 2.9765625 04 10 14
9.949219 6.0234375 04 10 14
14.449219 -5.0859375 04 10 15
11.847656 -1.7578125 04 10 15
21.691406 11.4140625 04 10 16
11.917969 1.5234375 04 10 17
30.972656 4.1015625 04 10 17
19.019531 -4.6640625 04 11 12
29.425781 -1.4765625 04 11 12
30.199219 -0.3515625 04 11 12
31.886719 9.1640625 04 11 12
32.23828 9.7734375 04 11 12
15.363281 -9.0703125 04 11 13
35.05078 7.7109375 04 11 13
28.441406 10.1484375 04 11 13
28.441406 10.1484375 04 11 13
28.441406 10.1484375 04 11 13
11.496094 -0.8203125 04 11 14
12.410156 0.7734375 04 11 14
12.550781 0.7734375 04 11 14
7.4882812 6.5390625 04 11 14
5.0273438 8.1796875 04 11 14
5.0273438 8.1796875 04 11 14
12.621094 -1.7578125 04 11 15
11.355469 -1.0078125 04 11 15
12.621094 -1.7578125 04 11 15
12.621094 -1.5703125 04 11 15
18.949219 4.1484375 04 11 15
19.160156 5.4140625 04 11 15
19.160156 5.4140625 04 11 15
24.644531 8.1796875 04 11 15
4.4648438 9.0703125 04 11 15
16.066406 4.9453125 04 11 16
18.316406 -25.851562 04 11 17
18.316406 -25.851562 04 11 17
18.597656 2.5078125 04 11 17
24.433594 7.8984375 04 11 17
3.1289062 9.8671875 04 11 17
19.863281 -2.8359375 04 12 12
27.246094 -2.1328125 04 12 12
27.527344 -0.8203125 04 12 12
21.128906 11.4609375 04 12 12
17.261719 -15.1640625 04 12 13
19.511719 -7.7109375 04 12 13
20.496094 -6.7265625 04 12 13
20.285156 -6.1171875 04 12 13
19.511719 -4.1015625 04 12 13
19.792969 -2.9765625 04 12 13
16.136719 -15.2109375 04 12 14
16.136719 -15.2109375 04 12 14
22.605469 -0.3984375 04 12 14
22.605469 -0.3984375 04 12 14
14.589844 4.8046875 04 12 14
12.128906 5.4140625 04 12 14
14.941406 5.0390625 04 12 14
10.019531 5.8359375 04 12 14
9.527344 6.6328125 04 12 14
15.222656 -9.0703125 04 12 15
14.871094 -6.5859375 04 12 15
22.113281 -1.8046875 04 12 15
11.355469 3.8203125 04 12 15
14.167969 4.6640625 04 12 15
13.183594 4.0078125 04 12 15
4.7460938 9.1171875 04 12 15
4.1835938 9.1171875 04 12 15
7.2773438 8.8828125 04 12 15
4.6757812 9.1171875 04 12 15
4.6757812 9.1171875 04 12 15
3.4101562 9.6328125 04 12 15
1.8632812 10.4296875 04 12 15
1.8632812 10.4296875 04 12 15
1.8632812 10.4296875 04 12 15
2.4960938 10.9921875 04 12 15
4.6054688 10.9453125 04 12 15
21.269531 -4.1015625 04 12 16
11.425781 -1.6171875 04 12 16
12.761719 4.1484375 04 12 16
15.082031 -7.4765625 04 12 17
15.785156 -17.367188 04 13 12
17.753906 -14.2734375 04 13 12
17.753906 -14.2734375 04 13 12
17.753906 -14.2734375 04 13 12
17.753906 -14.2734375 04 13 12
17.683594 -13.1015625 04 13 12
19.933594 -12.0703125 04 13 12
15.363281 -8.8359375 04 13 12
24.011719 2.6015625 04 13 12
24.222656 2.1796875 04 13 12
28.160156 1.9453125 04 13 12
11.355469 7.2421875 04 13 12
11.355469 7.2421875 04 13 12
11.566406 8.0390625 04 13 12
46.089844 7.9921875 04 13 12
46.089844 7.9921875 04 13 12
46.089844 7.9921875 04 13 12
46.089844 7.9921875 04 13 12
45.808594 8.1328125 04 13 12
43.558594 8.2734375 04 13 12
8.683594 9.6328125 04 13 12
42.222656 9.8203125 04 13 12
8.683594 9.6328125 04 13 12
42.222656 9.8203125 04 13 12
15.292969 -14.6484375 04 13 13
16.347656 -13.9921875 04 13 13
16.347656 -13.9921875 04 13 13
16.347656 -13.9921875 04 13 13
20.917969 -12.1171875 04 13 13
22.464844 -5.7421875 04 13 13
18.105469 -5.3203125 04 13 13
19.371094 -5.1796875 04 13 13
21.128906 -4.3359375 04 13 13
21.128906 -4.3359375 04 13 13
21.902344 -4.8515625 04 13 13
21.128906 -4.3359375 04 13 13
18.878906 -11.6015625 04 13 14
20.285156 -6.0234375 04 13 14
15.363281 -5.5546875 04 13 14
15.574219 -5.5078125 04 13 14
17.472656 -4.0078125 04 13 14
17.824219 -4.0546875 04 13 14
16.839844 -3.7734375 04 13 14
16.488281 -3.5859375 04 13 14
16.839844 -3.7734375 04 13 14
12.128906 7.0546875 04 13 14
19.582031 -14.9765625 04 13 15
7.5585938 7.4765625 04 13 15
7.5585938 7.4765625 04 13 15
6.0820312 8.1328125 04 13 15
12.058594 -1.8515625 04 13 17
12.691406 3.4453125 04 13 17
2.9179688 9.7265625 04 13 17
2.8476562 9.7265625 04 13 17
2.9179688 9.7265625 04 13 17
11.425781 1.6171875 04 14 12
27.386719 1.7578125 04 14 12
32.589844 7.5234375 04 14 12
39.691406 13.1484375 04 14 12
39.691406 13.1484375 04 14 12
26.050781 7.5234375 04 14 13
42.433594 5.8828125 04 14 14
8.753906 9.5859375 04 14 14
4.8164062 8.8828125 04 14 15
11.707031 8.6484375 04 14 15
4.7460938 8.8828125 04 14 15
23.730469 -23.742188 04 15 12
21.902344 -1.7578125 04 15 12
19.089844 0.1171875 04 15 12
39.410156 11.8828125 04 15 12
39.48047 13.4765625 04 15 12
26.472656 -3.4921875 04 15 13
19.652344 -3.2578125 04 15 13
20.917969 -2.7890625 04 15 13
26.332031 -2.6953125 04 15 13
20.917969 -2.7890625 04 15 13
17.753906 -2.2734375 04 15 13
18.597656 -1.3359375 04 15 13
18.597656 -1.3359375 04 15 13
18.246094 2.3203125 04 15 13
5.0976562 8.5078125 04 15 13
8.332031 11.6015625 04 15 13
14.941406 -9.2109375 04 15 14
25.699219 -2.8828125 04 15 14
24.785156 -2.1328125 04 15 14
24.855469 -1.1484375 04 15 14
18.316406 1.1953125 04 15 14
3.7617188 7.4765625 04 15 14
1.7226562 8.9296875 04 15 14
1.7226562 8.9296875 04 15 14
30.761719 9.1640625 04 15 14
1.7226562 8.9296875 04 15 14
1.7929688 9.0703125 04 15 14
5.2382812 9.3515625 04 15 14
8.050781 10.4296875 04 15 14
15.433594 -14.2265625 04 15 15
21.128906 -11.9765625 04 15 15
11.214844 -1.3828125 04 15 15
15.292969 -4.0078125 04 16 12
23.589844 -3.3984375 04 16 12
10.230469 6.3984375 04 16 12
21.410156 9.6796875 04 16 12
21.410156 9.6796875 04 16 12
21.410156 9.6796875 04 16 12
20.355469 10.0078125 04 16 12
20.355469 10.0078125 04 16 12
13.675781 10.7578125 04 16 12
20.777344 -5.0859375 04 16 13
14.519531 -3.1640625 04 16 13
15.433594 -2.7421875 04 16 13
26.824219 -1.8515625 04 16 13
18.246094 -0.2578125 04 16 13
18.246094 -0.2578125 04 16 13
16.839844 -0.2578125 04 16 13
19.371094 0.3515625 04 16 13
20.988281 1.8515625 04 16 13
15.714844 9.1171875 04 16 13
15.714844 9.1171875 04 16 13
17.683594 9.3984375 04 16 13
15.714844 9.1171875 04 16 13
18.667969 9.5859375 04 16 13
19.371094 9.9140625 04 16 13
8.964844 10.1484375 04 16 13
16.628906 10.1015625 04 16 13
21.621094 10.5703125 04 16 13
8.964844 10.1484375 04 16 13
39.55078 12.6328125 04 16 13
39.55078 12.6328125 04 16 13
39.55078 12.6328125 04 16 13
26.472656 -3.1171875 04 16 14
11.636719 -1.6640625 04 16 14
16.277344 -1.4296875 04 16 14
11.636719 -1.6171875 04 16 14
18.386719 2.2265625 04 16 14
20.285156 4.2421875 04 16 14
22.535156 7.4296875 04 16 14
26.121094 7.7109375 04 16 14
17.402344 11.0859375 04 16 14
11.144531 11.3203125 04 16 14
11.144531 11.3203125 04 16 14
11.144531 11.3203125 04 16 14
18.246094 5.5546875 04 16 15
18.246094 5.5546875 04 16 15
10.160156 11.1328125 04 16 15
12.410156 -2.1796875 04 16 17
24.433594 -2.1328125 04 16 17
24.433594 -2.1328125 04 16 17
13.675781 5.1328125 04 16 17
14.027344 8.6484375 04 16 17
17.191406 -13.9453125 04 17 12
27.035156 -1.9453125 04 17 12
25.207031 0.5859375 04 17 12
25.136719 0.5859375 04 17 12
19.230469 5.6953125 04 17 12
16.488281 5.9765625 04 17 12
16.699219 6.1171875 04 17 12
20.285156 7.2890625 04 17 12
17.753906 8.5546875 04 17 12
11.214844 9.1640625 04 17 12
23.378906 9.1640625 04 17 12
11.214844 9.1640625 04 17 12
9.949219 9.3984375 04 17 12
14.308594 12.3046875 04 17 12
39.410156 12.3984375 04 17 12
18.457031 12.3046875 04 17 12
18.597656 12.9140625 04 17 12
39.48047 12.3984375 04 17 12
36.597656 5.9765625 04 17 13
28.441406 6.6796875 04 17 13
28.441406 6.6796875 04 17 13
28.441406 6.6796875 04 17 13
27.878906 7.1015625 04 17 13
20.425781 9.8671875 04 17 13
20.425781 9.8671875 04 17 13
4.0429688 9.8203125 04 17 13
17.964844 10.6171875 04 17 13
8.964844 10.8515625 04 17 13
12.339844 11.1328125 04 17 13
8.332031 11.2734375 04 17 13
8.332031 11.2734375 04 17 13
6.9257812 11.5078125 04 17 13
6.9257812 11.5078125 04 17 13
22.816406 11.6484375 04 17 13
6.9257812 11.5078125 04 17 13
25.136719 6.6796875 04 17 14
25.136719 6.6796875 04 17 14
21.410156 8.3203125 04 17 14
18.316406 10.1484375 04 17 14
1.8632812 10.7109375 04 17 14
19.933594 9.7734375 04 17 14
1.9335938 10.7109375 04 17 14
3.2695312 10.7109375 04 17 14
4.0429688 10.6171875 04 17 14
1.8632812 10.7109375 04 17 14
18.667969 10.9921875 04 17 14
4.0429688 10.6171875 04 17 14
4.0429688 10.6171875 04 17 14
13.746094 11.1328125 04 17 14
3.2695312 10.7578125 04 17 14
28.300781 4.8515625 04 17 15
19.160156 2.4609375 04 17 16
19.652344 -0.7265625 04 17 17
26.964844 4.7109375 04 17 17
28.371094 -2.2734375 04 18 12
28.371094 -2.2734375 04 18 12
28.230469 -1.9921875 04 18 12
24.785156 4.3828125 04 18 12
24.785156 4.3828125 04 18 12
35.82422 7.1015625 04 18 12
30.058594 8.8828125 04 18 12
25.980469 9.2109375 04 18 12
29.144531 10.8046875 04 18 12
30.339844 10.7578125 04 18 12
39.48047 10.8984375 04 18 12
39.48047 10.8984375 04 18 12
31.394531 7.3359375 04 18 13
18.316406 10.5703125 04 18 13
2.7773438 10.4765625 04 18 13
18.316406 10.5703125 04 18 13
18.316406 10.5703125 04 18 13
18.597656 11.0390625 04 18 13
28.441406 6.6328125 04 18 14
31.113281 8.6015625 04 18 14
22.816406 8.6953125 04 18 14
24.574219 8.8359375 04 18 14
23.660156 9.2109375 04 18 14
19.160156 10.1484375 04 18 14
21.972656 10.6640625 04 18 15
13.675781 -15.7734375 04 18 16
14.871094 10.6171875 04 19 12
14.097656 10.4296875 04 19 12
15.785156 10.2890625 04 19 12
14.871094 10.6171875 04 19 12
11.285156 1.2421875 04 19 13
11.425781 4.1015625 04 19 13
15.152344 7.8046875 04 19 13
21.058594 7.9453125 04 19 13
21.691406 8.5078125 04 19 13
15.292969 9.4921875 04 19 13
15.292969 9.4921875 04 19 13
20.425781 9.8203125 04 19 13
14.800781 -8.1328125 04 19 15
31.113281 5.6015625 04 19 15
6.7148438 10.7109375 04 19 15
10.933594 12.9140625 04 19 16
10.933594 12.9140625 04 19 16
10.933594 12.9140625 04 19 16
16.699219 10.9453125 04 19 17
18.457031 -3.1171875 04 20 12
17.683594 -2.1796875 04 20 12
26.332031 0.5859375 04 20 12
25.769531 5.3203125 04 20 12
25.910156 5.5078125 04 20 12
10.230469 6.2109375 04 20 12
11.144531 6.8671875 04 20 12
18.667969 9.0234375 04 20 12
18.667969 9.0234375 04 20 12
19.371094 -5.3203125 04 20 13
19.371094 -5.3203125 04 20 13
15.433594 -2.1328125 04 20 13
17.542969 -2.5546875 04 20 13
14.519531 -1.1953125 04 20 13
16.277344 -1.4296875 04 20 13
11.355469 -1.4296875 04 20 13
14.871094 -1.0078125 04 20 13
14.871094 -1.0078125 04 20 13
14.871094 -1.0078125 04 20 13
22.886719 8.2734375 04 20 13
30.691406 9.2109375 04 20 13
12.972656 -2.6484375 04 20 14
12.972656 -2.6484375 04 20 14
15.714844 -0.7265625 04 20 14
11.074219 -0.5390625 04 20 14
13.746094 -0.1640625 04 20 14
12.972656 -0.1640625 04 20 14
22.464844 8.1328125 04 20 14
28.371094 7.7578125 04 20 14
14.378906 -3.0703125 04 20 15
12.691406 -2.4609375 04 20 15
12.691406 -0.1640625 04 20 15
19.160156 9.2578125 04 20 15
12.761719 10.1484375 04 20 15
8.824219 10.3359375 04 20 15
9.175781 11.4140625 04 20 15
6.2226562 13.1015625 04 20 15
5.3789062 13.5703125 04 20 15
19.160156 7.8984375 04 20 16
13.816406 10.0078125 04 20 16
13.816406 10.0078125 04 20 16
25.769531 -31.382812 04 20 17
16.628906 -19.335938 04 21 12
24.925781 -7.1015625 04 21 12
28.511719 -2.2265625 04 21 12
28.511719 -2.2265625 04 21 12
25.699219 0.7734375 04 21 12
28.511719 0.4921875 04 21 12
28.371094 0.7265625 04 21 12
27.667969 8.0390625 04 21 12
25.558594 8.0859375 04 21 12
3.6210938 7.4296875 04 21 12
26.824219 8.0859375 04 21 12
26.824219 8.0859375 04 21 12
25.488281 8.0859375 04 21 12
10.652344 6.9140625 04 21 13
24.152344 7.3828125 04 21 13
24.222656 8.1328125 04 21 13
36.808594 -5.6015625 04 21 14
36.808594 -5.6015625 04 21 14
26.824219 -5.0859375 04 21 14
26.402344 -4.1015625 04 21 14
21.410156 8.3203125 04 21 14
13.183594 9.4453125 04 21 14
13.675781 10.1015625 04 21 14
13.675781 10.1015625 04 21 14
13.957031 10.8046875 04 21 14
7.1367188 12.2109375 04 21 14
7.2773438 12.7734375 04 21 14
22.535156 -4.2421875 04 21 15
22.394531 0.7734375 04 21 15
21.269531 7.9921875 04 21 15
3.8320312 12.9140625 04 21 15
5.0976562 13.0078125 04 21 15
3.5507812 13.5234375 04 21 15
5.3789062 13.7578125 04 21 15
5.5898438 14.6015625 04 21 15
7.5585938 7.6640625 04 21 16
7.5585938 7.6640625 04 21 16
31.253906 -3.6796875 04 21 17
11.285156 -1.4296875 04 22 12
28.933594 -0.3046875 04 22 12
28.933594 -0.3046875 04 22 12
28.933594 -0.3046875 04 22 12
28.722656 -0.1640625 04 22 12
28.933594 -0.3046875 04 22 12
28.792969 -0.2578125 04 22 12
28.511719 0.4453125 04 22 12
29.003906 -0.1640625 04 22 12
28.582031 0.4453125 04 22 12
39.410156 0.2578125 04 22 12
22.253906 0.7734375 04 22 12
43.98047 4.8046875 04 22 12
43.98047 4.8046875 04 22 12
43.066406 5.3671875 04 22 12
43.066406 5.3671875 04 22 12
43.98047 4.8046875 04 22 12
44.191406 6.4453125 04 22 12
29.707031 6.0703125 04 22 12
44.191406 6.4921875 04 22 12
44.191406 6.4921875 04 22 12
36.94922 6.7734375 04 22 12
6.2226562 9.1640625 04 22 12
9.246094 9.8671875 04 22 12
7.0664062 11.2734375 04 22 12
2.9882812 13.9453125 04 22 12
15.433594 -8.9296875 04 22 13
26.542969 -0.1171875 04 22 13
30.128906 4.1015625 04 22 13
30.128906 4.1015625 04 22 13
13.746094 7.3359375 04 22 13
13.746094 7.3359375 04 22 13
25.628906 7.8984375 04 22 13
24.644531 8.7890625 04 22 13
19.300781 8.8359375 04 22 13
15.222656 8.9296875 04 22 13
15.222656 8.9296875 04 22 13
17.332031 9.1640625 04 22 13
16.699219 10.1484375 04 22 13
16.699219 10.1484375 04 22 13
15.292969 -8.4140625 04 22 14
12.480469 -1.8515625 04 22 14
27.738281 7.5703125 04 22 14
25.558594 7.5234375 04 22 14
24.996094 7.0078125 04 22 14
27.738281 7.7109375 04 22 14
16.207031 7.8984375 04 22 14
16.910156 8.6953125 04 22 14
21.902344 8.6953125 04 22 14
23.097656 8.7890625 04 22 14
14.730469 10.5703125 04 22 14
14.730469 10.5703125 04 22 14
19.441406 10.5234375 04 22 14
26.964844 7.9921875 04 22 15
19.230469 9.8203125 04 22 15
18.246094 8.1328125 04 22 16
22.324219 10.1015625 04 22 16
13.957031 -2.5078125 04 22 17
26.824219 5.7890625 04 22 17
22.042969 -9.5859375 04 23 12
19.160156 -8.7421875 04 23 12
19.160156 -8.7421875 04 23 12
19.160156 -8.7421875 04 23 12
23.449219 -7.2890625 04 23 12
18.457031 -4.7578125 04 23 12
18.457031 -4.7578125 04 23 12
17.824219 -4.2890625 04 23 12
18.035156 -1.3359375 04 23 12
16.066406 -0.0234375 04 23 12
15.363281 1.8046875 04 23 12
11.355469 2.8828125 04 23 12
11.355469 2.8828125 04 23 12
11.355469 2.8828125 04 23 12
11.355469 2.8828125 04 23 12
35.472656 7.1953125 04 23 12
35.472656 7.1953125 04 23 12
41.097656 8.1796875 04 23 12
41.80078 9.0703125 04 23 12
24.644531 9.0234375 04 23 12
9.035156 10.7109375 04 23 12
39.972656 12.8671875 04 23 12
22.253906 -8.6015625 04 23 13
22.253906 -8.6015625 04 23 13
22.253906 -8.6015625 04 23 13
15.222656 -6.5859375 04 23 13
24.363281 -6.2109375 04 23 13
14.097656 -4.5234375 04 23 13
31.324219 7.7578125 04 23 13
27.386719 8.3203125 04 23 13
27.386719 8.3203125 04 23 13
23.519531 9.1171875 04 23 13
23.519531 9.1171875 04 23 13
22.886719 8.9296875 04 23 13
31.113281 -27.210938 04 23 14
18.667969 -21.117188 04 23 14
15.292969 -7.9921875 04 23 14
23.941406 -3.3046875 04 23 14
23.941406 -3.3046875 04 23 14
23.941406 -3.3046875 04 23 14
11.988281 1.2421875 04 23 14
11.988281 1.2421875 04 23 14
12.972656 1.5703125 04 23 14
31.464844 5.8828125 04 23 14
28.160156 6.8203125 04 23 14
10.582031 6.6328125 04 23 14
29.355469 6.3984375 04 23 14
15.363281 7.2421875 04 23 14
27.105469 7.2890625 04 23 14
27.175781 7.8984375 04 23 14
28.230469 7.0078125 04 23 14
18.878906 8.3671875 04 23 14
18.738281 8.4609375 04 23 14
19.089844 8.6953125 04 23 14
19.089844 8.6953125 04 23 14
19.089844 8.6953125 04 23 14
20.566406 8.7421875 04 23 14
14.308594 10.8515625 04 23 14
18.386719 11.4140625 04 23 14
2.2148438 12.5859375 04 23 14
2.2148438 12.5859375 04 23 14
17.121094 -18.164062 04 23 15
24.644531 -3.3046875 04 23 15
15.574219 3.7265625 04 23 15
14.167969 7.3828125 04 23 15
14.167969 7.3828125 04 23 15
13.605469 -0.0703125 04 23 16
27.035156 5.5078125 04 23 16
25.910156 6.3046875 04 23 16
16.488281 8.3203125 04 23 16
22.535156 10.1015625 04 23 16
10.863281 -1.1484375 04 23 17
10.863281 -1.1484375 04 23 17
42.152344 8.1796875 04 23 17
25.488281 -6.5859375 04 24 12
32.660156 -4.1015625 04 24 12
32.097656 -3.7734375 04 24 12
32.73047 -4.1015625 04 24 12
38.98828 -1.1015625 04 24 12
23.871094 -0.8203125 04 24 12
23.378906 -0.3046875 04 24 12
23.167969 1.6171875 04 24 12
23.167969 1.6171875 04 24 12
22.394531 2.5546875 04 24 12
22.605469 2.0390625 04 24 12
22.816406 2.6015625 04 24 12
11.707031 3.3515625 04 24 12
24.011719 3.7734375 04 24 12
22.886719 3.3515625 04 24 12
11.707031 3.3515625 04 24 12
11.425781 3.5390625 04 24 12
13.605469 4.8046875 04 24 12
13.605469 4.8515625 04 24 12
13.605469 4.8515625 04 24 12
13.605469 4.8515625 04 24 12
13.605469 4.8515625 04 24 12
11.425781 7.4296875 04 24 12
12.832031 6.3046875 04 24 12
24.714844 8.8359375 04 24 12
9.316406 9.5859375 04 24 12
30.410156 9.5859375 04 24 12
2.2148438 10.2421875 04 24 12
22.886719 -7.8046875 04 24 13
22.886719 -7.8046875 04 24 13
25.628906 -5.4140625 04 24 13
14.449219 1.1015625 04 24 13
19.933594 1.3828125 04 24 13
19.933594 1.3828125 04 24 13
27.738281 6.6796875 04 24 13
27.738281 6.6796875 04 24 13
27.738281 6.6796875 04 24 13
27.878906 6.9140625 04 24 13
27.457031 8.4140625 04 24 13
29.074219 8.0859375 04 24 13
25.488281 8.5078125 04 24 13
27.457031 8.4140625 04 24 13
25.488281 8.5078125 04 24 13
25.488281 8.5078125 04 24 13
8.964844 10.0078125 04 24 13
17.542969 -5.3671875 04 24 14
14.871094 -1.7578125 04 24 14
15.433594 -1.1015625 04 24 14
11.144531 -0.4921875 04 24 14
13.183594 -0.2109375 04 24 14
14.238281 0.8671875 04 24 14
15.152344 1.7109375 04 24 14
12.058594 1.8515625 04 24 14
14.449219 8.0390625 04 24 14
31.464844 8.7421875 04 24 14
22.675781 8.9296875 04 24 14
26.332031 8.6953125 04 24 14
20.214844 9.3515625 04 24 14
18.597656 10.7109375 04 24 14
18.597656 10.7109375 04 24 14
9.808594 11.2265625 04 24 14
18.949219 -5.9765625 04 24 15
12.199219 -1.6171875 04 24 15
14.308594 -0.6328125 04 24 15
13.113281 1.4765625 04 24 15
13.605469 2.1796875 04 24 15
12.691406 2.6015625 04 24 15
15.785156 3.7734375 04 24 15
25.488281 5.8828125 04 24 15
29.425781 6.2578125 04 24 15
4.1835938 9.3515625 04 24 15
28.160156 10.0546875 04 24 15
8.824219 11.5078125 04 24 15
16.839844 11.5546875 04 24 15
18.878906 -8.3671875 04 24 16
18.878906 -8.3671875 04 24 16
12.832031 -2.6015625 04 24 16
15.433594 7.2421875 04 24 16
2.0742188 9.3984375 04 24 16
16.488281 -3.3515625 04 24 17
25.277344 0.3515625 04 24 17
29.496094 10.1484375 04 24 17
23.238281 -7.8984375 04 25 12
23.238281 -7.8984375 04 25 12
23.238281 -7.8984375 04 25 12
27.105469 -0.1640625 04 25 12
27.105469 -0.1640625 04 25 12
27.105469 -0.1640625 04 25 12
28.371094 1.6640625 04 25 12
26.894531 2.2734375 04 25 12
11.777344 3.8671875 04 25 12
16.488281 6.6796875 04 25 12
21.761719 7.1953125 04 25 12
17.332031 7.6171875 04 25 12
17.542969 7.8046875 04 25 12
17.402344 8.1328125 04 25 12
28.933594 7.9453125 04 25 12
14.589844 8.0390625 04 25 12
14.800781 8.1328125 04 25 12
28.933594 7.9453125 04 25 12
17.402344 8.1328125 04 25 12
17.472656 8.0859375 04 25 12
17.542969 8.0390625 04 25 12
17.824219 8.3203125 04 25 12
2.8476562 10.0546875 04 25 12
2.9882812 10.0078125 04 25 12
31.113281 9.5390625 04 25 12
29.917969 10.0078125 04 25 12
30.832031 10.7578125 04 25 12
16.347656 -4.8515625 04 25 13
24.644531 -2.1328125 04 25 13
24.644531 -2.1328125 04 25 13
25.347656 -2.2734375 04 25 13
24.644531 -2.1328125 04 25 13
25.347656 -2.2734375 04 25 13
14.097656 -1.2421875 04 25 13
14.097656 -1.1953125 04 25 13
11.074219 -0.5859375 04 25 13
15.433594 -0.0234375 04 25 13
10.230469 6.2109375 04 25 13
28.441406 7.6171875 04 25 13
27.667969 7.8984375 04 25 13
27.667969 7.9453125 04 25 13
24.785156 8.7421875 04 25 13
24.785156 8.7421875 04 25 13
23.800781 9.4453125 04 25 13
23.800781 9.4453125 04 25 13
21.058594 11.5078125 04 25 13
21.058594 11.5078125 04 25 13
7.4179688 11.4140625 04 25 13
21.058594 11.5078125 04 25 13
20.003906 12.0703125 04 25 13
21.972656 11.7890625 04 25 13
21.058594 11.5078125 04 25 13
19.792969 12.0703125 04 25 13
19.792969 12.0703125 04 25 13
18.949219 -4.1015625 04 25 14
20.988281 -2.2265625 04 25 14
19.933594 -1.9453125 04 25 14
12.691406 -1.8046875 04 25 14
11.285156 -1.4765625 04 25 14
14.871094 -1.1953125 04 25 14
25.699219 -1.1015625 04 25 14
14.238281 -0.5859375 04 25 14
26.894531 7.9453125 04 25 14
20.917969 11.1328125 04 25 14
14.378906 -13.8046875 04 25 15
15.011719 -7.4296875 04 25 15
15.925781 -7.6640625 04 25 15
15.503906 -3.8203125 04 25 15
21.128906 -2.9296875 04 25 15
13.746094 -3.1171875 04 25 15
19.019531 1.1484375 04 25 15
23.167969 9.1640625 04 25 15
18.808594 -2.6953125 04 25 16
12.269531 -2.1796875 04 25 16
12.269531 -2.1796875 04 25 16
6.5742188 11.6015625 04 25 16
20.566406 -3.3046875 04 25 17
21.128906 1.9453125 04 25 17
19.160156 1.8515625 04 25 17
20.566406 2.5546875 04 25 17
32.941406 8.3671875 04 25 17
19.019531 -2.9296875 04 26 12
19.933594 -1.1484375 04 26 12
14.589844 0.4453125 04 26 12
13.675781 0.5390625 04 26 12
33.57422 2.4140625 04 26 12
45.316406 6.4453125 04 26 12
35.472656 7.0546875 04 26 12
35.472656 7.0546875 04 26 12
20.496094 7.1015625 04 26 12
42.01172 7.5703125 04 26 12
43.20703 7.6171875 04 26 12
41.941406 7.7109375 04 26 12
21.480469 8.1328125 04 26 12
20.425781 7.8984375 04 26 12
20.496094 7.8984375 04 26 12
22.253906 8.6953125 04 26 12
20.425781 7.8984375 04 26 12
41.941406 7.8515625 04 26 12
20.425781 7.8984375 04 26 12
22.253906 8.6953125 04 26 12
41.80078 9.2578125 04 26 12
39.55078 9.4921875 04 26 12
41.80078 9.2578125 04 26 12
23.308594 10.3359375 04 26 12
39.55078 9.4921875 04 26 12
23.308594 10.3359375 04 26 12
3.6210938 12.8671875 04 26 12
3.6210938 12.8671875 04 26 12
23.589844 -5.8828125 04 26 13
23.589844 -5.8828125 04 26 13
23.589844 -5.8828125 04 26 13
22.957031 -5.0859375 04 26 13
21.972656 -3.1171875 04 26 13
21.972656 -3.1171875 04 26 13
18.878906 -0.1171875 04 26 13
18.878906 -0.1171875 04 26 13
18.878906 -0.0234375 04 26 13
42.85547 3.7734375 04 26 13
42.85547 3.7734375 04 26 13
22.605469 -4.9921875 04 26 14
31.816406 9.1171875 04 26 14
8.894531 9.4453125 04 26 14
19.652344 -19.617188 04 26 15
25.207031 8.3203125 04 26 15
25.207031 8.3203125 04 26 15
20.355469 12.7265625 04 26 15
20.355469 12.7265625 04 26 15
20.355469 12.7265625 04 26 15
20.355469 12.7265625 04 26 15
20.496094 12.7265625 04 26 15
22.253906 14.2265625 04 26 15
22.464844 15.2578125 04 26 15
23.800781 17.226562 04 26 15
21.902344 -19.898438 04 26 16
2.6367188 9.9140625 04 26 16
2.6367188 9.9140625 04 26 16
7.6289062 12.5859375 04 26 16
7.6289062 12.5859375 04 26 16
7.7695312 13.1953125 04 26 16
7.7695312 13.2890625 04 26 16
19.230469 13.0078125 04 26 16
9.738281 14.6015625 04 26 16
20.496094 14.7421875 04 26 16
20.496094 14.7421875 04 26 16
45.878906 -23.460938 04 26 17
18.949219 2.0859375 04 26 17
28.230469 7.5703125 04 26 17
31.816406 8.3671875 04 26 17
3.4101562 12.3046875 04 26 17
23.941406 -7.5703125 04 27 12
23.378906 -7.0078125 04 27 12
23.027344 -6.6796875 04 27 12
22.675781 -6.3984375 04 27 12
22.675781 -6.3984375 04 27 12
22.957031 -4.8046875 04 27 12
14.167969 -2.7890625 04 27 12
23.308594 -3.1171875 04 27 12
14.800781 -1.9453125 04 27 12
15.082031 -1.9921875 04 27 12
15.082031 -1.9921875 04 27 12
28.371094 -1.8046875 04 27 12
15.082031 -1.9921875 04 27 12
28.371094 -1.7578125 04 27 12
23.589844 -1.7578125 04 27 12
28.371094 -1.7578125 04 27 12
28.371094 -1.7578125 04 27 12
28.371094 -0.8203125 04 27 12
14.378906 -1.1953125 04 27 12
14.378906 -1.1953125 04 27 12
15.363281 1.0546875 04 27 12
6.6445312 7.0546875 04 27 12
6.6445312 7.0546875 04 27 12
6.6445312 7.0546875 04 27 12
7.9101562 7.1484375 04 27 12
7.9101562 7.1484375 04 27 12
7.9804688 9.9609375 04 27 12
23.660156 9.2109375 04 27 12
23.167969 9.8203125 04 27 12
18.878906 10.4765625 04 27 12
45.66797 -22.523438 04 27 13
22.253906 -9.4921875 04 27 13
9.949219 6.4453125 04 27 13
26.332031 7.7109375 04 27 13
11.636719 8.6484375 04 27 13
24.363281 8.7421875 04 27 13
21.832031 9.4921875 04 27 13
21.832031 9.4921875 04 27 13
21.621094 11.0859375 04 27 13
14.167969 10.9921875 04 27 13
15.433594 12.2578125 04 27 13
15.433594 12.2578125 04 27 13
17.542969 -17.835938 04 27 14
22.113281 -8.3203125 04 27 14
15.574219 -0.3984375 04 27 14
24.996094 0.4921875 04 27 14
28.019531 7.1953125 04 27 14
43.48828 7.5703125 04 27 14
12.480469 10.9921875 04 27 14
14.027344 -4.8046875 04 27 16
14.027344 -4.8046875 04 27 16
30.339844 -27.445312 04 28 12
23.027344 -5.2265625 04 28 12
26.191406 2.4609375 04 28 12
24.292969 2.5078125 04 28 12
25.910156 2.6484375 04 28 12
24.222656 2.7890625 04 28 12
25.417969 3.9140625 04 28 12
20.074219 3.5390625 04 28 12
21.621094 2.8359375 04 28 12
25.769531 4.4765625 04 28 12
21.621094 3.0234375 04 28 12
23.589844 3.0703125 04 28 12
23.519531 3.4921875 04 28 12
23.519531 3.4921875 04 28 12
24.011719 4.2890625 04 28 12
12.199219 4.0078125 04 28 12
25.066406 4.1015625 04 28 12
12.199219 4.1484375 04 28 12
25.769531 4.4765625 04 28 12
12.269531 5.0859375 04 28 12
24.996094 5.1796875 04 28 12
42.714844 5.6015625 04 28 12
41.941406 6.2578125 04 28 12
44.753906 6.3984375 04 28 12
24.292969 6.8203125 04 28 12
41.941406 6.2578125 04 28 12
41.941406 6.2578125 04 28 12
42.714844 7.2890625 04 28 12
44.683594 6.9140625 04 28 12
33.57422 7.6640625 04 28 12
33.57422 7.6640625 04 28 12
33.996094 8.3671875 04 28 12
30.761719 8.9296875 04 28 12
44.89453 8.6484375 04 28 12
30.761719 9.0234375 04 28 12
30.761719 9.0234375 04 28 12
48.48047 10.0078125 04 28 12
24.011719 -4.8046875 04 28 13
28.230469 -1.9453125 04 28 13
14.167969 7.8984375 04 28 13
43.628906 8.1796875 04 28 13
43.98047 8.7890625 04 28 13
43.98047 8.7890625 04 28 13
28.582031 8.7890625 04 28 13
32.51953 8.9765625 04 28 13
43.41797 9.2109375 04 28 13
43.98047 8.7890625 04 28 13
30.761719 10.2890625 04 28 13
19.441406 12.1171875 04 28 13
24.292969 -24.257812 04 28 14
25.628906 -4.8046875 04 28 14
20.988281 -2.2265625 04 28 14
20.988281 -2.2265625 04 28 14
20.988281 -2.1796875 04 28 14
21.058594 -1.2890625 04 28 14
22.675781 -1.1953125 04 28 14
36.878906 7.4296875 04 28 14
27.316406 7.5234375 04 28 14
41.73047 8.5546875 04 28 14
26.753906 9.1171875 04 28 14
26.753906 9.1171875 04 28 14
26.472656 9.5859375 04 28 14
22.886719 10.1953125 04 28 14
6.5742188 12.2109375 04 28 14
7.6992188 11.7890625 04 28 14
6.7148438 12.1640625 04 28 14
6.9257812 12.1640625 04 28 14
7.5585938 12.6328125 04 28 14
7.4882812 12.6796875 04 28 14
25.980469 -23.601562 04 28 15
15.152344 -8.2265625 04 28 15
15.152344 -8.2265625 04 28 15
15.152344 -8.2265625 04 28 15
17.683594 -6.6328125 04 28 15
19.089844 -2.3203125 04 28 15
17.753906 -0.6796875 04 28 15
17.472656 0.0234375 04 28 15
12.128906 2.1328125 04 28 15
28.582031 6.2578125 04 28 15
27.175781 6.1171875 04 28 15
28.160156 6.7265625 04 28 15
46.23047 7.1015625 04 28 15
2.4257812 10.1484375 04 28 15
22.675781 10.2421875 04 28 15
21.691406 10.7109375 04 28 15
3.0585938 10.9453125 04 28 15
3.3398438 12.7734375 04 28 15
20.355469 13.4296875 04 28 15
15.925781 -1.1015625 04 28 16
15.996094 -0.4921875 04 28 16
30.058594 5.1796875 04 28 16
30.058594 5.1796875 04 28 16
15.363281 -3.3515625 04 29 12
15.925781 -1.3359375 04 29 12
17.683594 -1.4765625 04 29 12
41.378906 1.7578125 04 29 12
33.36328 1.9453125 04 29 12
42.85547 2.5078125 04 29 12
41.80078 2.8828125 04 29 12
28.089844 2.3671875 04 29 12
27.878906 3.8671875 04 29 12
29.074219 3.9140625 04 29 12
27.878906 3.8671875 04 29 12
30.269531 4.1953125 04 29 12
40.816406 4.4296875 04 29 12
40.816406 4.4296875 04 29 12
41.660156 4.9921875 04 29 12
22.675781 5.0859375 04 29 12
42.222656 5.9296875 04 29 12
10.230469 6.3515625 04 29 12
10.933594 7.1953125 04 29 12
14.167969 7.8515625 04 29 12
25.910156 7.9453125 04 29 12
25.910156 7.9453125 04 29 12
47.91797 8.6015625 04 29 12
25.207031 8.3203125 04 29 12
28.300781 8.7421875 04 29 12
27.738281 8.4140625 04 29 12
25.207031 8.3203125 04 29 12
8.683594 9.5390625 04 29 12
28.300781 8.7421875 04 29 12
27.457031 9.3984375 04 29 12
29.636719 9.3046875 04 29 12
29.003906 9.4921875 04 29 12
29.003906 9.4921875 04 29 12
9.246094 9.5390625 04 29 12
7.6992188 10.1015625 04 29 12
9.105469 9.7265625 04 29 12
29.214844 9.8671875 04 29 12
9.597656 10.2890625 04 29 12
24.363281 12.8203125 04 29 12
24.292969 13.0546875 04 29 12
7.5585938 13.3828125 04 29 12
15.222656 -7.8515625 04 29 13
19.160156 -6.9140625 04 29 13
19.160156 -6.9140625 04 29 13
15.082031 -6.5859375 04 29 13
15.082031 -6.5859375 04 29 13
21.128906 -3.8203125 04 29 13
19.792969 -3.9140625 04 29 13
19.792969 -3.9140625 04 29 13
19.652344 -3.8203125 04 29 13
19.089844 -3.6328125 04 29 13
44.472656 4.6640625 04 29 13
44.472656 4.6640625 04 29 13
11.847656 7.2890625 04 29 13
43.98047 8.7421875 04 29 13
6.2226562 10.8515625 04 29 13
6.7851562 11.2265625 04 29 13
20.847656 12.3515625 04 29 13
30.480469 11.9765625 04 29 13
21.410156 12.6328125 04 29 13
20.144531 12.8671875 04 29 13
20.847656 12.3984375 04 29 13
20.707031 12.6328125 04 29 13
20.144531 12.8671875 04 29 13
22.253906 14.0390625 04 29 13
22.253906 14.0390625 04 29 13
20.496094 -7.3359375 04 29 14
18.246094 -6.9609375 04 29 14
19.371094 -6.2109375 04 29 14
19.371094 -6.2109375 04 29 14
19.371094 -6.2109375 04 29 14
21.128906 -2.9765625 04 29 14
11.425781 -1.2421875 04 29 14
14.378906 -0.2578125 04 29 14
11.144531 -0.3046875 04 29 14
14.378906 -0.2578125 04 29 14
13.113281 0.2109375 04 29 14
13.183594 1.1484375 04 29 14
22.253906 2.7890625 04 29 14
13.042969 2.7421875 04 29 14
43.20703 4.0078125 04 29 14
32.941406 4.8984375 04 29 14
24.222656 6.3515625 04 29 14
32.51953 9.2578125 04 29 14
19.089844 11.8828125 04 29 14
29.355469 11.5078125 04 29 14
22.183594 12.9609375 04 29 14
22.183594 12.9609375 04 29 14
15.785156 -9.4453125 04 29 15
15.222656 -8.8828125 04 29 15
18.738281 -8.2734375 04 29 15
19.230469 -5.6953125 04 29 15
45.10547 8.0390625 04 29 15
3.2695312 10.0546875 04 29 15
4.0429688 12.5859375 04 29 15
31.183594 5.6015625 04 29 16
44.54297 5.6953125 04 29 16
11.285156 1.2890625 04 29 17
36.45703 -2.4609375 04 30 12
20.425781 -0.6796875 04 30 12
22.042969 -0.3515625 04 30 12
23.449219 -0.8203125 04 30 12
28.722656 -0.4921875 04 30 12
15.925781 0.0234375 04 30 12
18.316406 -0.3984375 04 30 12
20.144531 0.1640625 04 30 12
18.316406 -0.3984375 04 30 12
15.925781 0.0703125 04 30 12
15.925781 0.0703125 04 30 12
15.925781 1.2890625 04 30 12
15.714844 1.3828125 04 30 12
15.855469 1.3828125 04 30 12
17.261719 2.6015625 04 30 12
43.558594 3.6796875 04 30 12
16.347656 3.4921875 04 30 12
43.558594 3.6796875 04 30 12
23.308594 5.2265625 04 30 12
23.308594 5.2265625 04 30 12
38.003906 5.8828125 04 30 12
23.308594 5.2265625 04 30 12
23.308594 5.2265625 04 30 12
25.207031 5.8359375 04 30 12
24.855469 7.0546875 04 30 12
33.222656 7.7109375 04 30 12
13.816406 8.5078125 04 30 12
14.449219 9.1171875 04 30 12
13.816406 8.5078125 04 30 12
14.449219 9.1171875 04 30 12
34.48828 10.0078125 04 30 12
15.714844 -5.6953125 04 30 13
11.847656 -1.6171875 04 30 13
11.777344 -1.6640625 04 30 13
11.777344 -1.6640625 04 30 13
20.214844 2.2265625 04 30 13
24.222656 9.5390625 04 30 13
7.4882812 11.4140625 04 30 13
31.113281 12.1640625 04 30 13
5.0976562 12.6796875 04 30 13
15.433594 -8.5078125 04 30 14
11.636719 -0.4453125 04 30 14
11.636719 -0.4453125 04 30 14
13.816406 -0.0703125 04 30 14
29.777344 4.1015625 04 30 14
25.839844 4.9921875 04 30 14
25.839844 4.9921875 04 30 14
29.214844 5.1796875 04 30 14
29.214844 5.1796875 04 30 14
3.9023438 8.8828125 04 30 14
23.519531 8.9296875 04 30 14
3.9023438 8.8828125 04 30 14
30.410156 11.1796875 04 30 14
16.277344 11.6015625 04 30 14
16.277344 11.6015625 04 30 14
5.5195312 11.7421875 04 30 14
18.035156 11.8828125 04 30 14
24.011719 12.6328125 04 30 14
2.5664062 13.7109375 04 30 14
27.597656 -1.8984375 04 30 15
19.582031 1.1953125 04 30 15
21.832031 8.0390625 04 30 15
21.972656 8.2734375 04 30 15
2.7773438 12.2109375 04 30 15
25.066406 14.3671875 04 30 15
23.871094 -6.3515625 04 30 16
14.308594 -4.5703125 04 30 16
27.175781 -4.5234375 04 30 16
26.824219 -3.5390625 04 30 16
26.753906 -2.8359375 04 30 16
20.496094 4.4765625 04 30 16
20.425781 4.7109375 04 30 16
21.691406 12.2578125 04 30 16
22.675781 12.4453125 04 30 16
22.675781 14.1796875 04 30 16
7.6992188 7.1484375 04 30 17
37.23047 8.6953125 04 30 17
25.558594 -6.9609375 05 01 12
25.558594 -6.9140625 05 01 12
32.51953 -3.6328125 05 01 12
37.371094 -1.5703125 05 01 12
38.07422 -0.1171875 05 01 12
13.816406 -0.3046875 05 01 12
38.07422 -0.1171875 05 01 12
38.07422 -0.1171875 05 01 12
38.14453 1.4765625 05 01 12
38.777344 1.2421875 05 01 12
11.707031 1.3828125 05 01 12
14.519531 1.5234375 05 01 12
45.66797 5.1796875 05 01 12
45.66797 5.1796875 05 01 12
45.246094 5.8828125 05 01 12
45.246094 5.8828125 05 01 12
45.73828 6.8671875 05 01 12
26.824219 7.2421875 05 01 12
46.86328 7.7109375 05 01 12
26.824219 7.2421875 05 01 12
43.347656 7.2890625 05 01 12
45.66797 7.8515625 05 01 12
47.07422 8.0390625 05 01 12
45.66797 7.8515625 05 01 12
45.66797 7.8515625 05 01 12
29.003906 7.6640625 05 01 12
45.316406 7.5703125 05 01 12
43.48828 8.6015625 05 01 12
25.347656 8.7890625 05 01 12
34.558594 9.6796875 05 01 12
34.558594 9.6796875 05 01 12
18.949219 10.3359375 05 01 12
18.949219 10.3359375 05 01 12
18.949219 10.3359375 05 01 12
18.949219 10.3359375 05 01 12
13.675781 10.5234375 05 01 12
11.003906 10.7109375 05 01 12
11.003906 10.7109375 05 01 12
12.058594 10.8515625 05 01 12
23.308594 -8.9296875 05 01 13
14.449219 -1.3359375 05 01 13
12.761719 -0.2109375 05 01 13
14.027344 -0.1171875 05 01 13
12.761719 -0.2109375 05 01 13
13.605469 2.9765625 05 01 13
24.503906 5.6484375 05 01 13
28.371094 6.2578125 05 01 13
26.824219 6.9140625 05 01 13
32.23828 10.0546875 05 01 13
34.13672 10.7578125 05 01 13
15.222656 11.0390625 05 01 13
16.417969 11.4609375 05 01 13
35.472656 12.0703125 05 01 13
24.082031 -8.8828125 05 01 14
15.363281 -8.7890625 05 01 14
15.152344 -7.9921875 05 01 14
14.871094 -6.2109375 05 01 14
14.871094 -6.2109375 05 01 14
14.730469 -5.1328125 05 01 14
11.214844 -1.4296875 05 01 14
16.839844 8.6015625 05 01 14
25.558594 10.1953125 05 01 14
25.558594 10.1953125 05 01 14
33.714844 11.6953125 05 01 14
34.558594 11.0859375 05 01 14
22.535156 12.7734375 05 01 14
29.917969 13.1484375 05 01 14
16.628906 -9.3515625 05 01 15
13.605469 -4.5234375 05 01 15
12.199219 -1.8515625 05 01 15
11.777344 0.2578125 05 01 15
26.050781 5.7890625 05 01 15
18.035156 11.3203125 05 01 15
20.074219 1.8046875 05 01 16
23.730469 11.1796875 05 01 16
15.714844 -4.2890625 05 01 17
15.363281 -1.3359375 05 01 17
41.589844 2.6484375 05 02 12
43.98047 4.6171875 05 02 12
44.05078 4.8984375 05 02 12
45.878906 4.8046875 05 02 12
45.878906 4.8046875 05 02 12
45.878906 4.8046875 05 02 12
43.20703 5.7421875 05 02 12
16.839844 5.2734375 05 02 12
34.277344 6.3515625 05 02 12
45.316406 5.3203125 05 02 12
44.191406 6.3046875 05 02 12
9.808594 5.9765625 05 02 12
34.277344 6.3515625 05 02 12
44.54297 7.3828125 05 02 12
35.683594 10.7578125 05 02 12
15.363281 -8.6015625 05 02 13
15.292969 -8.2265625 05 02 13
15.222656 -7.8515625 05 02 13
12.410156 -1.8984375 05 02 13
15.785156 3.5859375 05 02 13
15.996094 6.4921875 05 02 13
18.386719 7.8984375 05 02 13
19.511719 7.8984375 05 02 13
18.386719 7.8984375 05 02 13
25.699219 8.2734375 05 02 13
34.558594 10.5703125 05 02 13
33.57422 11.4140625 05 02 13
23.378906 11.7890625 05 02 13
33.433594 12.4453125 05 02 13
23.660156 12.4921875 05 02 13
33.785156 14.0859375 05 02 13
34.98047 20.648438 05 02 13
34.98047 20.648438 05 02 13
13.746094 -4.3828125 05 02 14
14.589844 -2.2734375 05 02 14
14.589844 -2.2734375 05 02 14
11.425781 -1.4296875 05 02 14
14.730469 -1.3828125 05 02 14
13.957031 -1.2421875 05 02 14
13.957031 -1.2421875 05 02 14
13.324219 -0.4921875 05 02 14
11.425781 1.3359375 05 02 14
17.472656 1.1953125 05 02 14
22.394531 1.9921875 05 02 14
24.503906 2.7421875 05 02 14
14.449219 2.6015625 05 02 14
21.480469 3.4921875 05 02 14
22.113281 3.3515625 05 02 14
22.394531 5.0390625 05 02 14
24.082031 6.6328125 05 02 14
23.589844 6.1640625 05 02 14
17.261719 6.9140625 05 02 14
16.769531 8.6015625 05 02 14
17.894531 9.1171875 05 02 14
16.558594 9.6328125 05 02 14
34.910156 20.460938 05 02 14
21.832031 -4.8984375 05 02 15
23.449219 -3.8671875 05 02 15
15.433594 -3.8203125 05 02 15
22.113281 -3.8203125 05 02 15
23.449219 -3.8671875 05 02 15
22.113281 -3.8203125 05 02 15
16.207031 -1.8515625 05 02 15
14.027344 -0.1640625 05 02 15
21.199219 2.6484375 05 02 15
19.582031 10.1953125 05 02 15
20.496094 10.8984375 05 02 16
16.347656 -0.3984375 05 02 17
16.347656 -0.3984375 05 02 17
25.347656 1.5234375 05 02 17
25.769531 2.8828125 05 02 17
35.402344 12.7265625 05 02 17
35.402344 12.7265625 05 02 17
35.402344 12.7265625 05 02 17
18.035156 -27.632812 05 03 12
19.792969 -27.492188 05 03 12
19.792969 -27.492188 05 03 12
19.792969 -27.492188 05 03 12
19.792969 -27.492188 05 03 12
19.792969 -27.492188 05 03 12
19.230469 -8.4140625 05 03 12
19.089844 -6.9140625 05 03 12
20.074219 -5.5078125 05 03 12
13.675781 -4.3828125 05 03 12
19.371094 -3.5859375 05 03 12
14.871094 -1.5703125 05 03 12
27.667969 0.5859375 05 03 12
15.433594 0.5390625 05 03 12
27.457031 0.5859375 05 03 12
26.261719 0.3046875 05 03 12
12.691406 1.6171875 05 03 12
23.097656 4.4765625 05 03 12
24.152344 4.2890625 05 03 12
23.097656 4.4765625 05 03 12
23.449219 4.9453125 05 03 12
39.691406 4.9453125 05 03 12
23.097656 4.4765625 05 03 12
23.097656 4.5234375 05 03 12
40.746094 5.1328125 05 03 12
36.94922 5.8828125 05 03 12
45.597656 7.5234375 05 03 12
47.35547 9.0234375 05 03 12
32.871094 8.9296875 05 03 12
32.871094 8.9296875 05 03 12
22.394531 9.7734375 05 03 12
19.371094 -10.1484375 05 03 13
18.035156 -10.2421875 05 03 13
15.433594 -8.6015625 05 03 13
20.144531 -8.4609375 05 03 13
21.691406 -7.6171875 05 03 13
15.292969 -7.6171875 05 03 13
22.816406 -6.7265625 05 03 13
22.746094 -6.2578125 05 03 13
22.746094 -6.2578125 05 03 13
24.503906 -5.6015625 05 03 13
16.980469 -6.1171875 05 03 13
21.410156 -6.1171875 05 03 13
15.644531 -6.0703125 05 03 13
24.503906 -5.6015625 05 03 13
15.363281 -4.1484375 05 03 13
23.589844 -3.9140625 05 03 13
20.074219 -0.5859375 05 03 13
43.277344 6.0234375 05 03 13
41.51953 6.3984375 05 03 13
15.574219 -10.7578125 05 03 14
21.621094 -8.2734375 05 03 14
23.730469 -4.8046875 05 03 14
24.855469 -5.1796875 05 03 14
11.777344 -1.7578125 05 03 14
11.777344 -1.7578125 05 03 14
11.777344 -1.7578125 05 03 14
14.449219 2.0390625 05 03 14
43.558594 7.1484375 05 03 14
23.660156 9.6328125 05 03 14
12.410156 1.7578125 05 03 15
13.183594 2.5078125 05 03 15
13.183594 2.5078125 05 03 15
26.542969 5.7890625 05 03 15
18.246094 0.6796875 05 03 16
42.222656 3.0234375 05 03 16
11.988281 0.2578125 05 03 17
14.308594 2.4609375 05 03 17
11.636719 5.0859375 05 03 17
22.816406 -8.6953125 05 04 12
21.550781 -8.9765625 05 04 12
23.871094 -8.8828125 05 04 12
25.136719 -8.8828125 05 04 12
25.136719 -8.8828125 05 04 12
22.816406 -8.6953125 05 04 12
23.027344 -9.1640625 05 04 12
22.957031 -9.1171875 05 04 12
22.816406 -8.6953125 05 04 12
22.746094 -8.6953125 05 04 12
21.339844 -8.3671875 05 04 12
25.207031 -7.8515625 05 04 12
22.816406 -8.6953125 05 04 12
24.996094 -7.7578125 05 04 12
22.253906 -7.8984375 05 04 12
25.207031 -7.6640625 05 04 12
23.800781 -7.1484375 05 04 12
23.800781 -6.8203125 05 04 12
23.800781 -6.8203125 05 04 12
22.394531 -6.7734375 05 04 12
21.410156 -6.3046875 05 04 12
23.660156 -6.1171875 05 04 12
21.410156 -6.3046875 05 04 12
21.410156 -6.3046875 05 04 12
23.660156 -6.1171875 05 04 12
24.082031 -6.3046875 05 04 12
15.082031 -6.1640625 05 04 12
23.660156 -6.1171875 05 04 12
23.660156 -6.1171875 05 04 12
23.167969 -5.0859375 05 04 12
23.167969 -5.0859375 05 04 12
20.144531 -3.7734375 05 04 12
14.519531 -4.1015625 05 04 12
28.722656 -2.1328125 05 04 12
28.863281 -0.7734375 05 04 12
45.808594 4.7578125 05 04 12
36.45703 5.6015625 05 04 12
42.996094 5.8359375 05 04 12
30.269531 6.6328125 05 04 12
44.05078 6.0234375 05 04 12
41.660156 6.0234375 05 04 12
35.191406 8.7421875 05 04 12
41.871094 2.8359375 05 04 13
19.371094 3.5390625 05 04 13
19.371094 3.5390625 05 04 13
20.777344 3.3984375 05 04 13
44.26172 4.9453125 05 04 13
27.457031 6.1640625 05 04 13
28.582031 7.4296875 05 04 13
22.464844 2.1328125 05 04 14
26.964844 6.6796875 05 04 14
26.332031 7.2890625 05 04 14
26.402344 7.2890625 05 04 14
19.230469 -10.0078125 05 04 15
19.230469 -10.0078125 05 04 15
19.089844 -9.3515625 05 04 15
42.996094 4.8984375 05 04 15
26.332031 6.2109375 05 04 15
26.332031 6.2109375 05 04 15
25.558594 7.0078125 05 04 15
22.113281 8.7421875 05 04 15
22.183594 8.7890625 05 04 15
22.183594 8.8359375 05 04 15
22.183594 8.8359375 05 04 15
17.753906 -10.1015625 05 04 16
15.785156 -9.4921875 05 04 16
15.785156 -9.4453125 05 04 16
19.371094 -8.5078125 05 04 16
7.7695312 9.1640625 05 04 16
35.05078 11.6953125 05 04 16
32.378906 -4.5234375 05 04 17
33.36328 -4.5234375 05 04 17
15.222656 -1.4765625 05 05 12
37.160156 -1.5703125 05 05 12
37.160156 -1.5703125 05 05 12
37.160156 -1.5703125 05 05 12
15.855469 -0.7734375 05 05 12
36.45703 -0.0703125 05 05 12
28.792969 1.4296875 05 05 12
38.777344 0.8671875 05 05 12
28.792969 1.4765625 05 05 12
24.433594 1.5703125 05 05 12
22.746094 2.8828125 05 05 12
13.886719 2.7890625 05 05 12
13.886719 2.7890625 05 05 12
22.394531 3.0703125 05 05 12
17.191406 3.1640625 05 05 12
30.691406 3.9140625 05 05 12
32.871094 3.9609375 05 05 12
16.910156 4.2890625 05 05 12
14.871094 4.7578125 05 05 12
23.308594 4.0546875 05 05 12
15.433594 5.6953125 05 05 12
21.339844 4.9921875 05 05 12
29.636719 5.0859375 05 05 12
17.824219 5.3203125 05 05 12
28.300781 5.6484375 05 05 12
17.824219 5.3203125 05 05 12
29.707031 5.2265625 05 05 12
28.300781 5.6484375 05 05 12
21.550781 6.7734375 05 05 12
28.582031 6.1171875 05 05 12
21.550781 6.7734375 05 05 12
38.496094 6.1640625 05 05 12
21.550781 6.7734375 05 05 12
42.92578 7.1484375 05 05 12
41.589844 7.1484375 05 05 12
40.746094 6.9609375 05 05 12
28.230469 8.2265625 05 05 12
40.746094 6.9609375 05 05 12
28.230469 8.2265625 05 05 12
28.933594 9.1171875 05 05 12
28.933594 9.1171875 05 05 12
2.8476562 9.8671875 05 05 12
2.8476562 9.8671875 05 05 12
34.910156 10.3359375 05 05 12
12.691406 2.8359375 05 05 13
42.57422 4.1953125 05 05 13
43.76953 4.5703125 05 05 13
41.097656 5.1328125 05 05 13
26.261719 6.1171875 05 05 13
33.92578 6.9140625 05 05 13
27.246094 8.4140625 05 05 13
3.6210938 8.7421875 05 05 13
30.972656 9.8671875 05 05 13
16.488281 -9.1171875 05 05 14
14.238281 -2.6953125 05 05 14
43.066406 3.4453125 05 05 14
32.51953 6.9609375 05 05 14
31.816406 10.7578125 05 05 14
20.707031 10.9453125 05 05 14
20.707031 10.9453125 05 05 14
30.761719 11.2734375 05 05 14
21.199219 12.3046875 05 05 14
14.730469 -6.3046875 05 05 15
15.222656 -5.6953125 05 05 15
15.222656 -5.6953125 05 05 15
33.29297 -5.4609375 05 05 15
15.785156 -4.1015625 05 05 15
21.410156 -3.9609375 05 05 15
21.410156 -3.9609375 05 05 15
21.410156 -3.8671875 05 05 15
38.63672 0.4453125 05 05 15
17.191406 1.0546875 05 05 15
2.1445312 7.5703125 05 05 15
13.675781 -4.4296875 05 05 16
13.675781 -4.4296875 05 05 16
13.675781 -4.4296875 05 05 16
40.39453 2.5546875 05 05 16
4.6054688 8.6953125 05 05 16
27.246094 2.0390625 05 06 12
15.855469 2.2734375 05 06 12
23.097656 2.0390625 05 06 12
15.855469 2.2734375 05 06 12
38.07422 4.2421875 05 06 12
38.07422 5.1328125 05 06 12
38.07422 5.1328125 05 06 12
38.07422 5.1328125 05 06 12
39.339844 6.3984375 05 06 12
39.339844 6.3984375 05 06 12
31.183594 8.2734375 05 06 12
38.98828 6.9609375 05 06 12
31.183594 8.2734375 05 06 12
34.76953 9.3515625 05 06 12
35.402344 8.6015625 05 06 12
34.76953 9.3515625 05 06 12
34.76953 9.3515625 05 06 12
33.222656 9.6328125 05 06 12
35.05078 11.6484375 05 06 12
34.41797 12.1640625 05 06 12
34.41797 12.1640625 05 06 12
18.175781 -7.2890625 05 06 13
21.128906 -6.4453125 05 06 13
21.691406 -6.0703125 05 06 13
22.816406 -5.2265625 05 06 13
22.605469 -4.5234375 05 06 13
27.808594 3.5859375 05 06 13
28.371094 5.9765625 05 06 13
27.878906 5.3671875 05 06 13
44.683594 6.2109375 05 06 13
11.074219 7.0546875 05 06 13
40.32422 6.9609375 05 06 13
19.652344 8.3203125 05 06 13
19.652344 8.3203125 05 06 13
19.582031 9.5390625 05 06 13
19.582031 9.5390625 05 06 13
36.38672 13.2421875 05 06 13
37.86328 0.6328125 05 06 14
16.066406 1.5703125 05 06 14
26.753906 8.0390625 05 06 14
18.105469 11.6015625 05 06 14
18.105469 11.6015625 05 06 14
14.941406 -7.6171875 05 06 15
14.941406 -7.6171875 05 06 15
16.980469 0.5390625 05 06 15
11.425781 1.2421875 05 06 15
11.425781 1.2421875 05 06 15
14.378906 2.1796875 05 06 15
14.378906 2.1796875 05 06 15
22.675781 8.6484375 05 06 15
22.675781 8.6484375 05 06 15
22.746094 8.6015625 05 06 15
15.011719 9.4921875 05 06 15
22.675781 9.5390625 05 06 15
15.011719 9.4921875 05 06 15
13.535156 11.0859375 05 06 15
15.363281 1.1953125 05 06 16
15.292969 1.1953125 05 06 16
28.792969 2.2265625 05 06 16
19.019531 2.7421875 05 06 16
26.261719 4.7109375 05 06 16
26.824219 5.2734375 05 06 16
13.464844 9.9609375 05 06 16
13.464844 9.9609375 05 06 16
21.128906 8.0390625 05 06 17
12.761719 -0.9609375 05 07 12
13.886719 0.5390625 05 07 12
13.957031 0.5390625 05 07 12
13.886719 0.5390625 05 07 12
14.589844 1.4765625 05 07 12
14.519531 1.5234375 05 07 12
14.589844 2.5546875 05 07 12
27.738281 2.6015625 05 07 12
29.144531 3.0234375 05 07 12
27.738281 2.6015625 05 07 12
29.144531 3.1171875 05 07 12
29.144531 3.1171875 05 07 12
38.003906 4.6640625 05 07 12
28.652344 4.3828125 05 07 12
28.652344 4.3828125 05 07 12
37.79297 4.6640625 05 07 12
38.003906 4.6640625 05 07 12
37.933594 4.8515625 05 07 12
38.42578 6.0703125 05 07 12
25.699219 8.0390625 05 07 12
27.316406 8.3671875 05 07 12
27.316406 8.3671875 05 07 12
33.714844 9.3515625 05 07 12
27.316406 8.6015625 05 07 12
33.714844 9.3515625 05 07 12
34.41797 10.6171875 05 07 12
34.41797 10.6640625 05 07 12
6.3632812 12.3046875 05 07 12
11.214844 -1.2890625 05 07 13
13.535156 0.3515625 05 07 13
26.121094 6.2578125 05 07 13
17.050781 9.6796875 05 07 13
17.050781 9.6796875 05 07 13
17.050781 9.6796875 05 07 13
22.746094 9.6796875 05 07 13
22.746094 9.6796875 05 07 13
16.207031 10.0078125 05 07 13
17.050781 9.7734375 05 07 13
2.7070312 10.8046875 05 07 13
21.902344 -6.0234375 05 07 14
25.207031 -5.5078125 05 07 14
28.652344 7.1015625 05 07 14
30.410156 7.3828125 05 07 14
22.675781 7.4765625 05 07 14
20.074219 8.6484375 05 07 14
19.933594 8.7421875 05 07 14
22.605469 10.2890625 05 07 14
13.957031 10.9453125 05 07 14
13.957031 10.9453125 05 07 14
13.535156 11.8359375 05 07 14
13.324219 3.2578125 05 07 15
30.269531 7.1484375 05 07 15
16.277344 8.1328125 05 07 15
4.1132812 9.7734375 05 07 15
20.144531 -3.0234375 05 07 16
21.480469 -3.0703125 05 07 16
22.464844 -3.0234375 05 07 16
19.933594 -2.8828125 05 07 17
32.660156 5.6484375 05 07 17
32.660156 5.6484375 05 07 17
36.316406 6.4453125 05 07 17
36.597656 -0.5859375 05 08 12
36.808594 -0.3046875 05 08 12
36.808594 -0.3046875 05 08 12
24.503906 2.0390625 05 08 12
16.628906 1.3828125 05 08 12
33.785156 2.6953125 05 08 12
38.07422 4.8046875 05 08 12
37.79297 7.1484375 05 08 12
35.33203 8.3203125 05 08 12
34.277344 9.7265625 05 08 12
34.277344 9.7265625 05 08 12
34.277344 9.7265625 05 08 12
30.972656 10.1953125 05 08 12
31.253906 11.6953125 05 08 12
30.832031 11.6953125 05 08 12
30.832031 11.6953125 05 08 12
26.964844 -0.1171875 05 08 13
26.753906 0.4921875 05 08 13
11.636719 8.8359375 05 08 13
13.464844 10.5234375 05 08 13
22.464844 -4.8515625 05 08 14
39.19922 5.8828125 05 08 14
40.816406 6.6328125 05 08 14
41.660156 7.0078125 05 08 14
36.94922 6.7265625 05 08 15
14.660156 9.5390625 05 08 15
31.183594 4.3359375 05 08 16
31.183594 4.3359375 05 08 16
36.808594 7.8046875 05 08 16
8.753906 10.0546875 05 08 16
8.753906 10.0546875 05 08 16
13.464844 -2.1796875 05 08 17
28.792969 1.9453125 05 09 12
31.535156 5.6015625 05 09 12
36.66797 6.0703125 05 09 12
38.63672 5.9765625 05 09 12
36.66797 6.0703125 05 09 12
5.5195312 7.3828125 05 09 12
6.6445312 7.9921875 05 09 12
6.6445312 7.9921875 05 09 12
6.6445312 7.9921875 05 09 12
7.5585938 8.7421875 05 09 12
20.707031 8.0859375 05 09 13
20.777344 -5.0390625 05 09 14
20.777344 -5.0390625 05 09 14
33.01172 5.8359375 05 09 14
9.597656 6.1171875 05 09 14
11.636719 7.3359375 05 09 14
18.035156 10.1484375 05 09 14
13.675781 10.4765625 05 09 14
8.332031 12.6328125 05 09 14
15.011719 -7.1953125 05 09 15
14.941406 -6.6328125 05 09 15
19.230469 -5.1328125 05 09 15
24.574219 -3.8671875 05 09 15
22.886719 -3.1171875 05 09 15
24.292969 -0.0703125 05 09 15
12.550781 0.3515625 05 09 15
22.253906 5.6484375 05 09 15
40.464844 6.6796875 05 09 15
43.76953 7.7109375 05 09 15
14.871094 9.4921875 05 09 15
8.964844 10.8984375 05 09 15
13.394531 0.0703125 05 09 16
9.035156 10.6640625 05 09 16
6.0117188 14.0859375 05 09 16
6.0117188 14.0859375 05 09 16
31.675781 4.0546875 05 09 17
20.425781 -1.1484375 05 10 12
21.269531 -1.1484375 05 10 12
28.722656 1.3828125 05 10 12
28.722656 1.3828125 05 10 12
39.55078 6.4921875 05 10 12
37.441406 6.2578125 05 10 12
30.550781 7.0546875 05 10 12
27.175781 7.9921875 05 10 12
31.957031 8.9296875 05 10 12
30.832031 4.1015625 05 10 13
31.183594 5.0859375 05 10 13
29.847656 6.5859375 05 10 13
31.957031 6.7265625 05 10 13
41.23828 6.9609375 05 10 13
45.808594 7.2421875 05 10 13
29.636719 7.3359375 05 10 13
29.003906 7.3828125 05 10 13
42.01172 7.4296875 05 10 13
47.566406 7.7578125 05 10 13
31.675781 8.1796875 05 10 13
9.105469 9.4921875 05 10 13
9.105469 9.4921875 05 10 13
13.886719 10.0078125 05 10 13
11.214844 10.7578125 05 10 13
27.316406 -1.5234375 05 10 14
11.074219 -0.5859375 05 10 14
29.074219 4.4765625 05 10 14
29.777344 4.6171875 05 10 14
28.582031 6.1640625 05 10 14
27.316406 6.7734375 05 10 14
27.316406 6.7734375 05 10 14
40.816406 6.7734375 05 10 14
27.316406 6.7734375 05 10 14
17.191406 8.9765625 05 10 14
13.746094 10.2421875 05 10 14
9.175781 10.9453125 05 10 14
8.191406 11.4140625 05 10 14
19.652344 -2.8359375 05 10 15
19.652344 -1.8984375 05 10 15
28.792969 4.2421875 05 10 15
23.871094 7.6171875 05 10 15
24.433594 7.1015625 05 10 15
16.347656 10.4296875 05 10 15
19.582031 -2.8828125 05 10 16
26.332031 3.3046875 05 10 16
28.230469 4.3359375 05 10 16
28.230469 4.4765625 05 10 16
37.51172 0.8203125 05 10 17
37.51172 0.8203125 05 10 17
11.847656 8.6484375 05 10 17
5.2382812 13.2890625 05 10 17
36.527344 -1.6640625 05 11 12
36.527344 -1.6640625 05 11 12
26.683594 3.5859375 05 11 12
26.683594 3.5859375 05 11 12
37.933594 5.0859375 05 11 12
37.79297 5.0859375 05 11 12
37.933594 5.0859375 05 11 12
38.777344 6.5390625 05 11 12
36.808594 5.8828125 05 11 12
37.58203 6.6796875 05 11 12
40.88672 6.8671875 05 11 12
25.628906 7.1484375 05 11 12
39.058594 6.6796875 05 11 12
28.230469 7.9453125 05 11 12
28.230469 7.9453125 05 11 12
27.457031 8.1328125 05 11 12
34.69922 8.4609375 05 11 12
24.714844 8.9296875 05 11 12
34.277344 9.4921875 05 11 12
34.277344 9.4921875 05 11 12
29.917969 -1.1953125 05 11 13
31.957031 6.7734375 05 11 13
30.621094 7.0078125 05 11 13
32.097656 7.4765625 05 11 13
32.097656 7.4765625 05 11 13
31.816406 8.2265625 05 11 13
21.832031 8.4609375 05 11 13
21.832031 8.4609375 05 11 13
11.496094 1.2421875 05 11 14
30.410156 6.7734375 05 11 14
29.707031 7.3828125 05 11 14
21.550781 8.3671875 05 11 14
20.847656 8.7421875 05 11 14
8.824219 9.8203125 05 11 14
23.238281 9.8671875 05 11 14
23.238281 9.8671875 05 11 14
2.1445312 10.6171875 05 11 14
9.808594 6.0703125 05 11 15
11.566406 7.0546875 05 11 15
12.339844 7.4765625 05 11 15
17.753906 9.0234375 05 11 15
31.957031 9.2578125 05 11 15
29.144531 9.4921875 05 11 15
31.957031 9.2578125 05 11 15
30.621094 10.1484375 05 11 15
9.035156 10.9921875 05 11 15
8.121094 11.5078125 05 11 15
6.2226562 13.0546875 05 11 15
6.2226562 13.0546875 05 11 15
12.761719 2.0390625 05 11 16
22.464844 3.3984375 05 11 16
27.878906 7.1484375 05 11 16
28.652344 -1.2421875 05 11 17
14.519531 0.9140625 05 11 17
43.41797 7.6640625 05 11 17
34.13672 3.8203125 05 12 12
34.13672 3.8203125 05 12 12
42.36328 4.1484375 05 12 12
34.13672 3.8203125 05 12 12
43.48828 4.8984375 05 12 12
42.785156 5.4140625 05 12 12
37.371094 5.6953125 05 12 12
42.785156 5.4140625 05 12 12
42.785156 5.4140625 05 12 12
41.027344 7.1015625 05 12 12
41.027344 7.1015625 05 12 12
43.628906 8.1328125 05 12 12
9.246094 9.3515625 05 12 12
9.246094 9.3515625 05 12 12
34.48828 9.8203125 05 12 12
34.558594 9.9609375 05 12 12
33.85547 10.8046875 05 12 12
35.82422 13.7109375 05 12 12
36.10547 14.1328125 05 12 12
36.10547 14.1328125 05 12 12
36.10547 14.1328125 05 12 12
36.38672 14.7890625 05 12 12
9.949219 6.0234375 05 12 13
44.61328 7.7578125 05 12 13
12.199219 8.7421875 05 12 13
2.2851562 10.5703125 05 12 13
17.261719 7.3359375 05 12 14
28.371094 7.6171875 05 12 14
28.371094 7.6171875 05 12 14
12.621094 10.5703125 05 12 14
35.964844 11.3203125 05 12 14
7.2070312 12.4921875 05 12 14
7.1367188 12.4921875 05 12 14
12.761719 4.2890625 05 12 15
13.324219 4.4765625 05 12 15
13.324219 4.4765625 05 12 15
28.230469 7.3828125 05 12 15
20.003906 7.0546875 05 12 15
23.308594 7.0546875 05 12 15
24.574219 7.0546875 05 12 15
46.79297 7.2421875 05 12 15
23.308594 7.0546875 05 12 15
26.261719 7.2890625 05 12 15
16.980469 8.1796875 05 12 15
27.246094 8.3203125 05 12 15
6.4335938 8.4140625 05 12 15
23.097656 8.3671875 05 12 15
3.4804688 10.4765625 05 12 15
6.2226562 11.1328125 05 12 15
6.9960938 12.6328125 05 12 15
11.425781 3.8203125 05 12 16
13.886719 8.3671875 05 12 16
7.6289062 8.7421875 05 12 16
11.847656 9.6328125 05 12 16
4.3945312 10.9921875 05 12 16
18.738281 -1.1484375 05 12 17
37.30078 -2.9296875 05 13 12
11.847656 1.4296875 05 13 12
21.058594 2.4140625 05 13 12
20.636719 3.0234375 05 13 12
37.01953 7.3359375 05 13 12
29.847656 9.2578125 05 13 12
30.761719 9.8671875 05 13 12
30.761719 9.8671875 05 13 12
33.57422 11.6015625 05 13 12
33.64453 11.6484375 05 13 12
33.57422 11.6953125 05 13 12
33.64453 13.8046875 05 13 12
33.714844 16.195312 05 13 12
10.089844 6.0234375 05 13 13
27.597656 6.5859375 05 13 13
27.597656 6.5859375 05 13 13
27.597656 6.5859375 05 13 13
27.597656 6.5859375 05 13 13
28.792969 7.1015625 05 13 13
29.144531 8.4609375 05 13 13
29.144531 8.5078125 05 13 13
31.183594 8.5546875 05 13 13
24.925781 8.9765625 05 13 13
23.660156 9.1640625 05 13 13
23.660156 9.1640625 05 13 13
18.175781 9.3046875 05 13 13
32.23828 9.8671875 05 13 13
23.660156 9.1640625 05 13 13
21.058594 9.8203125 05 13 13
32.23828 10.0546875 05 13 13
31.183594 12.3046875 05 13 13
31.183594 12.3046875 05 13 13
26.964844 6.3046875 05 13 14
12.058594 7.1484375 05 13 14
14.308594 7.1484375 05 13 14
18.386719 7.6640625 05 13 14
27.527344 7.2890625 05 13 14
14.308594 7.2890625 05 13 14
27.527344 7.2890625 05 13 14
15.503906 7.8984375 05 13 14
27.175781 7.8515625 05 13 14
24.855469 8.6484375 05 13 14
16.910156 8.3671875 05 13 14
4.1835938 8.4140625 05 13 14
27.316406 8.5546875 05 13 14
4.1835938 8.4140625 05 13 14
20.074219 9.4453125 05 13 14
8.964844 9.6796875 05 13 14
31.746094 13.6640625 05 13 14
11.425781 -1.5703125 05 13 15
28.652344 4.4765625 05 13 15
28.652344 5.5546875 05 13 15
29.214844 5.6953125 05 13 15
11.777344 7.1015625 05 13 15
25.488281 7.3359375 05 13 15
21.550781 7.7109375 05 13 15
5.5898438 8.1796875 05 13 15
5.5898438 8.1796875 05 13 15
21.550781 7.7578125 05 13 15
20.847656 8.2734375 05 13 15
7.9101562 8.7890625 05 13 15
19.582031 -1.8046875 05 13 16
26.402344 3.7734375 05 13 16
28.511719 4.3828125 05 13 16
7.3476562 6.0234375 05 13 16
6.7851562 8.6015625 05 13 16
6.7851562 8.6015625 05 13 16
7.9804688 11.1796875 05 13 16
23.449219 0.2109375 05 13 17
24.644531 2.6484375 05 13 17
24.644531 2.6484375 05 13 17
25.980469 4.5703125 05 13 17
25.699219 1.1953125 05 14 12
12.480469 2.9296875 05 14 12
12.691406 3.1171875 05 14 12
23.097656 3.9140625 05 14 12
21.339844 8.6015625 05 14 12
21.339844 8.6015625 05 14 12
32.23828 9.9609375 05 14 12
32.44922 10.0078125 05 14 12
32.44922 10.0078125 05 14 12
38.003906 -3.1640625 05 14 13
16.136719 -2.5078125 05 14 13
10.371094 6.2578125 05 14 13
18.316406 -2.2734375 05 14 14
18.949219 -0.4453125 05 14 14
40.253906 4.6171875 05 14 14
11.355469 6.8671875 05 14 14
14.308594 7.8515625 05 14 14
24.222656 9.0703125 05 14 14
24.574219 9.0703125 05 14 14
23.308594 9.5390625 05 14 14
22.324219 -1.4765625 05 14 15
22.324219 -1.4296875 05 14 15
15.363281 7.0078125 05 14 15
14.238281 7.2890625 05 14 15
47.285156 7.1484375 05 14 15
25.277344 7.3828125 05 14 15
24.855469 8.1796875 05 14 15
25.277344 7.3828125 05 14 15
26.753906 8.7890625 05 14 15
15.785156 2.8828125 05 14 16
16.910156 3.2109375 05 14 16
45.527344 4.7109375 05 14 16
46.86328 7.1953125 05 14 16
24.082031 -2.4609375 05 14 17
11.214844 -0.0703125 05 14 17
12.199219 0.6328125 05 14 17
45.878906 4.7109375 05 14 17
9.457031 9.6328125 05 14 17
18.667969 -4.0078125 05 15 12
18.667969 -4.0078125 05 15 12
13.886719 0.4453125 05 15 12
13.886719 0.4453125 05 15 12
14.519531 1.9453125 05 15 12
14.519531 1.9453125 05 15 12
14.519531 1.9453125 05 15 12
14.519531 1.9453125 05 15 12
25.769531 2.9296875 05 15 12
27.386719 2.8828125 05 15 12
27.386719 2.8828125 05 15 12
26.894531 5.0390625 05 15 12
26.402344 5.8359375 05 15 12
27.738281 6.1640625 05 15 12
40.535156 7.0546875 05 15 12
35.191406 7.1953125 05 15 12
27.386719 7.6640625 05 15 12
27.386719 7.6640625 05 15 12
35.26172 7.5703125 05 15 12
31.183594 9.9140625 05 15 12
30.761719 10.6171875 05 15 12
30.761719 10.6171875 05 15 12
30.761719 10.6171875 05 15 12
17.261719 0.6328125 05 15 13
37.722656 6.8203125 05 15 13
44.964844 7.7578125 05 15 13
44.05078 8.0390625 05 15 13
44.05078 8.0390625 05 15 13
35.26172 9.2578125 05 15 13
29.355469 11.6953125 05 15 13
29.355469 11.6953125 05 15 13
16.488281 -1.1484375 05 15 14
11.003906 -0.5859375 05 15 14
19.441406 0.3515625 05 15 14
44.61328 7.3828125 05 15 14
30.339844 9.3984375 05 15 14
9.105469 9.9609375 05 15 14
14.027344 10.7578125 05 15 14
9.105469 10.8984375 05 15 14
26.613281 11.0390625 05 15 14
18.035156 -6.0703125 05 15 15
24.925781 -4.8515625 05 15 15
26.261719 -5.1796875 05 15 15
27.035156 -4.5234375 05 15 15
27.035156 -4.5234375 05 15 15
24.925781 -4.8515625 05 15 15
22.113281 -2.3671875 05 15 15
10.863281 -0.7265625 05 15 15
21.691406 2.0390625 05 15 15
45.878906 4.9921875 05 15 15
12.269531 9.0703125 05 15 15
27.808594 9.8203125 05 15 15
15.222656 -6.3984375 05 15 16
19.160156 -5.8359375 05 15 16
15.433594 -3.6796875 05 15 16
19.933594 -3.5390625 05 15 16
15.433594 -3.6796875 05 15 16
20.847656 -1.4296875 05 15 16
24.925781 1.9921875 05 15 16
32.80078 9.6796875 05 15 16
8.613281 10.8046875 05 15 16
22.675781 -2.5546875 05 15 17
21.761719 -0.2578125 05 15 17
28.371094 10.9921875 05 15 17
24.714844 -1.4765625 05 16 12
22.324219 -0.6328125 05 16 12
22.324219 -0.5859375 05 16 12
22.183594 -0.5390625 05 16 12
27.527344 2.1796875 05 16 12
28.160156 2.6484375 05 16 12
28.511719 2.6484375 05 16 12
33.92578 4.0078125 05 16 12
25.910156 2.4609375 05 16 12
33.92578 4.0078125 05 16 12
32.660156 5.5546875 05 16 12
32.51953 5.7421875 05 16 12
9.105469 6.4453125 05 16 12
41.44922 7.4296875 05 16 12
41.44922 7.4296875 05 16 12
42.152344 7.8515625 05 16 12
42.152344 7.8515625 05 16 12
27.035156 -4.8046875 05 16 13
27.035156 -4.8046875 05 16 13
45.66797 7.5703125 05 16 13
45.66797 7.5703125 05 16 13
10.863281 6.9609375 05 16 14
11.988281 7.2890625 05 16 14
13.394531 7.6640625 05 16 14
29.777344 10.0078125 05 16 14
31.183594 10.1484375 05 16 14
9.105469 11.0390625 05 16 14
9.105469 11.0390625 05 16 14
18.527344 0.0234375 05 16 15
30.269531 5.6953125 05 16 15
29.074219 6.2578125 05 16 15
29.917969 6.5859375 05 16 15
29.917969 6.5859375 05 16 15
28.933594 7.4765625 05 16 15
22.464844 10.0546875 05 16 15
22.464844 10.0546875 05 16 15
21.902344 11.1796875 05 16 15
11.777344 -1.6640625 05 16 16
31.183594 4.3828125 05 16 16
31.253906 4.9921875 05 16 16
2.2851562 12.3046875 05 16 16
6.5742188 12.4921875 05 16 16
2.4960938 14.0859375 05 16 16
40.32422 6.0234375 05 16 17
32.80078 7.9453125 05 16 17
8.121094 11.6015625 05 16 17
17.964844 -2.9296875 05 17 12
17.964844 -2.9296875 05 17 12
15.785156 -2.5078125 05 17 12
37.371094 -0.2578125 05 17 12
37.371094 -0.2578125 05 17 12
41.44922 1.9921875 05 17 12
39.621094 2.0859375 05 17 12
39.410156 2.8828125 05 17 12
41.44922 1.9921875 05 17 12
39.410156 2.8828125 05 17 12
39.128906 6.3515625 05 17 12
9.808594 5.9765625 05 17 12
35.402344 6.0703125 05 17 12
35.472656 7.5703125 05 17 12
37.79297 7.3828125 05 17 12
40.816406 7.2421875 05 17 12
36.527344 7.3359375 05 17 12
2.8476562 8.2734375 05 17 12
35.402344 8.6953125 05 17 12
35.402344 8.6953125 05 17 12
24.222656 9.2578125 05 17 12
35.402344 8.6953125 05 17 12
35.402344 8.6953125 05 17 12
34.910156 10.7109375 05 17 12
30.902344 11.1328125 05 17 12
30.902344 11.1328125 05 17 12
30.621094 11.0859375 05 17 12
29.777344 11.0859375 05 17 12
22.816406 10.9921875 05 17 12
22.816406 10.9921875 05 17 12
21.832031 -6.0703125 05 17 13
28.230469 -2.3671875 05 17 13
28.230469 -2.3671875 05 17 13
29.144531 -1.3828125 05 17 13
30.058594 -0.3984375 05 17 13
15.574219 3.0703125 05 17 13
16.910156 3.2578125 05 17 13
20.003906 7.6171875 05 17 13
20.003906 7.6171875 05 17 13
45.17578 8.1796875 05 17 13
43.839844 8.3671875 05 17 13
19.863281 9.3515625 05 17 13
31.113281 9.4453125 05 17 13
19.863281 9.3515625 05 17 13
19.019531 10.1484375 05 17 13
28.722656 10.2421875 05 17 13
9.457031 11.9765625 05 17 13
21.550781 -5.1328125 05 17 14
11.707031 -1.5703125 05 17 14
13.746094 0.1171875 05 17 14
16.980469 8.4609375 05 17 14
14.449219 8.6484375 05 17 14
15.644531 8.9296875 05 17 14
25.839844 9.1640625 05 17 14
14.238281 11.5546875 05 17 14
14.238281 11.5546875 05 17 14
17.191406 -4.4296875 05 17 15
11.566406 1.4765625 05 17 15
24.292969 6.2578125 05 17 15
24.714844 6.6328125 05 17 15
24.292969 6.2578125 05 17 15
17.332031 7.2890625 05 17 15
18.035156 7.3359375 05 17 15
13.746094 7.7578125 05 17 15
13.746094 7.7578125 05 17 15
15.363281 11.0859375 05 17 15
2.0742188 11.2265625 05 17 15
12.269531 13.3828125 05 17 15
11.707031 14.2265625 05 17 15
11.777344 14.2265625 05 17 15
25.558594 5.6953125 05 17 16
15.785156 6.0234375 05 17 16
23.589844 6.2578125 05 17 16
20.144531 -1.6171875 05 17 17
21.832031 -5.6015625 05 18 12
23.378906 -3.4453125 05 18 12
23.167969 -3.4453125 05 18 12
23.378906 -3.4453125 05 18 12
24.222656 -3.1171875 05 18 12
11.003906 -1.4296875 05 18 12
19.933594 0.1640625 05 18 12
21.480469 4.7578125 05 18 12
37.441406 5.6953125 05 18 12
38.214844 5.8359375 05 18 12
36.597656 6.2109375 05 18 12
38.91797 6.6328125 05 18 12
38.91797 6.6328125 05 18 12
24.433594 7.0546875 05 18 12
37.79297 7.4765625 05 18 12
35.61328 7.7578125 05 18 12
34.558594 8.5546875 05 18 12
12.128906 -1.7109375 05 18 13
18.246094 0.1171875 05 18 13
18.246094 0.1171875 05 18 13
14.378906 0.4453125 05 18 13
28.582031 7.1484375 05 18 13
28.652344 7.2421875 05 18 13
41.027344 7.3359375 05 18 13
28.652344 7.3359375 05 18 13
43.48828 8.5546875 05 18 13
43.347656 8.5546875 05 18 13
17.472656 8.7890625 05 18 13
17.472656 8.7890625 05 18 13
23.027344 9.5390625 05 18 13
31.183594 10.3828125 05 18 13
31.253906 11.0390625 05 18 13
20.566406 -5.4140625 05 18 14
21.550781 -4.6640625 05 18 14
21.832031 -3.8671875 05 18 14
24.292969 -1.3359375 05 18 14
14.238281 -1.1953125 05 18 14
12.902344 -1.2890625 05 18 14
14.238281 0.4453125 05 18 14
29.496094 6.0234375 05 18 14
15.503906 8.4140625 05 18 14
25.207031 8.5546875 05 18 14
21.832031 8.5546875 05 18 14
29.917969 8.8359375 05 18 14
24.363281 9.2578125 05 18 14
30.058594 10.1015625 05 18 14
28.511719 10.3359375 05 18 14
21.058594 -2.7890625 05 18 15
20.988281 -2.6484375 05 18 15
16.839844 -2.6484375 05 18 15
14.519531 -2.3203125 05 18 15
23.378906 -1.9921875 05 18 15
25.066406 -1.8984375 05 18 15
20.988281 7.7109375 05 18 15
16.066406 8.6953125 05 18 15
19.863281 -5.5078125 05 18 16
16.207031 -4.2421875 05 18 16
22.957031 -1.4765625 05 18 16
22.957031 -1.4765625 05 18 16
14.027344 9.9609375 05 18 16
12.832031 9.7734375 05 18 17
26.332031 9.7265625 05 18 17
12.832031 9.7734375 05 18 17
22.886719 -4.5234375 05 19 12
22.886719 -4.5234375 05 19 12
22.886719 -4.5234375 05 19 12
24.292969 -2.2734375 05 19 12
24.292969 -2.2734375 05 19 12
24.292969 -2.2734375 05 19 12
15.503906 -1.5234375 05 19 12
31.957031 3.8203125 05 19 12
37.79297 5.5546875 05 19 12
38.07422 5.6484375 05 19 12
37.79297 7.1015625 05 19 12
31.113281 10.8046875 05 19 12
21.269531 11.2734375 05 19 12
5.7304688 15.7734375 05 19 12
22.605469 -3.7734375 05 19 13
22.605469 -3.7734375 05 19 13
27.457031 -3.1640625 05 19 13
24.292969 -2.4140625 05 19 13
27.386719 -1.9921875 05 19 13
25.277344 2.1796875 05 19 13
28.511719 2.3671875 05 19 13
31.886719 3.6796875 05 19 13
29.847656 3.2578125 05 19 13
10.582031 6.4453125 05 19 13
32.027344 6.8203125 05 19 13
32.027344 6.8203125 05 19 13
14.871094 8.5078125 05 19 13
8.964844 10.1953125 05 19 13
9.175781 10.9921875 05 19 13
9.175781 10.9921875 05 19 13
24.011719 -2.3671875 05 19 14
26.542969 -2.5546875 05 19 14
6.3632812 8.0859375 05 19 14
12.550781 8.6015625 05 19 14
13.886719 9.6796875 05 19 14
13.886719 9.7265625 05 19 14
14.449219 10.2890625 05 19 14
12.199219 10.5703125 05 19 14
5.5898438 14.4140625 05 19 14
5.5898438 14.4140625 05 19 14
22.042969 -1.9453125 05 19 15
11.285156 -1.3828125 05 19 15
23.308594 2.5546875 05 19 15
23.308594 2.5546875 05 19 15
6.1523438 7.9921875 05 19 15
41.73047 7.5703125 05 19 15
5.6601562 7.4296875 05 19 15
6.0117188 8.1796875 05 19 15
6.0820312 8.2265625 05 19 15
15.996094 -5.3671875 05 19 16
20.425781 -1.9921875 05 19 16
36.808594 -0.0234375 05 19 16
4.5351562 8.4140625 05 19 16
5.3789062 8.2265625 05 19 16
22.253906 10.7109375 05 19 17
8.121094 12.3984375 05 19 17
7.2070312 14.6015625 05 19 17
29.144531 2.5078125 05 20 12
29.074219 3.6796875 05 20 12
13.675781 3.7265625 05 20 12
29.074219 3.6796875 05 20 12
38.847656 6.3046875 05 20 12
36.73828 6.1640625 05 20 12
36.73828 6.1640625 05 20 12
38.847656 6.3046875 05 20 12
38.91797 6.3046875 05 20 12
35.191406 6.9609375 05 20 12
35.191406 6.9609375 05 20 12
19.792969 7.2421875 05 20 12
40.816406 7.4296875 05 20 12
8.753906 7.3359375 05 20 12
24.714844 9.2109375 05 20 12
24.714844 9.2109375 05 20 12
23.660156 9.5390625 05 20 12
19.371094 23.835938 05 20 12
18.808594 -3.0234375 05 20 13
24.503906 -1.8515625 05 20 13
11.003906 -0.6328125 05 20 13
21.691406 7.8515625 05 20 13
21.691406 7.8515625 05 20 13
34.41797 8.3203125 05 20 13
22.324219 9.3515625 05 20 13
19.300781 10.5234375 05 20 13
16.207031 12.5859375 05 20 13
16.207031 12.5859375 05 20 13
21.972656 -2.4609375 05 20 14
9.175781 9.3046875 05 20 14
9.175781 9.3046875 05 20 14
9.175781 9.3046875 05 20 14
20.847656 10.5703125 05 20 14
15.855469 12.3984375 05 20 14
14.308594 -1.5234375 05 20 15
14.308594 -1.5234375 05 20 15
21.480469 -0.0234375 05 20 15
28.371094 8.1796875 05 20 15
28.371094 8.1796875 05 20 15
26.894531 9.2578125 05 20 15
20.214844 9.5859375 05 20 15
20.425781 0.9140625 05 20 16
20.003906 -1.9921875 05 20 17
24.925781 -0.6796875 05 20 17
38.214844 5.4140625 05 20 17
38.566406 5.7421875 05 21 12
36.808594 6.2578125 05 21 12
36.808594 6.2578125 05 21 12
39.76172 6.5859375 05 21 12
39.76172 6.5859375 05 21 12
30.269531 6.5390625 05 21 12
39.76172 6.5859375 05 21 12
31.675781 7.3828125 05 21 12
14.308594 -2.3203125 05 21 13
14.097656 -1.3359375 05 21 13
14.097656 -1.3359375 05 21 13
30.550781 4.1015625 05 21 13
34.69922 6.6328125 05 21 13
27.808594 6.4453125 05 21 13
29.003906 7.1015625 05 21 13
29.003906 7.1015625 05 21 13
34.69922 6.6328125 05 21 13
20.214844 10.1015625 05 21 13
14.871094 12.9140625 05 21 13
15.574219 -3.0703125 05 21 14
12.832031 -2.6015625 05 21 14
9.667969 6.2109375 05 21 14
23.871094 6.3515625 05 21 14
20.566406 7.0546875 05 21 14
25.066406 6.9609375 05 21 14
19.441406 10.3828125 05 21 14
19.441406 10.3828125 05 21 14
19.441406 10.3828125 05 21 14
9.386719 11.0390625 05 21 14
18.246094 12.1640625 05 21 14
11.496094 -1.8046875 05 21 15
21.199219 6.5859375 05 21 15
26.050781 6.4453125 05 21 15
26.261719 7.1015625 05 21 15
26.261719 7.1015625 05 21 15
17.542969 8.6015625 05 21 15
21.199219 8.9296875 05 21 15
21.269531 8.9296875 05 21 15
23.449219 9.3046875 05 21 15
23.449219 9.3046875 05 21 15
17.683594 9.4453125 05 21 15
15.363281 10.1953125 05 21 15
15.363281 10.1953125 05 21 15
8.542969 9.6796875 05 21 15
5.7304688 11.2265625 05 21 15
5.7304688 11.2265625 05 21 15
16.488281 -2.6015625 05 21 16
19.089844 6.1640625 05 21 16
22.394531 6.5390625 05 21 16
28.792969 7.8984375 05 21 16
28.792969 7.8984375 05 21 16
24.644531 8.1328125 05 21 16
5.5195312 11.1796875 05 21 16
7.5585938 11.2734375 05 21 16
11.847656 11.9765625 05 21 16
24.855469 -0.6796875 05 21 17
29.988281 7.3359375 05 21 17
29.988281 7.3359375 05 21 17
41.378906 8.2734375 05 21 17
8.121094 9.0234375 05 21 17
42.152344 8.5078125 05 21 17
2.3554688 18.023438 05 21 17
2.9179688 18.773438 05 21 17
27.527344 1.6171875 05 22 12
38.70703 6.0703125 05 22 12
38.70703 6.0703125 05 22 12
39.55078 6.5390625 05 22 12
35.402344 6.8671875 05 22 12
39.55078 6.5390625 05 22 12
35.402344 6.8671875 05 22 12
40.746094 7.2890625 05 22 12
39.48047 6.7265625 05 22 12
35.402344 6.8671875 05 22 12
22.113281 7.9921875 05 22 12
23.660156 7.9921875 05 22 12
20.988281 8.8828125 05 22 12
21.761719 9.2578125 05 22 12
19.792969 9.5390625 05 22 12
11.355469 10.8046875 05 22 12
11.074219 -1.3828125 05 22 13
11.074219 -1.3828125 05 22 13
29.988281 7.6171875 05 22 13
17.542969 8.5078125 05 22 13
9.246094 10.1484375 05 22 13
13.394531 10.2421875 05 22 13
18.597656 10.7578125 05 22 13
13.394531 10.2421875 05 22 13
18.597656 10.7578125 05 22 13
13.113281 10.9921875 05 22 13
8.261719 23.648438 05 22 13
8.261719 23.648438 05 22 13
11.355469 -1.4765625 05 22 14
10.933594 -0.4921875 05 22 14
10.933594 -0.4921875 05 22 14
29.917969 4.9453125 05 22 14
29.566406 5.6484375 05 22 14
26.191406 7.1484375 05 22 14
31.675781 7.4765625 05 22 14
32.871094 8.5546875 05 22 14
11.636719 8.7421875 05 22 14
16.628906 9.7265625 05 22 14
1.9335938 9.8671875 05 22 14
15.011719 9.8203125 05 22 14
16.628906 9.7265625 05 22 14
4.3242188 11.0390625 05 22 14
9.105469 10.4765625 05 22 14
4.3242188 11.0390625 05 22 14
6.8554688 11.9296875 05 22 14
6.1523438 14.3671875 05 22 14
29.074219 4.2421875 05 22 15
43.347656 8.9765625 05 22 15
3.2695312 9.7265625 05 22 15
1.7929688 10.8046875 05 22 15
3.4804688 12.6796875 05 22 15
4.1835938 12.9609375 05 22 15
4.1835938 12.9609375 05 22 15
6.9257812 13.4296875 05 22 15
12.199219 -1.9921875 05 22 16
13.746094 -1.3359375 05 22 16
24.996094 5.8828125 05 22 16
7.3476562 9.7265625 05 22 16
2.9882812 9.9609375 05 22 16
18.246094 10.7578125 05 22 16
30.410156 4.4765625 05 22 17
26.753906 6.0234375 05 22 17
35.33203 7.1484375 05 23 12
40.746094 7.1015625 05 23 12
30.761719 9.0234375 05 23 12
11.636719 0.2578125 05 23 13
37.722656 5.7421875 05 23 13
37.722656 5.7421875 05 23 13
40.32422 7.0546875 05 23 13
38.63672 6.6328125 05 23 13
14.027344 7.8046875 05 23 13
15.292969 8.7421875 05 23 13
15.644531 9.9609375 05 23 13
14.027344 10.5703125 05 23 13
12.339844 7.7578125 05 23 14
24.714844 7.4765625 05 23 14
12.339844 7.7578125 05 23 14
13.957031 9.2109375 05 23 14
16.207031 10.2890625 05 23 14
9.527344 11.0859375 05 23 14
11.074219 -0.8671875 05 23 15
23.589844 5.8828125 05 23 15
23.589844 5.8828125 05 23 15
37.160156 6.8671875 05 23 16
41.44922 8.0859375 05 23 16
3.4101562 9.6796875 05 23 16
3.4101562 9.6796875 05 23 16
7.8398438 17.085938 05 23 16
24.925781 -1.1015625 05 23 17
25.277344 -0.0234375 05 23 17
12.902344 10.6171875 05 23 17
23.167969 0.0234375 05 24 12
12.972656 2.5078125 05 24 12
24.222656 2.4140625 05 24 12
12.972656 2.5546875 05 24 12
38.35547 5.8828125 05 24 12
24.152344 8.2734375 05 24 12
23.027344 8.9296875 05 24 12
24.363281 9.1640625 05 24 12
23.027344 8.9296875 05 24 12
18.175781 9.5390625 05 24 12
10.300781 10.5703125 05 24 12
27.457031 -1.9921875 05 24 13
14.378906 -1.3828125 05 24 13
22.394531 -1.1484375 05 24 13
18.246094 1.0546875 05 24 13
18.175781 2.0859375 05 24 13
12.832031 4.1953125 05 24 13
36.527344 5.8828125 05 24 13
9.667969 6.0703125 05 24 13
9.667969 6.0703125 05 24 13
16.910156 8.2734375 05 24 13
8.964844 9.9140625 05 24 13
8.894531 9.9140625 05 24 13
8.964844 9.9140625 05 24 13
14.027344 10.8515625 05 24 13
12.339844 -1.8515625 05 24 14
19.933594 -0.5859375 05 24 14
17.542969 -0.5859375 05 24 14
13.253906 -0.0234375 05 24 14
22.113281 -0.9140625 05 24 14
13.253906 -0.0234375 05 24 14
17.050781 0.3046875 05 24 14
19.371094 0.9140625 05 24 14
23.097656 7.0546875 05 24 14
14.027344 7.3359375 05 24 14
21.621094 8.4140625 05 24 14
20.144531 9.4453125 05 24 14
20.144531 9.4453125 05 24 14
5.3085938 11.4609375 05 24 14
12.058594 13.2421875 05 24 14
2.7070312 13.4296875 05 24 14
20.285156 -1.8515625 05 24 15
23.378906 -1.8046875 05 24 15
20.003906 -0.9140625 05 24 15
21.339844 -0.3515625 05 24 15
19.019531 -0.3046875 05 24 15
21.902344 -0.9140625 05 24 15
21.691406 0.1171875 05 24 15
14.449219 8.1328125 05 24 15
15.011719 8.6015625 05 24 15
15.152344 8.6953125 05 24 15
15.503906 9.5859375 05 24 15
15.503906 9.5859375 05 24 15
11.707031 11.6484375 05 24 15
3.5507812 12.6796875 05 24 15
4.1835938 13.5703125 05 24 15
9.949219 13.7578125 05 24 15
3.4101562 14.3671875 05 24 15
24.292969 -2.9765625 05 24 16
12.199219 10.7578125 05 24 16
15.011719 10.6640625 05 24 16
15.222656 0.3984375 05 24 17
21.058594 0.3046875 05 24 17
2.1445312 10.9453125 05 24 17
2.9179688 11.1796875 05 24 17
5.9414062 14.3203125 05 24 17
6.7851562 15.1640625 05 24 17
5.8007812 15.5859375 05 24 17
38.847656 6.4921875 05 25 12
29.917969 6.1640625 05 25 12
29.917969 6.1640625 05 25 12
29.917969 6.1640625 05 25 12
36.597656 5.9765625 05 25 12
29.917969 6.1640625 05 25 12
36.66797 5.9765625 05 25 12
38.847656 6.5390625 05 25 12
38.847656 6.5390625 05 25 12
38.847656 6.5390625 05 25 12
29.917969 6.1640625 05 25 12
29.496094 7.0078125 05 25 12
31.042969 7.8046875 05 25 12
13.324219 11.9296875 05 25 12
13.605469 11.9296875 05 25 12
3.1289062 11.9765625 05 25 12
14.730469 12.2109375 05 25 12
28.300781 -2.1328125 05 25 13
27.175781 6.7265625 05 25 13
27.175781 6.7265625 05 25 13
27.175781 6.7265625 05 25 13
40.88672 7.6171875 05 25 13
40.88672 7.6171875 05 25 13
23.449219 9.3046875 05 25 13
30.410156 4.2421875 05 25 14
11.777344 7.2890625 05 25 14
23.097656 8.2265625 05 25 14
23.097656 8.2265625 05 25 14
23.097656 8.2265625 05 25 14
18.808594 9.5859375 05 25 14
15.222656 10.3828125 05 25 14
14.378906 8.1328125 05 25 15
15.503906 9.2578125 05 25 15
19.792969 9.1640625 05 25 15
11.707031 -1.7109375 05 25 16
11.003906 -0.9140625 05 25 16
11.003906 -0.7734375 05 25 16
21.902344 6.3046875 05 25 16
43.13672 8.8828125 05 25 16
43.13672 8.8828125 05 25 16
7.9101562 13.7109375 05 25 16
6.1523438 14.6484375 05 25 16
11.355469 2.7421875 05 25 17
6.7851562 11.7890625 05 25 17
6.0117188 21.257812 05 25 17
38.566406 6.2578125 05 26 12
38.566406 6.2578125 05 26 12
4.3945312 16.382812 05 26 12
20.636719 10.7578125 05 26 13
17.894531 -1.4765625 05 26 14
19.371094 -0.0234375 05 26 14
18.527344 10.0078125 05 26 14
16.628906 10.1484375 05 26 14
23.097656 -6.6796875 05 26 15
23.941406 -6.2578125 05 26 15
24.714844 -4.3359375 05 26 15
23.730469 -2.6484375 05 26 15
21.550781 -2.5546875 05 26 15
22.535156 -2.9296875 05 26 15
23.730469 -2.6484375 05 26 15
29.847656 5.4609375 05 26 15
14.238281 6.0234375 05 26 15
25.839844 7.7578125 05 26 15
17.753906 8.6015625 05 26 15
18.386719 9.1640625 05 26 15
7.3476562 13.7109375 05 26 15
14.871094 6.1171875 05 26 16
14.730469 6.1640625 05 26 16
17.613281 8.4609375 05 26 16
42.92578 8.8359375 05 26 16
15.292969 9.2578125 05 26 16
17.191406 11.1328125 05 26 16
15.855469 11.1328125 05 26 16
8.332031 13.7578125 05 26 16
24.644531 -1.6171875 05 27 12
24.152344 -1.8515625 05 27 12
27.175781 -0.6328125 05 27 12
24.714844 2.9765625 05 27 12
25.558594 3.5859375 05 27 12
24.292969 6.0234375 05 27 12
24.292969 6.0234375 05 27 12
30.339844 6.4921875 05 27 12
21.972656 -4.8046875 05 27 13
19.019531 -4.2421875 05 27 13
24.433594 -3.4453125 05 27 13
22.324219 -3.8671875 05 27 13
24.433594 -3.4453125 05 27 13
23.378906 -2.8828125 05 27 13
23.589844 -1.9453125 05 27 13
27.246094 -1.9453125 05 27 13
30.058594 5.6484375 05 27 13
29.214844 6.3515625 05 27 13
5.3789062 7.9453125 05 27 13
8.683594 8.1328125 05 27 13
3.9023438 8.9296875 05 27 13
22.042969 5.6484375 05 27 14
21.902344 5.6953125 05 27 14
27.808594 5.6953125 05 27 14
27.949219 6.5390625 05 27 14
7.4179688 9.2109375 05 27 14
15.785156 10.2890625 05 27 14
12.550781 10.8515625 05 27 14
2.0742188 12.3515625 05 27 14
2.0742188 12.3515625 05 27 14
24.574219 -5.2734375 05 27 15
16.699219 -4.5234375 05 27 15
18.949219 -1.3828125 05 27 15
26.261719 5.8359375 05 27 15
26.261719 5.8359375 05 27 15
26.894531 6.5390625 05 27 15
26.894531 6.5390625 05 27 15
26.894531 6.5390625 05 27 15
26.894531 6.5390625 05 27 15
17.894531 8.2734375 05 27 15
17.894531 8.3671875 05 27 15
18.105469 9.4921875 05 27 15
18.105469 9.4921875 05 27 15
14.238281 10.4296875 05 27 15
3.6914062 11.2265625 05 27 15
14.378906 -0.6796875 05 27 16
13.183594 -0.3046875 05 27 16
22.394531 -5.7421875 05 27 17
15.644531 -3.3515625 05 27 17
19.652344 2.8828125 05 27 17
16.628906 3.3984375 05 27 17
19.652344 2.9296875 05 27 17
25.558594 5.5546875 05 27 17
24.996094 7.8984375 05 27 17
10.441406 9.4453125 05 27 17
17.542969 0.3515625 05 28 12
26.121094 0.8203125 05 28 12
15.785156 0.8203125 05 28 12
26.964844 0.6328125 05 28 12
27.175781 0.8671875 05 28 12
26.613281 1.0546875 05 28 12
27.035156 1.9453125 05 28 12
26.542969 1.3359375 05 28 12
26.964844 1.9453125 05 28 12
18.667969 2.4140625 05 28 12
42.92578 9.1640625 05 28 12
6.2929688 9.7734375 05 28 12
14.519531 1.1015625 05 28 13
29.917969 5.4140625 05 28 13
31.324219 5.7421875 05 28 13
36.66797 5.8828125 05 28 13
30.128906 5.7421875 05 28 13
31.816406 6.6328125 05 28 13
31.816406 6.6328125 05 28 13
35.61328 6.9609375 05 28 13
31.816406 6.6328125 05 28 13
14.238281 7.3828125 05 28 13
11.988281 7.1953125 05 28 13
18.878906 8.8359375 05 28 13
18.878906 8.8359375 05 28 13
15.925781 9.2578125 05 28 13
15.925781 9.2578125 05 28 13
16.417969 10.0078125 05 28 13
9.175781 10.4765625 05 28 13
14.308594 10.8046875 05 28 13
17.402344 -5.9296875 05 28 14
24.574219 -5.0859375 05 28 14
24.433594 -4.3828125 05 28 14
14.589844 -1.2890625 05 28 14
21.058594 5.1796875 05 28 14
28.300781 6.2109375 05 28 14
22.816406 6.8203125 05 28 14
27.597656 7.1953125 05 28 14
24.574219 6.8671875 05 28 14
26.613281 6.9609375 05 28 14
27.597656 7.1953125 05 28 14
28.300781 6.9609375 05 28 14
28.582031 7.2890625 05 28 14
28.792969 7.7109375 05 28 14
23.378906 8.4140625 05 28 14
15.433594 8.9765625 05 28 14
16.207031 -5.3203125 05 28 15
11.003906 -0.6328125 05 28 15
12.832031 0.3515625 05 28 15
23.167969 4.7578125 05 28 15
21.902344 4.9453125 05 28 15
22.324219 5.6015625 05 28 15
24.363281 6.0234375 05 28 15
24.363281 6.0234375 05 28 15
44.26172 8.5078125 05 28 15
12.480469 8.6484375 05 28 15
17.332031 10.0546875 05 28 15
10.371094 10.8046875 05 28 15
12.339844 -1.6640625 05 28 16
12.339844 -1.6640625 05 28 16
11.988281 0.6328125 05 28 16
22.113281 2.9296875 05 28 16
33.85547 3.1640625 05 28 16
25.207031 5.5078125 05 28 16
25.207031 5.5078125 05 28 16
40.67578 7.6640625 05 28 16
40.67578 7.6640625 05 28 16
26.824219 7.4765625 05 28 16
28.933594 -0.3515625 05 29 12
28.933594 -0.3515625 05 29 12
23.027344 1.0546875 05 29 12
38.566406 6.4921875 05 29 12
32.308594 7.1015625 05 29 12
37.160156 7.1953125 05 29 12
8.050781 7.9453125 05 29 12
32.097656 8.4140625 05 29 12
32.097656 8.4140625 05 29 12
8.683594 9.3515625 05 29 12
33.01172 6.1171875 05 29 13
30.128906 7.1015625 05 29 13
33.714844 7.1015625 05 29 13
30.128906 7.1015625 05 29 13
31.816406 8.3671875 05 29 13
25.066406 8.9765625 05 29 13
42.36328 8.9765625 05 29 13
43.558594 9.1171875 05 29 13
43.558594 9.1171875 05 29 13
23.730469 9.3515625 05 29 13
23.027344 9.3046875 05 29 13
23.730469 9.3515625 05 29 13
23.730469 9.3984375 05 29 13
4.1835938 16.101562 05 29 13
26.613281 -3.3984375 05 29 14
26.121094 -2.9765625 05 29 14
26.613281 -1.7578125 05 29 14
12.972656 0.2109375 05 29 14
31.746094 4.0078125 05 29 14
31.675781 4.8046875 05 29 14
31.113281 5.6015625 05 29 14
31.113281 5.6015625 05 29 14
16.066406 7.4296875 05 29 14
15.433594 7.7578125 05 29 14
20.988281 8.2734375 05 29 14
20.988281 8.2734375 05 29 14
20.988281 8.2734375 05 29 14
2.0039062 11.1328125 05 29 14
14.660156 11.0390625 05 29 14
31.113281 4.2890625 05 29 15
19.863281 6.6796875 05 29 15
14.800781 7.3359375 05 29 15
18.386719 7.7578125 05 29 15
18.386719 7.7578125 05 29 15
19.652344 7.7109375 05 29 15
26.753906 8.0390625 05 29 15
18.386719 7.7578125 05 29 15
26.753906 8.0390625 05 29 15
19.652344 8.5078125 05 29 15
25.136719 -3.8203125 05 29 16
15.152344 -2.4140625 05 29 16
15.925781 -2.1796875 05 29 16
14.097656 -0.2109375 05 29 16
11.566406 1.2890625 05 29 16
21.199219 3.1171875 05 29 16
16.769531 6.3515625 05 29 16
18.878906 7.1484375 05 29 16
18.597656 9.7265625 05 29 16
15.292969 10.7109375 05 29 16
19.230469 -5.5078125 05 29 17
20.214844 3.5390625 05 29 17
20.214844 3.5390625 05 29 17
18.386719 4.3359375 05 29 17
25.136719 4.4765625 05 29 17
33.01172 7.8046875 05 29 17
16.347656 9.1171875 05 29 17
7.6992188 11.2734375 05 29 17
2.0742188 12.8203125 05 29 17
19.019531 -1.8046875 05 30 12
19.722656 -1.8515625 05 30 12
19.300781 -0.2109375 05 30 12
19.441406 0.4453125 05 30 12
19.089844 2.7421875 05 30 12
18.175781 2.3671875 05 30 12
17.191406 2.6484375 05 30 12
16.136719 3.8203125 05 30 12
16.980469 4.4765625 05 30 12
16.980469 4.4765625 05 30 12
16.980469 4.4765625 05 30 12
16.980469 4.4765625 05 30 12
14.730469 1.3359375 05 30 13
15.925781 1.3828125 05 30 13
16.699219 1.5234375 05 30 13
12.058594 7.1953125 05 30 13
12.691406 7.7109375 05 30 13
27.316406 8.1328125 05 30 13
12.761719 7.8046875 05 30 13
14.308594 7.8984375 05 30 13
27.316406 8.1328125 05 30 13
27.316406 8.1328125 05 30 13
27.316406 8.1328125 05 30 13
24.714844 8.9765625 05 30 13
23.308594 8.8359375 05 30 13
24.644531 8.9765625 05 30 13
22.816406 9.3515625 05 30 13
24.082031 8.9296875 05 30 13
24.082031 8.9296875 05 30 13
28.863281 9.0703125 05 30 13
23.308594 8.8359375 05 30 13
23.378906 8.8359375 05 30 13
22.816406 9.3515625 05 30 13
14.449219 10.6171875 05 30 13
22.113281 8.3203125 05 30 14
32.16797 8.4140625 05 30 14
15.785156 -0.1640625 05 30 15
45.246094 4.6640625 05 30 15
32.80078 4.6171875 05 30 15
45.246094 4.6640625 05 30 15
14.800781 8.4140625 05 30 15
15.433594 8.9296875 05 30 15
19.371094 9.7734375 05 30 15
19.371094 9.7734375 05 30 15
19.371094 9.7734375 05 30 15
19.371094 9.7734375 05 30 15
16.628906 10.3359375 05 30 15
16.628906 10.3359375 05 30 15
19.019531 10.3359375 05 30 15
16.628906 10.3359375 05 30 15
17.332031 10.6640625 05 30 15
14.167969 -0.9140625 05 30 16
12.128906 0.3515625 05 30 16
9.316406 9.7265625 05 30 16
9.246094 10.8046875 05 30 16
9.246094 10.8046875 05 30 16
7.2773438 11.4140625 05 30 16
2.3554688 12.2109375 05 30 16
22.746094 -5.9765625 05 30 17
17.402344 -0.2578125 05 30 17
13.605469 -0.2109375 05 30 17
38.91797 6.8203125 05 31 12
38.91797 6.8203125 05 31 12
38.91797 6.8203125 05 31 12
38.70703 6.6328125 05 31 12
32.097656 7.8515625 05 31 12
39.19922 7.0078125 05 31 12
39.128906 7.3359375 05 31 12
42.92578 9.1640625 05 31 12
32.027344 8.5078125 05 31 12
33.503906 9.7265625 05 31 12
27.105469 5.9296875 05 31 13
23.097656 -5.5078125 05 31 14
20.566406 -5.4140625 05 31 14
21.902344 -4.8515625 05 31 14
25.910156 -4.7578125 05 31 14
9.738281 6.0234375 05 31 14
9.738281 6.0234375 05 31 14
9.738281 6.0234375 05 31 14
22.324219 7.4765625 05 31 14
11.917969 7.2421875 05 31 14
11.917969 7.2421875 05 31 14
11.917969 7.2421875 05 31 14
22.324219 7.4765625 05 31 14
22.324219 7.4765625 05 31 14
22.675781 7.4765625 05 31 14
8.964844 9.9140625 05 31 14
17.402344 -6.2109375 05 31 15
18.738281 -5.9296875 05 31 15
17.824219 -5.4140625 05 31 15
21.410156 -3.8671875 05 31 15
21.410156 -3.8671875 05 31 15
15.152344 3.4921875 05 31 15
25.910156 5.5546875 05 31 15
24.503906 6.7265625 05 31 15
24.574219 6.7734375 05 31 15
10.863281 6.8203125 05 31 15
13.746094 7.8046875 05 31 15
27.808594 8.3671875 05 31 15
4.3242188 11.1328125 05 31 15
7.3476562 11.6484375 05 31 15
15.996094 12.0703125 05 31 15
16.136719 -6.4921875 05 31 16
20.777344 -2.6484375 05 31 16
12.199219 -1.8046875 05 31 16
13.886719 -1.1953125 05 31 16
13.886719 -1.1953125 05 31 16
15.363281 1.6640625 05 31 16
14.519531 1.9453125 05 31 16
12.339844 2.3203125 05 31 16
12.339844 2.3203125 05 31 16
12.339844 2.3203125 05 31 16
23.871094 3.0703125 05 31 16
23.167969 4.2421875 05 31 16
23.167969 4.2421875 05 31 16
46.089844 9.4453125 05 31 16
46.160156 9.4453125 05 31 16
4.1132812 11.1328125 05 31 16
14.800781 11.2734375 05 31 16
25.207031 -5.2734375 05 31 17
16.136719 -5.5078125 05 31 17
21.832031 -2.6953125 05 31 17
25.558594 3.3046875 05 31 17
26.542969 3.9609375 05 31 17
5.3085938 12.3984375 05 31 17
17.472656 -0.5390625 06 01 12
16.839844 -0.5859375 06 01 12
17.121094 -0.6796875 06 01 12
18.246094 -0.0234375 06 01 12
29.707031 3.8671875 06 01 12
29.707031 3.8671875 06 01 12
33.503906 4.3828125 06 01 12
33.57422 4.2890625 06 01 12
29.074219 4.7578125 06 01 12
38.14453 5.3203125 06 01 12
38.777344 6.4921875 06 01 12
38.98828 6.7265625 06 01 12
38.98828 6.7265625 06 01 12
38.98828 6.7265625 06 01 12
39.128906 7.0546875 06 01 12
37.79297 7.3828125 06 01 12
19.019531 8.3671875 06 01 12
19.019531 8.3671875 06 01 12
19.089844 9.0703125 06 01 12
44.89453 9.2109375 06 01 12
43.558594 9.2109375 06 01 12
16.488281 10.6640625 06 01 12
16.417969 10.7109375 06 01 12
14.589844 11.7421875 06 01 12
16.558594 12.3984375 06 01 12
16.558594 12.3984375 06 01 12
22.253906 -1.7578125 06 01 13
16.699219 -0.3984375 06 01 13
24.574219 8.6484375 06 01 13
23.589844 8.9296875 06 01 13
24.574219 8.6484375 06 01 13
16.207031 12.4453125 06 01 13
23.800781 -5.2265625 06 01 14
18.667969 -1.1953125 06 01 14
18.667969 -1.1953125 06 01 14
20.425781 -0.6328125 06 01 14
15.785156 1.3828125 06 01 14
15.785156 1.3828125 06 01 14
12.410156 2.6953125 06 01 14
12.410156 2.6953125 06 01 14
14.941406 3.1171875 06 01 14
15.222656 3.9140625 06 01 14
13.675781 6.0234375 06 01 14
22.253906 9.0234375 06 01 14
11.636719 -0.3984375 06 01 15
12.269531 12.3515625 06 01 15
12.269531 12.3515625 06 01 15
19.863281 -5.5546875 06 01 16
12.621094 -1.8515625 06 01 16
29.988281 5.9296875 06 01 16
7.5585938 10.3828125 06 01 16
7.5585938 11.0390625 06 01 16
18.597656 -5.2265625 06 02 12
18.597656 -5.1796875 06 02 12
18.527344 -5.0390625 06 02 12
17.542969 -2.5546875 06 02 12
17.402344 -2.1796875 06 02 12
17.402344 -2.1796875 06 02 12
17.402344 -2.1796875 06 02 12
17.683594 -2.0859375 06 02 12
17.332031 -1.1484375 06 02 12
14.730469 -1.3828125 06 02 12
14.730469 -1.3828125 06 02 12
30.058594 -0.4453125 06 02 12
36.597656 -0.3515625 06 02 12
18.175781 0.5390625 06 02 12
16.628906 2.6484375 06 02 12
16.628906 2.6484375 06 02 12
17.613281 3.3515625 06 02 12
17.613281 3.3515625 06 02 12
17.050781 3.5859375 06 02 12
30.550781 4.0078125 06 02 12
15.925781 4.4765625 06 02 12
15.925781 4.4765625 06 02 12
38.98828 6.4921875 06 02 12
35.472656 7.0078125 06 02 12
37.933594 7.5703125 06 02 12
35.402344 7.2890625 06 02 12
37.933594 7.5703125 06 02 12
37.933594 7.5703125 06 02 12
32.660156 8.1796875 06 02 12
28.863281 7.8515625 06 02 12
27.667969 8.5546875 06 02 12
24.644531 8.7421875 06 02 12
32.660156 8.1796875 06 02 12
23.660156 8.9765625 06 02 12
30.058594 8.9765625 06 02 12
30.902344 9.4921875 06 02 12
30.902344 9.4921875 06 02 12
30.972656 9.8671875 06 02 12
29.144531 -1.1953125 06 02 13
12.832031 -0.4453125 06 02 13
36.527344 5.8359375 06 02 13
36.527344 5.8359375 06 02 13
23.660156 6.5390625 06 02 13
23.871094 6.7265625 06 02 13
23.589844 7.2421875 06 02 13
23.589844 7.2421875 06 02 13
24.363281 7.4765625 06 02 13
23.589844 7.2421875 06 02 13
24.785156 7.8515625 06 02 13
24.785156 7.8515625 06 02 13
25.558594 7.8046875 06 02 13
22.605469 7.7109375 06 02 13
23.730469 8.1796875 06 02 13
22.886719 8.5078125 06 02 13
28.933594 8.4609375 06 02 13
32.378906 8.8359375 06 02 13
9.316406 11.6015625 06 02 13
20.496094 -5.3671875 06 02 14
19.511719 4.5703125 06 02 14
22.535156 6.3515625 06 02 14
20.917969 9.8203125 06 02 14
18.949219 9.8671875 06 02 14
9.035156 11.5546875 06 02 14
3.4804688 14.5078125 06 02 14
3.6210938 14.7421875 06 02 14
3.6210938 14.7421875 06 02 14
26.332031 5.2734375 06 02 15
21.339844 6.0234375 06 02 15
20.777344 7.1484375 06 02 15
16.910156 9.9140625 06 02 15
16.910156 9.9140625 06 02 15
17.753906 10.2421875 06 02 15
1.7226562 13.3828125 06 02 15
2.5664062 13.6640625 06 02 15
1.7226562 13.3828125 06 02 15
1.7226562 13.3828125 06 02 15
2.5664062 13.6640625 06 02 15
26.894531 5.9765625 06 02 16
19.441406 6.5390625 06 02 16
21.058594 7.7578125 06 02 16
27.105469 3.9140625 06 03 12
32.589844 3.9140625 06 03 12
22.816406 3.7265625 06 03 12
27.105469 3.9140625 06 03 12
38.847656 6.3984375 06 03 12
41.871094 8.9765625 06 03 12
41.871094 8.9765625 06 03 12
4.6757812 23.414062 06 03 12
21.691406 9.0234375 06 03 13
21.691406 9.0234375 06 03 13
21.691406 9.0234375 06 03 13
21.691406 9.0234375 06 03 13
20.566406 9.4453125 06 03 13
21.691406 9.0234375 06 03 13
22.253906 9.3984375 06 03 13
34.13672 9.2578125 06 03 13
18.246094 9.7734375 06 03 13
20.566406 9.4453125 06 03 13
29.636719 -1.0078125 06 03 14
37.371094 0.1640625 06 03 14
27.878906 0.9609375 06 03 14
24.855469 3.3515625 06 03 14
32.308594 8.8828125 06 03 14
19.441406 9.3984375 06 03 14
45.17578 9.3515625 06 03 14
20.355469 8.3671875 06 03 15
46.58203 9.5390625 06 03 15
13.113281 10.1015625 06 03 15
13.113281 10.1015625 06 03 15
18.035156 -4.2421875 06 03 16
12.621094 7.7578125 06 03 16
14.519531 8.4609375 06 03 16
27.667969 -0.5390625 06 03 17
28.300781 -2.3671875 06 04 12
14.167969 -2.8828125 06 04 12
28.300781 -2.3671875 06 04 12
28.300781 -2.3671875 06 04 12
25.910156 -2.0390625 06 04 12
28.300781 -2.3671875 06 04 12
25.910156 -2.0390625 06 04 12
34.066406 2.9296875 06 04 12
34.066406 2.9296875 06 04 12
14.238281 4.7109375 06 04 12
14.378906 4.8984375 06 04 12
14.378906 4.9453125 06 04 12
38.91797 6.4453125 06 04 12
38.91797 6.4453125 06 04 12
29.003906 7.4765625 06 04 12
29.003906 7.4765625 06 04 12
8.894531 9.3515625 06 04 12
4.3242188 12.5859375 06 04 12
22.886719 0.4453125 06 04 13
36.035156 7.4296875 06 04 13
22.535156 7.7109375 06 04 13
14.097656 7.7578125 06 04 13
25.207031 8.4140625 06 04 13
23.308594 8.3671875 06 04 13
25.207031 8.4140625 06 04 13
34.98047 8.9765625 06 04 13
35.191406 9.0234375 06 04 13
30.972656 9.1171875 06 04 13
8.964844 9.7734375 06 04 13
9.386719 11.0859375 06 04 13
13.042969 -2.6953125 06 04 14
13.183594 -0.5390625 06 04 14
11.214844 0.5859375 06 04 14
24.996094 8.2265625 06 04 14
24.996094 8.2265625 06 04 14
21.269531 7.7578125 06 04 14
40.67578 8.2265625 06 04 14
40.67578 8.2265625 06 04 14
16.558594 8.8828125 06 04 14
24.785156 8.4609375 06 04 14
13.324219 9.8671875 06 04 14
12.199219 10.6640625 06 04 14
12.199219 10.7109375 06 04 14
4.2539062 11.7421875 06 04 14
11.003906 11.3203125 06 04 14
7.5585938 11.4609375 06 04 14
7.5585938 11.4609375 06 04 14
14.871094 -5.0859375 06 04 15
14.871094 -5.0390625 06 04 15
20.636719 -3.4921875 06 04 15
10.933594 -0.8671875 06 04 15
10.933594 -0.8671875 06 04 15
35.26172 6.6796875 06 04 15
18.808594 7.0078125 06 04 15
22.042969 7.4296875 06 04 15
18.808594 7.0078125 06 04 15
20.003906 7.7109375 06 04 15
20.003906 7.7109375 06 04 15
18.949219 7.8515625 06 04 15
14.519531 8.0390625 06 04 15
19.511719 8.8359375 06 04 15
19.511719 8.8359375 06 04 15
7.2773438 11.2734375 06 04 15
7.2773438 11.2734375 06 04 15
24.222656 -3.2578125 06 04 16
27.246094 -1.8046875 06 04 16
23.519531 -1.6171875 06 04 16
24.855469 -1.0546875 06 04 16
24.855469 -1.0546875 06 04 16
24.855469 -1.0546875 06 04 16
12.550781 7.7109375 06 04 16
4.4648438 9.0234375 06 04 16
4.4648438 9.0234375 06 04 16
4.0429688 9.8203125 06 04 16
10.792969 -0.8203125 06 04 17
36.73828 -0.5390625 06 05 12
36.73828 -0.5390625 06 05 12
21.972656 0.9140625 06 05 12
22.253906 2.4140625 06 05 12
15.925781 4.8984375 06 05 12
15.925781 4.8984375 06 05 12
15.925781 4.8984375 06 05 12
35.964844 7.6640625 06 05 12
37.86328 7.7578125 06 05 12
11.496094 -0.9140625 06 05 13
14.308594 -1.3828125 06 05 13
11.496094 -0.8203125 06 05 13
26.613281 -0.6328125 06 05 13
13.113281 0.2109375 06 05 13
15.714844 1.4765625 06 05 13
30.199219 6.1640625 06 05 13
30.199219 6.1640625 06 05 13
12.058594 7.2421875 06 05 13
12.058594 7.2421875 06 05 13
29.074219 7.3828125 06 05 13
14.378906 7.8515625 06 05 13
14.378906 7.8515625 06 05 13
14.378906 7.8515625 06 05 13
18.035156 9.2578125 06 05 13
20.074219 9.3046875 06 05 13
14.941406 -3.0234375 06 05 14
15.503906 -1.6171875 06 05 14
27.597656 -0.7265625 06 05 14
11.636719 2.8359375 06 05 14
32.660156 3.6796875 06 05 14
11.707031 3.9140625 06 05 14
26.894531 7.1015625 06 05 14
30.410156 6.6796875 06 05 14
19.863281 8.8359375 06 05 14
13.394531 8.4140625 06 05 14
20.285156 10.1015625 06 05 14
36.878906 13.1953125 06 05 14
36.878906 13.1953125 06 05 14
15.082031 -3.1171875 06 05 15
12.480469 -1.9921875 06 05 15
22.746094 -0.3984375 06 05 15
22.746094 -0.3984375 06 05 15
28.019531 5.0390625 06 05 15
26.613281 6.0703125 06 05 15
26.613281 6.0703125 06 05 15
26.613281 6.0703125 06 05 15
17.542969 7.8984375 06 05 15
24.503906 8.0859375 06 05 15
21.058594 8.4140625 06 05 15
20.566406 6.8671875 06 05 16
8.472656 9.2578125 06 05 16
27.105469 1.0546875 06 05 17
27.878906 2.5546875 06 05 17
14.167969 9.3984375 06 05 17
11.285156 -1.2421875 06 06 12
11.917969 -0.3515625 06 06 12
11.917969 -0.3515625 06 06 12
11.847656 0.1171875 06 06 12
27.808594 2.2265625 06 06 12
28.863281 3.9140625 06 06 12
30.550781 3.8203125 06 06 12
28.441406 3.3046875 06 06 12
38.91797 7.2890625 06 06 12
29.214844 7.1015625 06 06 12
38.91797 7.2890625 06 06 12
38.91797 7.2890625 06 06 12
28.371094 7.7109375 06 06 12
29.214844 7.1015625 06 06 12
29.214844 7.1015625 06 06 12
28.371094 7.7109375 06 06 12
38.91797 7.2890625 06 06 12
38.35547 8.0390625 06 06 12
34.066406 11.2265625 06 06 12
33.433594 1.4765625 06 06 13
11.144531 6.7734375 06 06 13
14.167969 7.2890625 06 06 13
14.167969 7.2890625 06 06 13
21.972656 8.4609375 06 06 13
22.746094 8.6484375 06 06 13
16.488281 8.7890625 06 06 13
32.871094 9.4453125 06 06 13
32.871094 9.4453125 06 06 13
32.51953 10.1484375 06 06 13
32.51953 10.1484375 06 06 13
27.527344 -1.7578125 06 06 14
25.347656 5.5546875 06 06 14
27.457031 6.2578125 06 06 14
27.527344 6.3046875 06 06 14
24.996094 7.1484375 06 06 14
19.019531 7.4296875 06 06 14
24.996094 7.1484375 06 06 14
12.761719 7.7578125 06 06 14
14.941406 7.9921875 06 06 14
14.941406 7.9921875 06 06 14
8.894531 9.2109375 06 06 14
13.816406 0.2578125 06 06 15
20.003906 7.8046875 06 06 15
25.980469 8.2734375 06 06 15
25.558594 -2.3671875 06 06 16
25.558594 -2.3671875 06 06 16
9.105469 10.4296875 06 06 16
28.371094 -1.8046875 06 06 17
39.48047 7.8515625 06 06 17
28.933594 -1.1484375 06 07 12
19.652344 2.5078125 06 07 12
39.19922 6.6328125 06 07 12
37.86328 7.9921875 06 07 12
41.660156 9.1640625 06 07 12
30.832031 10.0546875 06 07 12
28.160156 -2.4140625 06 07 13
28.792969 -0.3984375 06 07 13
23.871094 3.3515625 06 07 13
24.996094 7.1484375 06 07 13
26.332031 7.2890625 06 07 13
22.675781 8.3203125 06 07 13
22.605469 8.3203125 06 07 13
22.746094 8.2734375 06 07 13
23.519531 8.8828125 06 07 13
21.410156 9.0703125 06 07 13
21.621094 2.9765625 06 07 14
22.183594 5.3203125 06 07 14
21.199219 5.3671875 06 07 14
24.996094 5.9296875 06 07 14
20.074219 6.3046875 06 07 14
27.316406 7.6171875 06 07 14
27.316406 8.3671875 06 07 14
27.316406 8.3671875 06 07 14
30.691406 8.9296875 06 07 14
20.988281 9.0703125 06 07 14
22.324219 9.3515625 06 07 14
35.82422 11.0390625 06 07 14
23.519531 0.8203125 06 07 15
26.050781 3.3046875 06 07 15
25.136719 3.8671875 06 07 15
26.050781 4.7578125 06 07 15
26.050781 4.7578125 06 07 15
22.464844 7.0546875 06 07 15
24.292969 7.1953125 06 07 15
19.722656 8.6953125 06 07 15
39.128906 8.7421875 06 07 15
19.160156 9.4453125 06 07 15
19.160156 9.4453125 06 07 15
8.964844 9.9140625 06 07 15
12.691406 10.1484375 06 07 15
14.449219 10.1953125 06 07 15
19.933594 10.2421875 06 07 15
16.417969 -0.3984375 06 07 16
40.39453 8.0390625 06 07 16
17.894531 9.6328125 06 07 16
12.621094 10.8984375 06 07 16
11.847656 -1.7578125 06 07 17
11.847656 -1.7578125 06 07 17
22.042969 0.0234375 06 07 17
15.996094 11.2734375 06 07 17
25.910156 -1.7578125 06 08 12
25.347656 -1.6640625 06 08 12
25.347656 -1.6640625 06 08 12
25.347656 -1.6640625 06 08 12
28.933594 -0.2578125 06 08 12
28.652344 -0.5390625 06 08 12
28.933594 -0.2109375 06 08 12
28.300781 -0.5390625 06 08 12
27.808594 1.4296875 06 08 12
27.808594 1.4296875 06 08 12
27.808594 1.4296875 06 08 12
28.511719 1.4765625 06 08 12
19.230469 2.1328125 06 08 12
30.269531 6.1640625 06 08 12
29.636719 5.6015625 06 08 12
30.199219 6.1640625 06 08 12
39.19922 6.5859375 06 08 12
31.394531 7.0546875 06 08 12
31.394531 7.0546875 06 08 12
38.70703 6.7265625 06 08 12
29.425781 6.8203125 06 08 12
29.425781 6.8671875 06 08 12
38.14453 8.0859375 06 08 12
37.51172 8.6484375 06 08 12
37.51172 8.6484375 06 08 12
35.05078 9.6796875 06 08 12
35.05078 9.6796875 06 08 12
35.54297 10.5703125 06 08 12
33.503906 1.4296875 06 08 13
10.230469 6.2109375 06 08 13
10.230469 6.2109375 06 08 13
27.597656 7.1015625 06 08 13
28.511719 6.8203125 06 08 13
26.121094 8.2265625 06 08 13
26.121094 8.2265625 06 08 13
11.707031 7.3359375 06 08 14
22.957031 8.0390625 06 08 14
31.042969 9.0234375 06 08 14
8.824219 9.2109375 06 08 14
33.29297 9.3515625 06 08 14
16.769531 9.7265625 06 08 14
8.824219 9.3984375 06 08 14
13.605469 10.4296875 06 08 14
17.050781 9.9609375 06 08 14
24.925781 7.1953125 06 08 15
11.847656 8.6484375 06 08 15
9.175781 10.7109375 06 08 15
13.535156 -1.6171875 06 08 16
11.355469 1.2421875 06 08 16
38.63672 8.9765625 06 08 16
11.707031 -1.9453125 06 08 17
11.847656 0.3515625 06 08 17
40.67578 8.0859375 06 08 17
40.67578 8.0859375 06 08 17
27.035156 -0.7265625 06 09 12
33.85547 3.7734375 06 09 12
33.57422 4.3828125 06 09 12
34.76953 5.8359375 06 09 12
38.91797 6.7734375 06 09 12
38.91797 6.7734375 06 09 12
38.91797 6.7734375 06 09 12
38.98828 6.7734375 06 09 12
38.91797 6.7734375 06 09 12
35.472656 7.4765625 06 09 12
36.17578 7.8046875 06 09 12
25.347656 8.6015625 06 09 12
25.136719 8.5546875 06 09 12
26.542969 -1.6171875 06 09 13
22.886719 7.1953125 06 09 13
22.886719 7.1953125 06 09 13
21.269531 7.6171875 06 09 13
21.339844 7.6640625 06 09 13
21.269531 7.6640625 06 09 13
38.285156 8.4140625 06 09 13
23.800781 8.1328125 06 09 13
27.035156 8.4609375 06 09 13
19.300781 8.5078125 06 09 13
27.035156 8.4609375 06 09 13
19.300781 8.5078125 06 09 13
19.300781 8.5078125 06 09 13
11.707031 -1.6640625 06 09 14
27.246094 -1.7109375 06 09 14
22.253906 0.3046875 06 09 14
21.761719 0.2109375 06 09 14
21.761719 0.2109375 06 09 14
31.535156 6.9140625 06 09 14
24.082031 7.4296875 06 09 14
30.058594 7.0546875 06 09 14
23.941406 7.2890625 06 09 14
34.48828 8.5078125 06 09 14
21.621094 8.9765625 06 09 14
20.636719 9.6796875 06 09 14
8.824219 9.6796875 06 09 14
18.738281 9.8671875 06 09 14
8.824219 9.6796875 06 09 14
30.832031 3.9609375 06 09 15
30.832031 3.9609375 06 09 15
31.113281 4.8046875 06 09 15
31.113281 4.8046875 06 09 15
32.73047 4.9921875 06 09 15
31.113281 5.6484375 06 09 15
10.089844 6.1640625 06 09 15
10.089844 6.1640625 06 09 15
11.777344 7.1484375 06 09 15
11.988281 8.6015625 06 09 15
1.7929688 9.4453125 06 09 15
12.621094 -0.0234375 06 09 16
28.019531 5.5546875 06 09 16
24.574219 5.3671875 06 09 16
40.464844 7.8515625 06 09 16
32.871094 9.5859375 06 09 16
3.0585938 9.6796875 06 09 16
7.6289062 11.0859375 06 09 16
7.6289062 11.0859375 06 09 16
15.363281 -0.0703125 06 09 17
22.957031 5.5546875 06 09 17
32.80078 5.9765625 06 09 17
2.0742188 10.6640625 06 09 17
18.035156 -0.4453125 06 10 12
18.035156 2.0390625 06 10 12
18.035156 2.0390625 06 10 12
20.707031 2.6953125 06 10 12
22.183594 2.4140625 06 10 12
21.621094 2.8359375 06 10 12
18.105469 2.0390625 06 10 12
37.23047 5.6015625 06 10 12
37.23047 5.6015625 06 10 12
35.402344 7.6171875 06 10 12
7.9804688 7.8515625 06 10 12
7.9804688 7.8515625 06 10 12
6.8554688 8.3203125 06 10 12
34.066406 8.8359375 06 10 12
36.66797 1.0546875 06 10 13
36.66797 1.0546875 06 10 13
29.847656 6.5859375 06 10 13
39.972656 6.5859375 06 10 13
29.847656 6.5859375 06 10 13
29.847656 6.5859375 06 10 13
21.269531 8.2734375 06 10 13
21.269531 8.2734375 06 10 13
21.269531 8.3203125 06 10 13
14.308594 -0.9140625 06 10 14
19.722656 3.3515625 06 10 14
38.98828 6.3984375 06 10 14
18.035156 7.1015625 06 10 14
31.535156 6.8203125 06 10 14
24.574219 7.0546875 06 10 14
27.175781 7.2890625 06 10 14
27.175781 7.2890625 06 10 14
26.753906 7.5234375 06 10 14
20.285156 7.8046875 06 10 14
22.324219 7.8984375 06 10 14
20.285156 7.8046875 06 10 14
19.441406 8.7421875 06 10 14
19.441406 8.7421875 06 10 14
19.582031 8.8359375 06 10 14
19.582031 8.8359375 06 10 14
9.667969 9.4921875 06 10 14
11.988281 -1.5703125 06 10 15
21.621094 0.0703125 06 10 15
11.566406 0.8203125 06 10 15
26.824219 1.1484375 06 10 15
22.675781 1.2421875 06 10 15
24.503906 1.9921875 06 10 15
9.878906 6.0703125 06 10 15
16.277344 6.0703125 06 10 15
27.105469 6.1171875 06 10 15
9.878906 6.0703125 06 10 15
27.105469 6.1171875 06 10 15
27.105469 6.1171875 06 10 15
11.214844 -0.6328125 06 10 16
22.394531 -0.0703125 06 10 16
23.378906 0.2578125 06 10 16
25.136719 0.6328125 06 10 16
30.832031 5.4609375 06 10 16
14.378906 5.6953125 06 10 16
40.95703 7.9453125 06 10 16
13.253906 8.2265625 06 10 16
11.636719 -1.3828125 06 10 17
31.816406 6.4921875 06 10 17
6.7851562 11.4609375 06 10 17
37.51172 0.0234375 06 11 12
14.308594 7.1015625 06 11 12
31.394531 7.8515625 06 11 12
33.85547 2.7421875 06 11 13
11.144531 -0.6328125 06 11 14
37.51172 0.4453125 06 11 14
33.785156 6.9609375 06 11 14
25.699219 7.4765625 06 11 14
25.488281 7.4765625 06 11 14
21.550781 8.2265625 06 11 14
25.628906 7.5703125 06 11 14
21.480469 8.3203125 06 11 14
16.417969 5.2265625 06 11 15
20.285156 6.8203125 06 11 15
20.285156 6.8203125 06 11 15
18.386719 6.8203125 06 11 15
24.925781 7.4765625 06 11 15
8.683594 9.7734375 06 11 15
15.011719 -0.7734375 06 11 16
15.011719 -0.7734375 06 11 16
13.394531 -0.0234375 06 11 16
22.675781 0.4921875 06 11 16
12.199219 3.7734375 06 11 16
12.902344 3.9609375 06 11 16
18.457031 5.4140625 06 11 16
14.871094 6.7734375 06 11 16
27.808594 7.3828125 06 11 16
12.058594 8.5546875 06 11 16
7.3476562 11.0390625 06 11 16
25.136719 -1.4765625 06 11 17
11.988281 3.8203125 06 11 17
25.417969 7.8515625 06 11 17
6.5742188 10.4296875 06 11 17
6.0820312 10.9921875 06 11 17
21.902344 2.6015625 06 12 12
29.285156 3.3515625 06 12 12
33.85547 4.4765625 06 12 12
28.722656 5.2265625 06 12 12
26.613281 5.0859375 06 12 12
26.613281 5.0859375 06 12 12
26.613281 5.0859375 06 12 12
28.722656 5.2265625 06 12 12
36.73828 6.1640625 06 12 12
38.566406 6.2578125 06 12 12
36.73828 6.1640625 06 12 12
39.48047 6.4453125 06 12 12
38.566406 6.2578125 06 12 12
35.402344 6.8203125 06 12 12
37.01953 6.9140625 06 12 12
37.01953 6.9140625 06 12 12
35.26172 7.6171875 06 12 12
22.816406 8.1796875 06 12 12
27.878906 8.2265625 06 12 12
22.816406 8.1796875 06 12 12
22.816406 8.1796875 06 12 12
20.214844 8.7421875 06 12 12
34.558594 9.2578125 06 12 12
10.371094 6.1640625 06 12 13
11.707031 6.9609375 06 12 13
14.167969 7.1015625 06 12 13
26.332031 8.1328125 06 12 13
24.503906 8.7890625 06 12 13
8.683594 9.1171875 06 12 13
28.652344 -1.1953125 06 12 14
28.652344 -1.1953125 06 12 14
24.363281 -0.1171875 06 12 14
23.378906 0.0234375 06 12 14
32.308594 4.4765625 06 12 14
31.394531 4.8984375 06 12 14
40.183594 7.1953125 06 12 14
40.183594 7.1953125 06 12 14
20.074219 8.3203125 06 12 14
31.816406 8.3671875 06 12 14
9.597656 9.3515625 06 12 14
14.449219 5.8828125 06 12 15
14.449219 5.8828125 06 12 15
17.753906 7.9453125 06 12 15
11.847656 8.6015625 06 12 15
7.6289062 10.3828125 06 12 15
7.4179688 10.9921875 06 12 15
6.4335938 11.3203125 06 12 15
13.535156 4.1484375 06 12 16
13.535156 4.1484375 06 12 16
15.503906 5.6484375 06 12 16
12.058594 5.6953125 06 12 16
6.6445312 8.2734375 06 12 16
42.36328 8.6484375 06 12 16
2.0742188 9.9140625 06 12 16
12.480469 -1.8984375 06 12 17
13.394531 -0.3046875 06 12 17
11.425781 1.5703125 06 12 17
11.496094 3.0234375 06 12 17
19.933594 2.4609375 06 13 12
18.949219 2.6953125 06 13 12
36.66797 6.0703125 06 13 12
35.402344 7.4296875 06 13 12
35.402344 7.4296875 06 13 12
35.402344 7.4296875 06 13 12
35.402344 7.4296875 06 13 12
18.457031 9.6796875 06 13 12
18.457031 9.6796875 06 13 12
18.457031 9.6796875 06 13 12
18.527344 0.8671875 06 13 13
19.019531 2.0859375 06 13 13
20.566406 2.2734375 06 13 13
10.441406 6.2578125 06 13 13
11.425781 6.8203125 06 13 13
14.097656 7.2890625 06 13 13
19.863281 8.0390625 06 13 13
21.269531 8.3671875 06 13 13
18.035156 9.2109375 06 13 13
21.832031 9.0703125 06 13 13
12.058594 1.5234375 06 13 14
24.363281 2.5078125 06 13 14
14.660156 6.3046875 06 13 14
12.972656 6.9609375 06 13 14
20.917969 7.8046875 06 13 14
24.222656 8.6953125 06 13 14
22.675781 8.8359375 06 13 14
14.589844 -0.9609375 06 13 15
6.5039062 8.0390625 06 13 15
8.964844 9.2109375 06 13 15
28.511719 -1.1015625 06 13 16
16.628906 4.9453125 06 13 16
6.9257812 11.2265625 06 13 16
17.894531 1.2890625 06 13 17
4.2539062 9.0703125 06 13 17
36.66797 -0.4453125 06 14 12
29.144531 0.0234375 06 14 12
28.160156 2.6484375 06 14 12
21.972656 3.2578125 06 14 12
21.972656 3.2578125 06 14 12
19.722656 3.3984375 06 14 12
33.996094 3.7734375 06 14 12
36.597656 6.2578125 06 14 12
37.79297 6.9140625 06 14 12
37.79297 6.9140625 06 14 12
15.714844 7.3359375 06 14 12
37.79297 6.9140625 06 14 12
30.550781 7.3359375 06 14 12
15.714844 7.3359375 06 14 12
24.363281 8.4609375 06 14 12
24.363281 8.4609375 06 14 12
24.363281 8.4609375 06 14 12
23.519531 9.2578125 06 14 12
27.808594 2.7421875 06 14 13
20.355469 3.0234375 06 14 13
32.871094 3.9609375 06 14 13
31.535156 6.1171875 06 14 13
31.535156 6.1171875 06 14 13
10.371094 6.1640625 06 14 13
11.003906 6.5390625 06 14 13
12.058594 7.1484375 06 14 13
12.058594 7.1484375 06 14 13
14.097656 7.2421875 06 14 13
26.753906 7.3828125 06 14 13
29.566406 7.4296875 06 14 13
28.019531 7.9453125 06 14 13
28.792969 7.9453125 06 14 13
21.410156 8.5078125 06 14 13
25.910156 8.5078125 06 14 13
26.402344 8.4609375 06 14 13
26.402344 8.4609375 06 14 13
26.402344 8.4609375 06 14 13
26.964844 0.7265625 06 14 14
24.574219 3.9609375 06 14 14
25.347656 4.1484375 06 14 14
29.496094 4.7578125 06 14 14
25.347656 4.8515625 06 14 14
10.019531 5.7890625 06 14 14
29.425781 5.7421875 06 14 14
29.707031 5.8828125 06 14 14
26.402344 6.2109375 06 14 14
29.707031 5.9296875 06 14 14
32.44922 6.8671875 06 14 14
19.652344 8.7890625 06 14 14
9.035156 9.2109375 06 14 14
9.808594 9.3046875 06 14 14
9.035156 9.2109375 06 14 14
28.300781 -2.1796875 06 14 15
18.035156 0.7265625 06 14 15
15.082031 2.1796875 06 14 15
22.535156 6.6796875 06 14 15
18.597656 7.8515625 06 14 15
32.73047 7.1015625 06 14 15
19.160156 8.3671875 06 14 15
11.847656 8.5546875 06 14 16
12.058594 -1.8984375 06 14 17
2.1445312 9.6328125 06 14 17
2.1445312 9.6328125 06 14 17
3.4804688 10.7578125 06 14 17
12.761719 1.7578125 06 15 12
13.957031 1.8515625 06 15 12
27.808594 3.1640625 06 15 12
26.050781 3.6328125 06 15 12
29.707031 3.0703125 06 15 12
25.980469 3.6796875 06 15 12
33.85547 4.1484375 06 15 12
31.183594 4.0078125 06 15 12
33.85547 4.1484375 06 15 12
33.85547 4.1484375 06 15 12
27.808594 3.5390625 06 15 12
33.85547 4.1484375 06 15 12
26.894531 4.5234375 06 15 12
25.769531 4.4765625 06 15 12
27.457031 4.6171875 06 15 12
36.66797 6.0234375 06 15 12
36.66797 6.0234375 06 15 12
35.33203 7.2890625 06 15 12
38.777344 6.7734375 06 15 12
37.86328 7.3359375 06 15 12
35.33203 7.2890625 06 15 12
27.035156 7.2890625 06 15 12
24.574219 9.1640625 06 15 12
23.519531 9.3984375 06 15 12
23.519531 9.3984375 06 15 12
32.941406 6.0234375 06 15 13
32.16797 6.5859375 06 15 13
11.988281 7.1953125 06 15 13
12.128906 7.2421875 06 15 13
14.167969 7.8515625 06 15 13
12.761719 8.6484375 06 15 13
22.957031 9.2578125 06 15 13
18.949219 9.2109375 06 15 13
18.949219 9.2109375 06 15 13
28.792969 -0.3984375 06 15 14
14.449219 1.4296875 06 15 14
13.394531 8.3671875 06 15 14
28.652344 8.5078125 06 15 14
20.707031 9.2109375 06 15 14
9.386719 9.4921875 06 15 14
19.863281 9.3515625 06 15 14
9.386719 9.4921875 06 15 14
9.386719 9.4921875 06 15 14
19.792969 3.1640625 06 15 15
11.425781 3.8671875 06 15 15
3.9023438 7.4765625 06 15 15
2.7773438 10.9921875 06 15 15
12.480469 -1.5703125 06 15 16
13.324219 -0.4921875 06 15 16
14.449219 -0.4921875 06 15 16
13.746094 0.2109375 06 15 16
18.175781 1.6640625 06 15 16
26.121094 1.9921875 06 15 16
4.4648438 8.8359375 06 15 16
4.4648438 8.8359375 06 15 16
2.0039062 9.3515625 06 15 16
3.1289062 9.8203125 06 15 16
3.1289062 9.8203125 06 15 16
3.3398438 10.1953125 06 15 16
3.6914062 10.6640625 06 15 16
2.5664062 11.2734375 06 15 16
27.457031 0.7265625 06 15 17
1.7929688 10.2890625 06 15 17
5.0976562 10.1484375 06 15 17
6.9257812 10.8984375 06 15 17
6.8554688 10.8984375 06 15 17
19.582031 4.6171875 06 16 12
31.886719 4.8046875 06 16 12
31.886719 4.8046875 06 16 12
31.886719 4.8046875 06 16 12
31.886719 4.8046875 06 16 12
30.832031 5.3671875 06 16 12
31.886719 4.8046875 06 16 12
30.832031 5.3671875 06 16 12
30.832031 5.3671875 06 16 12
30.832031 5.3671875 06 16 12
39.339844 6.8203125 06 16 12
37.79297 6.8203125 06 16 12
36.035156 7.5234375 06 16 12
38.214844 8.0390625 06 16 12
35.26172 7.7109375 06 16 12
34.69922 8.8359375 06 16 12
21.058594 9.0703125 06 16 12
22.535156 9.0703125 06 16 12
34.69922 8.8359375 06 16 12
22.535156 9.0703125 06 16 12
21.058594 9.0703125 06 16 12
11.566406 2.4140625 06 16 13
11.566406 2.4140625 06 16 13
16.347656 3.4453125 06 16 13
27.878906 7.8046875 06 16 13
14.308594 8.0390625 06 16 13
27.878906 7.8046875 06 16 13
28.441406 8.9296875 06 16 13
16.910156 8.9296875 06 16 13
34.910156 9.3984375 06 16 13
9.105469 9.9609375 06 16 13
9.105469 9.9609375 06 16 13
28.933594 -1.2421875 06 16 14
28.933594 -1.2421875 06 16 14
12.761719 2.7890625 06 16 14
17.191406 4.3828125 06 16 14
17.613281 5.2734375 06 16 14
9.808594 6.1171875 06 16 14
26.332031 7.5703125 06 16 14
15.855469 7.6171875 06 16 14
21.199219 8.0859375 06 16 14
21.199219 8.0859375 06 16 14
15.855469 7.6171875 06 16 14
39.55078 8.6015625 06 16 14
24.292969 8.7421875 06 16 14
15.222656 3.7734375 06 16 15
21.128906 5.2734375 06 16 15
29.566406 9.6328125 06 16 15
15.082031 8.3671875 06 16 16
7.4179688 10.4765625 06 16 16
7.3476562 10.5234375 06 16 16
1.8632812 10.6640625 06 16 17
25.980469 3.8671875 06 17 12
26.121094 3.9140625 06 17 12
26.121094 3.9140625 06 17 12
32.44922 4.2421875 06 17 12
26.964844 4.3359375 06 17 12
31.042969 4.5234375 06 17 12
39.410156 6.5859375 06 17 12
36.73828 7.6171875 06 17 12
39.339844 7.7578125 06 17 12
29.636719 7.9453125 06 17 12
39.339844 7.7578125 06 17 12
36.527344 7.6640625 06 17 12
35.683594 8.7890625 06 17 12
37.933594 8.6484375 06 17 12
35.683594 8.7890625 06 17 12
30.832031 9.0234375 06 17 12
19.230469 9.4921875 06 17 12
30.832031 9.3515625 06 17 12
29.917969 10.4296875 06 17 12
29.917969 10.4296875 06 17 12
31.394531 10.4296875 06 17 12
14.519531 1.3359375 06 17 13
15.292969 1.6640625 06 17 13
27.527344 2.2734375 06 17 13
30.480469 3.9609375 06 17 13
17.824219 8.7421875 06 17 13
9.035156 9.5859375 06 17 13
22.675781 10.3359375 06 17 13
22.675781 10.3359375 06 17 13
28.792969 -1.3828125 06 17 14
26.894531 1.6171875 06 17 14
15.644531 4.4765625 06 17 14
16.417969 5.1328125 06 17 14
12.269531 5.7421875 06 17 14
36.10547 7.4765625 06 17 14
26.050781 8.8828125 06 17 14
22.394531 9.3046875 06 17 14
21.410156 10.2421875 06 17 14
18.667969 5.8828125 06 17 15
6.8554688 8.3671875 06 17 15
20.988281 8.4609375 06 17 15
20.496094 9.3046875 06 17 15
2.0742188 12.0234375 06 17 15
2.1445312 12.0234375 06 17 15
27.035156 0.6796875 06 17 16
40.11328 7.1015625 06 17 16
5.3789062 8.6015625 06 17 16
3.4804688 10.9921875 06 17 16
34.347656 11.1328125 06 17 16
1.8632812 10.5703125 06 17 17
3.6914062 10.0546875 06 17 17
3.6914062 10.0546875 06 17 17
29.003906 0.2109375 06 18 12
27.597656 2.6015625 06 18 12
9.949219 5.4609375 06 18 12
9.949219 5.4609375 06 18 12
29.003906 6.4453125 06 18 12
38.98828 6.7734375 06 18 12
38.98828 6.7734375 06 18 12
34.347656 9.4453125 06 18 12
23.589844 9.8203125 06 18 12
34.41797 9.4453125 06 18 12
23.589844 9.8203125 06 18 12
19.089844 9.8203125 06 18 12
22.464844 10.3359375 06 18 12
34.20703 10.7109375 06 18 12
34.20703 10.7109375 06 18 12
34.48828 10.7578125 06 18 12
5.4492188 11.6015625 06 18 12
26.824219 0.3984375 06 18 13
10.160156 6.0234375 06 18 13
11.847656 8.8359375 06 18 13
15.925781 9.7734375 06 18 13
4.3242188 10.9921875 06 18 13
7.5585938 11.5078125 06 18 13
19.371094 4.8515625 06 18 14
30.339844 5.4609375 06 18 14
6.5039062 7.3828125 06 18 14
6.5039062 7.3828125 06 18 14
9.316406 9.6328125 06 18 14
4.3945312 9.7734375 06 18 14
12.761719 10.1953125 06 18 14
2.9882812 11.3671875 06 18 14
23.308594 10.9453125 06 18 14
31.113281 3.5390625 06 18 15
6.2929688 8.1796875 06 18 15
6.2929688 8.1796875 06 18 15
22.816406 9.2578125 06 18 15
3.2695312 10.1015625 06 18 15
1.6523438 11.5546875 06 18 15
16.980469 3.8203125 06 18 16
22.042969 5.8828125 06 18 16
2.4960938 10.0078125 06 18 16
29.636719 3.2109375 06 18 17
30.972656 6.5390625 06 19 12
30.480469 6.2109375 06 19 12
25.980469 7.3359375 06 19 12
38.777344 6.7265625 06 19 12
25.980469 7.3359375 06 19 12
34.839844 8.7421875 06 19 12
30.761719 12.2578125 06 19 12
27.457031 -1.8515625 06 19 13
27.035156 -0.7265625 06 19 13
28.230469 13.0078125 06 19 13
7.4179688 7.1484375 06 19 14
6.7148438 11.8359375 06 19 14
28.722656 12.1171875 06 19 14
23.238281 7.5234375 06 19 15
21.550781 5.6953125 06 20 12
38.777344 6.6796875 06 20 12
35.683594 7.4765625 06 20 12
34.066406 8.6953125 06 20 12
34.066406 8.6953125 06 20 12
34.347656 10.1953125 06 20 12
28.089844 10.4765625 06 20 12
25.699219 4.3359375 06 20 13
11.636719 7.3359375 06 20 13
35.26172 8.4140625 06 20 13
29.707031 10.3828125 06 20 13
30.550781 10.3828125 06 20 13
12.058594 10.8984375 06 20 13
12.058594 10.8984375 06 20 13
28.441406 1.7578125 06 20 14
26.191406 2.9765625 06 20 14
25.066406 3.6328125 06 20 14
11.777344 3.9609375 06 20 14
13.886719 4.9453125 06 20 14
25.628906 5.8359375 06 20 14
25.628906 5.8359375 06 20 14
27.175781 6.4453125 06 20 14
31.816406 9.8203125 06 20 14
25.910156 -0.9140625 06 20 15
32.73047 9.8671875 06 20 15
26.824219 5.3203125 06 20 16
25.699219 -0.3984375 06 20 17
26.613281 1.1015625 06 21 12
26.894531 1.8515625 06 21 12
25.488281 2.4609375 06 21 12
27.035156 2.0390625 06 21 12
19.652344 2.0390625 06 21 12
20.847656 2.3203125 06 21 12
24.925781 3.3515625 06 21 12
24.925781 3.3515625 06 21 12
36.597656 5.9296875 06 21 12
39.19922 6.6796875 06 21 12
39.19922 6.6796875 06 21 12
38.98828 7.3359375 06 21 12
38.98828 7.3359375 06 21 12
27.035156 7.6171875 06 21 12
35.82422 7.8984375 06 21 12
35.82422 7.8984375 06 21 12
38.214844 8.3671875 06 21 12
26.191406 8.4140625 06 21 12
29.003906 8.3671875 06 21 12
34.558594 8.8828125 06 21 12
30.902344 8.9296875 06 21 12
38.214844 8.3671875 06 21 12
30.902344 8.9296875 06 21 12
23.730469 12.2578125 06 21 12
28.371094 2.1796875 06 21 13
24.082031 3.9609375 06 21 13
25.136719 4.4765625 06 21 13
29.917969 4.8984375 06 21 13
29.636719 5.7421875 06 21 13
29.285156 6.9609375 06 21 13
37.722656 8.4140625 06 21 13
31.042969 8.1328125 06 21 13
24.714844 8.8359375 06 21 13
28.441406 9.7734375 06 21 13
21.480469 1.2890625 06 21 14
22.113281 1.0546875 06 21 14
22.535156 3.7265625 06 21 14
24.925781 5.6953125 06 21 14
23.730469 6.2578125 06 21 14
25.488281 7.3828125 06 21 14
24.574219 7.5703125 06 21 14
24.292969 9.7734375 06 21 14
8.824219 10.9453125 06 21 14
7.1367188 11.7421875 06 21 14
27.949219 -2.0859375 06 21 15
27.949219 -2.0859375 06 21 15
26.683594 -0.6328125 06 21 15
26.542969 -0.6328125 06 21 15
12.058594 2.7890625 06 21 15
27.738281 3.9140625 06 21 15
8.261719 9.5390625 06 21 16
6.2226562 11.9765625 06 21 16
12.269531 -1.8515625 06 21 17
27.457031 0.1171875 06 22 12
28.511719 -0.0703125 06 22 12
28.089844 2.1328125 06 22 12
26.472656 1.7109375 06 22 12
21.761719 5.2265625 06 22 12
21.972656 5.1328125 06 22 12
37.371094 5.9765625 06 22 12
32.23828 6.2109375 06 22 12
32.23828 6.2109375 06 22 12
37.089844 6.0234375 06 22 12
39.26953 6.3984375 06 22 12
37.371094 5.9765625 06 22 12
39.26953 6.3984375 06 22 12
35.964844 7.1953125 06 22 12
33.222656 8.7421875 06 22 12
33.503906 8.7890625 06 22 12
33.57422 8.7890625 06 22 12
33.29297 10.1953125 06 22 12
34.41797 10.2890625 06 22 12
18.175781 11.3203125 06 22 12
26.332031 0.4453125 06 22 13
22.394531 0.9609375 06 22 13
20.355469 3.4921875 06 22 13
32.660156 3.6328125 06 22 13
31.605469 4.6171875 06 22 13
32.871094 6.3046875 06 22 13
11.707031 7.3828125 06 22 13
8.753906 9.3046875 06 22 13
34.48828 9.5859375 06 22 13
8.753906 9.3046875 06 22 13
11.074219 10.8515625 06 22 13
15.925781 11.6484375 06 22 13
16.839844 11.6484375 06 22 13
15.925781 11.6484375 06 22 13
17.824219 11.4609375 06 22 13
21.972656 0.8203125 06 22 14
30.128906 4.9921875 06 22 14
11.496094 8.2734375 06 22 14
9.808594 9.6328125 06 22 14
19.652344 9.6796875 06 22 14
34.69922 11.3203125 06 22 14
30.972656 3.6796875 06 22 15
38.42578 8.4609375 06 22 15
7.4179688 9.8203125 06 22 15
37.01953 -0.2578125 06 22 16
31.886719 4.1484375 06 22 16
38.98828 4.7578125 06 22 16
40.535156 6.4453125 06 22 16
40.535156 6.4453125 06 22 16
39.26953 8.3671875 06 22 16
27.667969 8.6484375 06 22 16
29.425781 9.0234375 06 22 16
1.6523438 9.4453125 06 22 16
3.6914062 10.2421875 06 22 16
5.8007812 11.0390625 06 22 16
33.996094 11.2265625 06 22 17
14.871094 3.7265625 06 23 12
36.17578 6.2578125 06 23 12
36.878906 7.3828125 06 23 12
36.94922 7.3828125 06 23 12
36.94922 7.3828125 06 23 12
24.996094 8.6953125 06 23 12
24.996094 8.6953125 06 23 12
29.144531 9.0234375 06 23 12
20.285156 2.1796875 06 23 13
20.496094 2.8359375 06 23 13
13.324219 3.2578125 06 23 13
16.066406 3.3984375 06 23 13
19.089844 4.4296875 06 23 13
10.441406 6.2578125 06 23 13
40.535156 6.7265625 06 23 13
26.542969 7.7578125 06 23 13
29.144531 8.9296875 06 23 13
29.144531 8.9765625 06 23 13
22.394531 8.6015625 06 23 13
22.394531 8.6015625 06 23 13
18.738281 9.4453125 06 23 13
19.582031 9.5859375 06 23 13
34.41797 9.6796875 06 23 13
19.652344 9.5859375 06 23 13
21.550781 2.5546875 06 23 14
17.121094 3.4921875 06 23 14
17.964844 3.7734375 06 23 14
18.808594 4.2890625 06 23 14
14.730469 4.8515625 06 23 14
28.722656 4.8984375 06 23 14
30.128906 6.9609375 06 23 14
29.496094 7.0078125 06 23 14
28.371094 8.0390625 06 23 14
28.371094 8.0390625 06 23 14
16.277344 7.9921875 06 23 14
18.035156 10.3359375 06 23 14
18.878906 11.1796875 06 23 14
8.402344 11.1796875 06 23 14
17.753906 11.3203125 06 23 14
19.792969 5.4609375 06 23 15
19.792969 5.5078125 06 23 15
20.285156 6.1171875 06 23 15
25.699219 6.5390625 06 23 15
19.230469 6.7734375 06 23 15
14.308594 7.2421875 06 23 15
15.503906 7.1484375 06 23 15
14.308594 7.2421875 06 23 15
23.660156 6.7734375 06 23 15
11.144531 6.9609375 06 23 15
19.160156 7.6171875 06 23 15
20.636719 7.9921875 06 23 15
17.402344 8.8359375 06 23 15
17.402344 8.8359375 06 23 15
43.558594 8.6015625 06 23 15
1.7929688 12.8671875 06 23 15
22.394531 1.3828125 06 23 16
23.800781 1.9921875 06 23 16
23.800781 1.9921875 06 23 16
18.738281 2.6484375 06 23 16
16.910156 2.9296875 06 23 16
21.128906 5.2734375 06 23 16
44.191406 8.5078125 06 23 16
42.503906 8.7421875 06 23 16
16.136719 4.2890625 06 23 17
17.472656 7.3828125 06 23 17
41.44922 8.1328125 06 23 17
31.746094 8.8828125 06 23 17
30.691406 9.1640625 06 23 17
24.996094 -0.9140625 06 24 12
29.074219 -0.0234375 06 24 12
16.347656 2.3671875 06 24 12
13.324219 2.7890625 06 24 12
15.222656 4.4296875 06 24 12
15.222656 2.9765625 06 24 12
14.308594 5.4609375 06 24 12
15.222656 4.4296875 06 24 12
14.308594 5.5546875 06 24 12
37.089844 6.0234375 06 24 12
36.246094 5.7421875 06 24 12
27.878906 7.2890625 06 24 12
27.878906 7.2890625 06 24 12
28.511719 7.8046875 06 24 12
28.511719 7.8046875 06 24 12
28.300781 8.5078125 06 24 12
28.441406 8.5078125 06 24 12
30.410156 9.3046875 06 24 12
30.410156 9.3046875 06 24 12
31.605469 9.3984375 06 24 12
9.035156 11.0390625 06 24 12
17.753906 2.1796875 06 24 13
17.613281 2.8828125 06 24 13
19.019531 2.8359375 06 24 13
17.613281 2.8828125 06 24 13
20.707031 4.2890625 06 24 13
22.042969 5.2734375 06 24 13
9.878906 5.9765625 06 24 13
29.074219 5.8359375 06 24 13
21.621094 8.0390625 06 24 13
22.675781 8.1796875 06 24 13
26.402344 8.3671875 06 24 13
26.402344 8.3671875 06 24 13
23.097656 8.8359375 06 24 13
34.20703 9.4453125 06 24 13
13.464844 9.9140625 06 24 13
8.753906 9.8203125 06 24 13
33.01172 9.9609375 06 24 13
13.324219 9.9140625 06 24 13
25.628906 1.3359375 06 24 14
21.480469 2.1328125 06 24 14
24.574219 2.7890625 06 24 14
20.214844 3.4921875 06 24 14
16.488281 4.3359375 06 24 14
33.785156 4.4765625 06 24 14
26.402344 4.9921875 06 24 14
34.20703 5.0390625 06 24 14
31.605469 5.7890625 06 24 14
24.011719 6.1171875 06 24 14
19.582031 8.1796875 06 24 14
18.527344 8.4609375 06 24 14
8.683594 9.7734375 06 24 14
24.292969 1.5703125 06 24 15
24.855469 5.5078125 06 24 15
24.363281 7.0546875 06 24 15
17.824219 10.2421875 06 24 15
33.714844 10.3359375 06 24 15
10.230469 10.8046875 06 24 15
27.878906 2.4609375 06 24 16
28.441406 4.8515625 06 24 16
21.972656 6.9140625 06 24 16
6.2226562 11.3203125 06 24 16
5.0976562 8.7421875 06 24 17
6.1523438 10.3359375 06 24 17
29.003906 0.2109375 06 25 12
39.972656 7.0078125 06 25 12
39.972656 7.0078125 06 25 12
40.39453 7.1953125 06 25 12
38.777344 7.2421875 06 25 12
38.777344 7.2890625 06 25 12
20.144531 9.9140625 06 25 12
34.13672 10.5234375 06 25 12
25.417969 7.8515625 06 25 13
25.417969 7.8515625 06 25 13
41.027344 8.9765625 06 25 13
41.027344 8.9765625 06 25 13
41.027344 8.9765625 06 25 13
19.582031 9.9140625 06 25 13
28.089844 10.2421875 06 25 13
28.441406 11.0390625 06 25 13
25.558594 7.4765625 06 25 14
15.011719 7.7109375 06 25 14
11.917969 7.2421875 06 25 14
15.011719 7.7578125 06 25 14
15.996094 8.5078125 06 25 14
25.136719 8.1328125 06 25 14
25.066406 8.6953125 06 25 14
25.558594 8.7890625 06 25 14
18.667969 6.5859375 06 25 15
18.667969 6.5859375 06 25 15
18.667969 6.5859375 06 25 15
22.675781 9.3515625 06 25 15
18.246094 5.9296875 06 25 16
26.894531 8.6484375 06 25 16
12.621094 8.8828125 06 25 16
8.824219 10.4765625 06 25 16
27.105469 4.7578125 06 25 17
7.7695312 11.5546875 06 25 17
6.9960938 11.7421875 06 25 17
7.7695312 11.5546875 06 25 17
28.863281 -0.0234375 06 26 12
34.277344 1.2890625 06 26 12
34.277344 1.2890625 06 26 12
34.277344 1.2890625 06 26 12
24.011719 3.0234375 06 26 12
18.316406 3.2578125 06 26 12
18.316406 3.2578125 06 26 12
32.16797 3.7734375 06 26 12
32.23828 5.6953125 06 26 12
34.277344 5.5078125 06 26 12
28.089844 6.2109375 06 26 12
27.738281 6.4921875 06 26 12
40.535156 7.1015625 06 26 12
38.847656 8.5546875 06 26 12
26.261719 8.6015625 06 26 12
23.167969 8.7421875 06 26 12
34.839844 9.3984375 06 26 12
23.167969 8.7421875 06 26 12
23.800781 9.4921875 06 26 12
35.753906 9.3984375 06 26 12
10.160156 5.9765625 06 26 13
10.160156 5.9765625 06 26 13
10.160156 5.9765625 06 26 13
21.902344 8.3671875 06 26 13
41.80078 9.0703125 06 26 13
22.886719 9.0703125 06 26 13
23.027344 9.0703125 06 26 13
30.199219 10.5703125 06 26 13
30.199219 10.5703125 06 26 13
30.199219 10.5703125 06 26 13
15.363281 5.0859375 06 26 14
10.652344 6.3515625 06 26 14
24.363281 10.6171875 06 26 14
31.464844 11.1796875 06 26 14
31.464844 11.1796875 06 26 14
31.464844 11.1796875 06 26 14
17.261719 8.8828125 06 26 15
20.566406 9.9140625 06 26 15
21.410156 9.9140625 06 26 15
26.402344 10.4765625 06 26 15
13.324219 8.7421875 06 26 16
9.597656 10.1484375 06 26 16
9.597656 10.1484375 06 26 16
13.183594 4.8984375 06 26 17
2.0039062 9.6796875 06 26 17
2.0039062 9.6796875 06 26 17
2.0039062 9.6796875 06 26 17
25.207031 9.7265625 06 26 17
13.183594 10.4765625 06 26 17
19.160156 10.4296875 06 26 17
36.527344 -0.0703125 06 27 12
36.808594 5.9296875 06 27 12
33.85547 6.3984375 06 27 12
32.73047 6.8203125 06 27 12
32.660156 6.8671875 06 27 12
38.777344 8.6484375 06 27 12
28.792969 -0.7734375 06 27 13
36.66797 1.1484375 06 27 13
36.66797 1.1484375 06 27 13
10.511719 6.1640625 06 27 13
40.535156 7.8984375 06 27 13
41.308594 8.8828125 06 27 13
41.308594 8.8828125 06 27 13
41.871094 9.2109375 06 27 13
33.996094 3.6796875 06 27 14
22.324219 4.3828125 06 27 14
28.160156 4.6640625 06 27 14
22.253906 5.3203125 06 27 14
22.394531 5.3203125 06 27 14
31.886719 8.2265625 06 27 14
25.207031 9.3984375 06 27 14
25.207031 9.3984375 06 27 14
31.394531 9.7265625 06 27 14
14.238281 11.1328125 06 27 14
11.355469 6.7734375 06 27 15
30.199219 7.6171875 06 27 15
30.199219 7.6171875 06 27 15
13.535156 9.1171875 06 27 15
23.519531 10.1484375 06 27 15
29.003906 9.8203125 06 27 15
13.816406 10.1953125 06 27 15
9.597656 10.3828125 06 27 15
13.183594 11.0859375 06 27 15
34.48828 10.6171875 06 27 15
34.48828 10.6171875 06 27 15
31.253906 3.4453125 06 27 16
12.972656 4.7109375 06 27 16
12.972656 4.7109375 06 27 16
11.425781 6.6796875 06 27 16
29.496094 7.5234375 06 27 16
31.816406 9.0234375 06 27 16
20.777344 1.5703125 06 27 17
14.238281 5.6015625 06 27 17
20.707031 10.7109375 06 27 17
20.707031 10.7109375 06 27 17
8.121094 11.5078125 06 27 17
7.2070312 11.6015625 06 27 17
1.7929688 12.3515625 06 27 17
1.7929688 12.3515625 06 27 17
12.269531 5.6484375 06 28 12
35.191406 6.3046875 06 28 12
35.191406 6.4453125 06 28 12
31.957031 7.5703125 06 28 12
28.160156 9.0234375 06 28 12
40.816406 9.1640625 06 28 12
40.816406 9.1640625 06 28 12
23.589844 10.4296875 06 28 12
9.246094 11.1328125 06 28 12
22.113281 5.0859375 06 28 13
14.871094 5.5078125 06 28 13
11.144531 6.9609375 06 28 13
25.136719 6.1171875 06 28 13
34.277344 10.2890625 06 28 13
34.277344 10.2890625 06 28 13
34.277344 10.2890625 06 28 13
22.535156 10.9453125 06 28 13
23.660156 11.7890625 06 28 13
14.660156 5.9765625 06 28 14
14.660156 5.9765625 06 28 14
24.222656 10.3359375 06 28 14
22.113281 10.2890625 06 28 14
10.722656 11.3203125 06 28 14
10.722656 11.3203125 06 28 14
29.777344 10.9921875 06 28 14
10.722656 11.3203125 06 28 14
10.089844 10.9453125 06 28 14
12.761719 11.3203125 06 28 14
15.152344 10.8515625 06 28 14
16.910156 11.8828125 06 28 14
13.816406 11.5546875 06 28 14
28.300781 1.5703125 06 28 15
13.675781 3.5859375 06 28 15
11.496094 3.9140625 06 28 15
11.003906 4.7109375 06 28 15
12.621094 8.7421875 06 28 15
28.863281 9.9140625 06 28 15
28.722656 10.1015625 06 28 15
15.011719 10.6640625 06 28 15
31.816406 10.4296875 06 28 15
16.839844 10.8515625 06 28 15
32.51953 11.5546875 06 28 15
24.433594 11.7890625 06 28 15
11.988281 12.1640625 06 28 15
12.339844 8.7421875 06 28 17
41.16797 10.2421875 06 28 17
2.9179688 11.0390625 06 28 17
3.1992188 11.1328125 06 28 17
15.996094 11.2265625 06 28 17
26.542969 11.4140625 06 28 17
6.9960938 12.0234375 06 28 17
6.9960938 12.0234375 06 28 17
7.5585938 12.7734375 06 28 17
5.6601562 14.6015625 06 28 17
39.128906 6.7734375 06 29 12
39.128906 6.7734375 06 29 12
37.089844 6.9140625 06 29 12
38.91797 7.3828125 06 29 12
7.2070312 8.1328125 06 29 12
9.105469 8.1796875 06 29 12
9.105469 8.1796875 06 29 12
38.91797 8.7890625 06 29 12
41.16797 9.2578125 06 29 12
9.667969 9.9140625 06 29 12
5.5195312 9.7734375 06 29 12
5.5195312 9.7734375 06 29 12
5.5195312 9.7734375 06 29 12
34.628906 10.3828125 06 29 12
18.105469 11.4140625 06 29 12
23.589844 2.6484375 06 29 13
24.222656 2.9765625 06 29 13
24.503906 4.1953125 06 29 13
22.605469 7.5703125 06 29 13
25.769531 8.1796875 06 29 13
25.769531 8.1796875 06 29 13
23.800781 9.5390625 06 29 13
34.41797 9.6796875 06 29 13
20.285156 10.2890625 06 29 13
20.285156 10.2890625 06 29 13
19.019531 11.2734375 06 29 13
19.019531 11.2734375 06 29 13
13.886719 4.9921875 06 29 14
24.785156 5.4609375 06 29 14
14.308594 5.6484375 06 29 14
25.136719 7.8515625 06 29 14
6.5742188 7.6640625 06 29 14
5.3789062 7.8984375 06 29 14
5.3789062 7.8984375 06 29 14
24.925781 8.6484375 06 29 14
16.558594 8.8828125 06 29 14
34.277344 9.4921875 06 29 14
31.675781 9.2578125 06 29 14
21.410156 10.2421875 06 29 14
36.38672 0.0234375 06 29 15
20.003906 6.6328125 06 29 15
11.003906 6.8671875 06 29 15
13.746094 7.1484375 06 29 15
19.371094 7.1484375 06 29 15
37.79297 7.3359375 06 29 15
11.847656 7.3359375 06 29 15
19.441406 7.7578125 06 29 15
23.308594 8.0859375 06 29 15
21.761719 9.0703125 06 29 15
13.113281 10.9921875 06 29 15
13.113281 10.9921875 06 29 15
8.050781 11.6015625 06 29 15
28.652344 -0.1171875 06 29 16
16.136719 4.9453125 06 29 16
6.9960938 13.1015625 06 29 16
25.066406 5.8359375 06 29 17
11.917969 8.1796875 06 29 17
23.449219 1.1015625 06 30 12
34.558594 1.2890625 06 30 12
34.558594 1.2890625 06 30 12
27.878906 2.4609375 06 30 12
37.160156 6.2578125 06 30 12
38.98828 6.8203125 06 30 12
35.61328 7.7109375 06 30 12
36.316406 7.8046875 06 30 12
25.769531 8.0859375 06 30 12
25.769531 8.0859375 06 30 12
38.214844 8.2734375 06 30 12
24.714844 8.8828125 06 30 12
35.54297 9.1171875 06 30 12
22.042969 9.3984375 06 30 12
23.238281 9.5390625 06 30 12
34.41797 10.2890625 06 30 12
4.4648438 9.8203125 06 30 12
4.4648438 9.8203125 06 30 12
34.48828 10.3359375 06 30 12
31.605469 10.7578125 06 30 12
28.933594 0.2109375 06 30 13
27.316406 1.8984375 06 30 13
24.714844 1.9921875 06 30 13
26.191406 2.7890625 06 30 13
24.925781 3.2578125 06 30 13
16.207031 3.7265625 06 30 13
15.363281 3.7734375 06 30 13
10.371094 5.1328125 06 30 13
12.902344 5.9765625 06 30 13
21.691406 7.4296875 06 30 13
18.667969 7.8515625 06 30 13
27.738281 8.5546875 06 30 13
8.964844 9.3046875 06 30 13
19.511719 8.6015625 06 30 13
19.089844 9.6796875 06 30 13
9.878906 9.7265625 06 30 13
8.894531 9.5390625 06 30 13
27.878906 10.5703125 06 30 13
9.878906 9.7265625 06 30 13
14.871094 10.6640625 06 30 13
14.871094 10.6640625 06 30 13
32.378906 10.8046875 06 30 13
15.996094 11.0390625 06 30 13
9.035156 11.4609375 06 30 13
11.214844 11.6015625 06 30 13
26.894531 0.5859375 06 30 14
32.941406 1.2890625 06 30 14
32.941406 1.2890625 06 30 14
29.425781 5.9296875 06 30 14
6.7851562 6.3046875 06 30 14
29.425781 5.9296875 06 30 14
6.7851562 6.3046875 06 30 14
29.355469 6.8671875 06 30 14
2.6367188 7.5234375 06 30 14
6.5742188 7.9921875 06 30 14
7.7695312 8.7421875 06 30 14
17.753906 9.0703125 06 30 14
12.199219 10.8984375 06 30 14
6.1523438 11.4140625 06 30 14
13.324219 11.9296875 06 30 14
13.675781 11.4609375 06 30 14
8.613281 11.6484375 06 30 14
25.628906 3.2578125 06 30 15
7.1367188 8.1796875 06 30 15
25.558594 9.4921875 06 30 15
6.4335938 10.3359375 06 30 15
3.6210938 11.0390625 06 30 15
2.4257812 11.7421875 06 30 15
6.0117188 11.7421875 06 30 15
6.4335938 12.6328125 06 30 15
6.4335938 12.6328125 06 30 15
25.488281 -32.554688 06 30 16
14.941406 5.6484375 06 30 16
31.324219 11.4609375 06 30 16
12.058594 2.8828125 06 30 17
16.769531 4.8984375 06 30 17
23.660156 5.6015625 06 30 17
5.0273438 14.1796875 06 30 17
5.0273438 14.1796875 06 30 17
13.605469 5.0390625 07 01 12
13.605469 5.0390625 07 01 12
7.2070312 5.9296875 07 01 12
6.8554688 6.6328125 07 01 12
38.98828 6.8671875 07 01 12
39.058594 6.8671875 07 01 12
37.722656 8.9296875 07 01 12
41.73047 9.3515625 07 01 12
29.425781 9.3046875 07 01 12
27.878906 9.7265625 07 01 12
27.808594 9.7265625 07 01 12
29.003906 9.7734375 07 01 12
27.316406 10.8515625 07 01 12
28.652344 11.0390625 07 01 12
33.996094 11.6953125 07 01 12
27.808594 -1.7109375 07 01 13
29.214844 3.6328125 07 01 13
10.019531 5.6484375 07 01 13
11.074219 6.9609375 07 01 13
11.988281 7.1953125 07 01 13
35.89453 7.9453125 07 01 13
35.89453 7.9453125 07 01 13
8.753906 9.9140625 07 01 13
27.667969 0.1640625 07 01 14
23.660156 0.5859375 07 01 14
23.589844 0.5859375 07 01 14
25.207031 0.6328125 07 01 14
24.503906 0.7265625 07 01 14
24.503906 0.7265625 07 01 14
27.878906 1.1953125 07 01 14
27.035156 1.0078125 07 01 14
28.652344 2.2734375 07 01 14
16.910156 2.5546875 07 01 14
10.652344 6.3046875 07 01 14
11.777344 8.3671875 07 01 14
25.277344 1.6640625 07 01 15
19.160156 6.4453125 07 01 15
19.160156 6.4453125 07 01 15
16.066406 7.4765625 07 01 15
8.824219 10.5234375 07 01 15
14.871094 11.5546875 07 01 15
13.253906 12.1171875 07 01 15
28.300781 -0.3515625 07 01 16
16.066406 3.2109375 07 01 16
16.628906 10.4765625 07 01 16
15.292969 10.8984375 07 01 16
3.4804688 10.7109375 07 01 16
18.316406 10.8515625 07 01 17
32.308594 11.6953125 07 01 17
6.2929688 12.8671875 07 01 17
6.2929688 12.8671875 07 01 17
27.105469 1.6171875 07 02 12
33.08203 3.8671875 07 02 12
32.097656 4.1484375 07 02 12
32.308594 4.7109375 07 02 12
32.44922 4.9453125 07 02 12
31.324219 5.9296875 07 02 12
16.347656 6.4453125 07 02 12
16.347656 6.4453125 07 02 12
31.324219 5.9296875 07 02 12
19.230469 7.3359375 07 02 12
16.347656 6.4453125 07 02 12
33.785156 7.6640625 07 02 12
14.800781 7.2421875 07 02 12
33.785156 7.6640625 07 02 12
29.355469 8.0859375 07 02 12
29.355469 8.0859375 07 02 12
29.355469 8.0859375 07 02 12
37.722656 8.7890625 07 02 12
29.917969 8.7421875 07 02 12
35.683594 11.3671875 07 02 12
33.85547 12.0703125 07 02 12
33.85547 12.0703125 07 02 12
22.464844 1.8515625 07 02 13
10.441406 6.3515625 07 02 13
10.441406 6.3515625 07 02 13
10.441406 6.3515625 07 02 13
10.441406 6.3515625 07 02 13
22.113281 11.2265625 07 02 13
31.464844 11.9765625 07 02 13
27.246094 0.1171875 07 02 14
24.925781 0.5859375 07 02 14
28.933594 0.8203125 07 02 14
26.753906 1.2890625 07 02 14
22.113281 0.9140625 07 02 14
24.082031 2.1796875 07 02 14
22.464844 5.6484375 07 02 14
8.964844 7.7578125 07 02 14
9.105469 9.4921875 07 02 14
19.300781 9.9140625 07 02 14
16.417969 11.6484375 07 02 14
16.417969 11.6484375 07 02 14
16.417969 11.6484375 07 02 14
14.589844 12.7734375 07 02 14
14.589844 12.7734375 07 02 14
21.199219 5.4140625 07 02 15
25.066406 6.8203125 07 02 15
23.308594 9.2578125 07 02 15
21.621094 10.8984375 07 02 15
10.441406 11.1328125 07 02 15
11.425781 11.1796875 07 02 15
11.425781 11.1796875 07 02 15
14.519531 12.5390625 07 02 15
7.8398438 7.4296875 07 02 16
5.5898438 8.0390625 07 02 16
12.128906 12.1640625 07 02 16
12.902344 12.7265625 07 02 16
33.996094 5.2734375 07 02 17
24.011719 10.1953125 07 02 17
7.6992188 12.2578125 07 02 17
7.0664062 12.9609375 07 02 17
20.355469 -1.9921875 07 03 12
20.355469 -1.9921875 07 03 12
20.285156 -1.5703125 07 03 12
23.589844 -1.6640625 07 03 12
28.792969 0.3515625 07 03 12
24.222656 0.3046875 07 03 12
21.761719 0.6328125 07 03 12
27.527344 1.1484375 07 03 12
24.714844 1.5234375 07 03 12
24.714844 1.5703125 07 03 12
36.94922 5.8359375 07 03 12
35.54297 6.3046875 07 03 12
35.54297 6.3046875 07 03 12
35.54297 6.3046875 07 03 12
37.01953 6.4453125 07 03 12
39.339844 6.6328125 07 03 12
14.871094 7.1953125 07 03 12
36.246094 7.1953125 07 03 12
36.316406 7.1953125 07 03 12
14.871094 7.1953125 07 03 12
39.339844 6.6796875 07 03 12
14.871094 7.1953125 07 03 12
37.160156 7.4765625 07 03 12
39.410156 6.8203125 07 03 12
12.761719 7.5703125 07 03 12
14.308594 7.8046875 07 03 12
37.160156 7.4765625 07 03 12
37.23047 7.4765625 07 03 12
12.761719 7.5703125 07 03 12
14.238281 7.8984375 07 03 12
14.238281 7.8984375 07 03 12
37.160156 8.2734375 07 03 12
13.394531 8.4140625 07 03 12
37.160156 8.2734375 07 03 12
38.214844 8.9296875 07 03 12
37.089844 10.8515625 07 03 12
37.160156 10.8515625 07 03 12
37.089844 10.8515625 07 03 12
37.089844 10.8515625 07 03 12
27.527344 -1.9921875 07 03 13
26.261719 0.3984375 07 03 13
39.058594 6.6328125 07 03 13
10.722656 6.5390625 07 03 13
10.722656 6.5390625 07 03 13
22.605469 7.9453125 07 03 13
12.902344 8.4140625 07 03 13
9.386719 9.6328125 07 03 13
13.675781 10.7578125 07 03 13
13.183594 11.2265625 07 03 13
13.183594 11.2734375 07 03 13
23.800781 12.1171875 07 03 13
14.871094 12.8203125 07 03 13
27.316406 -0.7734375 07 03 14
26.542969 1.9453125 07 03 14
26.542969 3.6796875 07 03 14
19.230469 8.8828125 07 03 14
38.98828 9.4453125 07 03 14
16.558594 11.8359375 07 03 14
8.894531 11.9765625 07 03 14
16.277344 12.5859375 07 03 14
27.527344 2.0859375 07 03 15
28.019531 2.6484375 07 03 15
7.6992188 6.0703125 07 03 15
14.238281 8.9765625 07 03 15
11.285156 11.5078125 07 03 15
25.980469 11.8828125 07 03 15
24.925781 12.0703125 07 03 15
7.0664062 12.1640625 07 03 15
6.2226562 12.7734375 07 03 15
23.589844 -0.2578125 07 03 16
6.7148438 8.0859375 07 03 16
9.597656 10.6640625 07 03 16
28.582031 5.3203125 07 03 17
43.066406 9.0703125 07 03 17
11.074219 10.5234375 07 03 17
27.808594 13.2421875 07 03 17
28.863281 13.3828125 07 03 17
18.035156 1.0546875 07 04 12
13.113281 1.5703125 07 04 12
18.035156 1.0546875 07 04 12
25.277344 2.8828125 07 04 12
13.324219 2.2265625 07 04 12
38.63672 7.1953125 07 04 12
6.5039062 6.8203125 07 04 12
14.238281 7.2421875 07 04 12
39.058594 7.3359375 07 04 12
12.199219 7.2421875 07 04 12
39.058594 7.3359375 07 04 12
31.324219 7.4765625 07 04 12
6.4335938 9.0234375 07 04 12
10.933594 8.5078125 07 04 12
31.816406 8.7890625 07 04 12
6.4335938 9.0234375 07 04 12
6.4335938 9.0234375 07 04 12
10.933594 8.5546875 07 04 12
23.027344 9.1171875 07 04 12
6.4335938 9.0234375 07 04 12
23.027344 9.1171875 07 04 12
37.160156 10.5703125 07 04 12
36.38672 10.9453125 07 04 12
37.089844 7.0546875 07 04 13
36.035156 11.9765625 07 04 13
23.589844 13.0546875 07 04 13
26.332031 -1.9453125 07 04 14
26.121094 -0.5859375 07 04 14
26.121094 -0.5859375 07 04 14
23.449219 0.3046875 07 04 14
23.449219 0.3046875 07 04 14
33.08203 2.4609375 07 04 14
8.683594 10.4296875 07 04 14
8.753906 10.4296875 07 04 14
22.042969 13.0546875 07 04 14
6.0117188 14.5078125 07 04 14
25.347656 -1.5703125 07 04 15
22.253906 0.3046875 07 04 15
22.605469 1.5234375 07 04 15
22.605469 1.5234375 07 04 15
20.214844 3.3046875 07 04 15
33.08203 13.7109375 07 04 15
6.7148438 14.0390625 07 04 15
34.69922 14.4609375 07 04 15
10.792969 14.6015625 07 04 15
25.558594 12.9140625 07 04 16
34.20703 13.6640625 07 04 16
34.20703 13.6640625 07 04 16
8.121094 14.4609375 07 04 16
19.933594 12.3046875 07 04 17
20.355469 3.1171875 07 05 12
24.292969 4.1015625 07 05 12
24.292969 4.1015625 07 05 12
19.652344 4.5234375 07 05 12
20.777344 4.5703125 07 05 12
29.496094 4.6640625 07 05 12
30.902344 4.6171875 07 05 12
21.972656 4.8046875 07 05 12
30.339844 5.3671875 07 05 12
29.566406 4.9453125 07 05 12
35.121094 6.3984375 07 05 12
37.86328 8.6953125 07 05 12
40.67578 8.9765625 07 05 12
14.730469 8.8359375 07 05 12
13.253906 9.3515625 07 05 12
30.269531 9.3046875 07 05 12
14.308594 10.0078125 07 05 12
32.589844 10.1953125 07 05 12
37.01953 13.2890625 07 05 12
19.582031 3.0234375 07 05 13
20.144531 3.3046875 07 05 13
29.988281 4.3359375 07 05 13
2.4257812 8.9296875 07 05 13
28.019531 13.0078125 07 05 13
19.933594 2.2734375 07 05 14
41.589844 8.7421875 07 05 14
8.894531 9.3515625 07 05 14
20.214844 9.9609375 07 05 14
23.730469 10.2421875 07 05 14
23.660156 10.2890625 07 05 14
25.417969 10.9453125 07 05 14
25.417969 10.9453125 07 05 14
18.246094 11.7421875 07 05 14
24.292969 12.3046875 07 05 14
18.246094 11.7890625 07 05 14
32.097656 15.3984375 07 05 14
26.964844 -1.8984375 07 05 15
22.324219 -1.3359375 07 05 15
22.324219 -1.3359375 07 05 15
11.425781 3.8203125 07 05 15
14.308594 3.7734375 07 05 15
21.972656 7.4765625 07 05 15
17.894531 9.0234375 07 05 15
22.957031 9.2578125 07 05 15
22.605469 9.9140625 07 05 15
17.472656 10.8515625 07 05 15
33.36328 14.7890625 07 05 15
21.480469 -3.0234375 07 05 16
19.160156 -0.9609375 07 05 16
16.839844 0.4921875 07 05 16
31.675781 3.9609375 07 05 16
22.324219 9.2109375 07 05 16
4.8164062 8.9765625 07 05 16
40.04297 9.4453125 07 05 16
7.4882812 13.6640625 07 05 16
7.4882812 13.6640625 07 05 16
23.378906 7.1015625 07 05 17
3.6914062 8.9296875 07 05 17
4.0429688 11.8828125 07 05 17
12.339844 12.0234375 07 05 17
27.175781 -2.1328125 07 06 12
27.105469 -0.8203125 07 06 12
27.105469 -0.8203125 07 06 12
36.66797 -0.3984375 07 06 12
19.160156 1.7578125 07 06 12
17.824219 1.8984375 07 06 12
25.136719 2.9296875 07 06 12
25.136719 2.9296875 07 06 12
19.160156 4.3359375 07 06 12
38.70703 6.1171875 07 06 12
34.98047 6.7265625 07 06 12
34.98047 6.7265625 07 06 12
35.61328 7.2421875 07 06 12
34.98047 6.7265625 07 06 12
19.300781 10.9453125 07 06 12
24.082031 13.1953125 07 06 12
15.785156 1.4765625 07 06 13
15.785156 1.5234375 07 06 13
14.519531 2.1796875 07 06 13
20.636719 2.2734375 07 06 13
18.457031 2.2734375 07 06 13
16.980469 3.3515625 07 06 13
18.246094 3.3984375 07 06 13
16.558594 4.4296875 07 06 13
18.457031 5.1796875 07 06 13
14.378906 7.2890625 07 06 13
39.19922 7.1953125 07 06 13
9.246094 9.5390625 07 06 13
9.246094 9.5390625 07 06 13
17.824219 10.5234375 07 06 13
8.613281 12.8203125 07 06 13
23.097656 3.7265625 07 06 14
23.097656 3.7265625 07 06 14
12.199219 7.2421875 07 06 14
14.238281 7.3359375 07 06 14
42.92578 8.9296875 07 06 14
2.7773438 9.8671875 07 06 14
1.8632812 10.1015625 07 06 14
16.347656 10.4765625 07 06 14
15.011719 11.2734375 07 06 14
15.785156 11.3671875 07 06 14
16.488281 11.5078125 07 06 14
7.1367188 12.5390625 07 06 14
14.800781 12.3046875 07 06 14
16.699219 12.4453125 07 06 14
7.1367188 12.5390625 07 06 14
16.699219 12.4453125 07 06 14
22.816406 12.6328125 07 06 14
13.605469 13.1484375 07 06 14
14.027344 13.8984375 07 06 14
13.816406 13.8984375 07 06 14
15.011719 14.1328125 07 06 14
13.816406 13.8984375 07 06 14
15.082031 -0.6328125 07 06 15
15.082031 -0.6328125 07 06 15
18.808594 3.6328125 07 06 15
12.410156 3.7265625 07 06 15
10.230469 5.9765625 07 06 15
10.230469 5.9765625 07 06 15
10.722656 6.4453125 07 06 15
12.269531 7.2890625 07 06 15
15.855469 7.4296875 07 06 15
12.128906 8.3671875 07 06 15
7.6992188 9.1640625 07 06 15
29.847656 10.0546875 07 06 15
13.886719 12.2578125 07 06 15
13.886719 12.2578125 07 06 15
8.824219 12.6796875 07 06 15
17.964844 12.8203125 07 06 15
16.277344 13.4296875 07 06 15
16.136719 13.4296875 07 06 15
33.433594 14.8359375 07 06 15
33.433594 14.8359375 07 06 15
14.238281 14.9765625 07 06 15
19.089844 -0.3046875 07 06 16
19.089844 -0.3046875 07 06 16
4.2539062 10.1484375 07 06 16
8.964844 11.0859375 07 06 16
13.394531 12.2578125 07 06 16
5.9414062 12.4921875 07 06 16
6.7148438 13.4765625 07 06 16
16.558594 -2.0390625 07 07 12
17.332031 -0.3046875 07 07 12
15.082031 0.0703125 07 07 12
25.699219 0.5859375 07 07 12
17.332031 1.1015625 07 07 12
33.01172 1.6640625 07 07 12
16.347656 2.5546875 07 07 12
16.277344 2.7421875 07 07 12
15.363281 3.2109375 07 07 12
14.871094 4.1015625 07 07 12
24.855469 3.7734375 07 07 12
29.777344 4.8046875 07 07 12
14.589844 4.4296875 07 07 12
13.886719 5.2734375 07 07 12
27.527344 6.1640625 07 07 12
27.527344 6.1640625 07 07 12
37.86328 7.1953125 07 07 12
36.878906 7.4296875 07 07 12
36.878906 7.4296875 07 07 12
37.933594 8.6484375 07 07 12
37.933594 8.6484375 07 07 12
9.527344 9.2109375 07 07 12
32.027344 8.6953125 07 07 12
7.5585938 9.4453125 07 07 12
12.480469 10.1015625 07 07 12
7.5585938 9.4453125 07 07 12
39.55078 9.7265625 07 07 12
8.542969 9.5859375 07 07 12
7.9804688 10.0546875 07 07 12
9.808594 10.6640625 07 07 12
9.808594 10.6640625 07 07 12
9.808594 10.6640625 07 07 12
9.808594 10.6640625 07 07 12
8.050781 11.3203125 07 07 12
12.339844 10.8046875 07 07 12
8.050781 11.3203125 07 07 12
8.050781 11.3203125 07 07 12
8.050781 11.3203125 07 07 12
7.2070312 11.7890625 07 07 12
29.847656 13.9453125 07 07 12
23.871094 -1.5703125 07 07 13
25.839844 1.4296875 07 07 13
25.558594 1.4296875 07 07 13
25.769531 1.4296875 07 07 13
25.839844 1.4296875 07 07 13
22.464844 3.6328125 07 07 13
26.261719 5.1796875 07 07 13
20.988281 5.3203125 07 07 13
20.988281 5.3203125 07 07 13
22.324219 5.6953125 07 07 13
20.988281 5.3203125 07 07 13
22.324219 5.6953125 07 07 13
7.6289062 7.7109375 07 07 13
21.339844 8.2265625 07 07 13
21.339844 8.2265625 07 07 13
19.863281 8.7890625 07 07 13
18.808594 10.3828125 07 07 13
6.5039062 10.3359375 07 07 13
18.808594 11.7890625 07 07 13
33.01172 14.4140625 07 07 13
35.753906 14.5078125 07 07 13
33.01172 14.4140625 07 07 13
22.675781 -1.3359375 07 07 14
25.417969 -1.1953125 07 07 14
25.417969 -1.1953125 07 07 14
23.167969 1.6171875 07 07 14
21.480469 2.1796875 07 07 14
26.542969 2.3203125 07 07 14
23.589844 2.4609375 07 07 14
23.378906 3.1171875 07 07 14
25.347656 3.8203125 07 07 14
22.535156 4.4765625 07 07 14
15.503906 4.8515625 07 07 14
21.761719 5.1796875 07 07 14
25.136719 5.4609375 07 07 14
25.136719 5.4609375 07 07 14
25.136719 5.4609375 07 07 14
26.472656 6.3984375 07 07 14
29.425781 5.7421875 07 07 14
20.777344 6.5859375 07 07 14
26.472656 6.3984375 07 07 14
26.472656 6.3984375 07 07 14
6.2226562 7.9921875 07 07 14
21.761719 9.2578125 07 07 14
23.519531 12.4921875 07 07 14
22.324219 12.7734375 07 07 14
35.54297 14.6953125 07 07 14
7.1367188 16.804688 07 07 14
8.824219 17.695312 07 07 14
21.410156 -0.1640625 07 07 15
26.332031 0.3046875 07 07 15
16.910156 6.0234375 07 07 15
5.2382812 11.8828125 07 07 15
10.722656 14.4140625 07 07 15
10.511719 15.5390625 07 07 15
21.832031 -2.8359375 07 07 16
14.730469 -0.9140625 07 07 16
15.503906 0.4453125 07 07 16
11.003906 4.7109375 07 07 16
11.003906 4.7109375 07 07 16
16.910156 12.9140625 07 07 16
16.207031 13.8046875 07 07 16
10.230469 14.2734375 07 07 16
21.410156 -3.2109375 07 07 17
6.7148438 6.5859375 07 07 17
6.7148438 6.5859375 07 07 17
3.6914062 7.5234375 07 07 17
4.5351562 8.9296875 07 07 17
3.8320312 11.2265625 07 07 17
3.8320312 11.2265625 07 07 17
3.1289062 13.5703125 07 07 17
18.527344 3.7265625 07 08 12
17.964844 4.8984375 07 08 12
39.26953 8.8828125 07 08 12
18.878906 9.5859375 07 08 12
28.511719 9.2109375 07 08 12
28.792969 9.3984375 07 08 12
22.042969 9.8671875 07 08 12
21.621094 9.9609375 07 08 12
2.0039062 11.3203125 07 08 12
3.4804688 11.4609375 07 08 12
23.730469 12.8671875 07 08 12
11.566406 3.8671875 07 08 13
42.08203 9.4453125 07 08 13
42.08203 9.4453125 07 08 13
11.777344 10.8046875 07 08 13
9.527344 11.5546875 07 08 13
11.777344 10.8046875 07 08 13
12.550781 11.3671875 07 08 13
24.644531 -1.5703125 07 08 14
15.785156 1.5234375 07 08 14
15.785156 1.5234375 07 08 14
13.816406 3.6328125 07 08 14
13.605469 4.8515625 07 08 14
12.199219 8.3671875 07 08 14
43.347656 9.0703125 07 08 14
14.730469 12.3046875 07 08 14
12.339844 11.6953125 07 08 14
13.886719 12.3984375 07 08 14
14.589844 12.3515625 07 08 14
14.730469 12.3046875 07 08 14
18.246094 13.0078125 07 08 14
18.878906 12.3984375 07 08 14
18.878906 12.3984375 07 08 14
17.894531 13.1015625 07 08 14
18.246094 13.0546875 07 08 14
16.488281 13.1484375 07 08 14
17.824219 13.1484375 07 08 14
7.6992188 13.7578125 07 08 14
15.996094 13.9921875 07 08 14
8.332031 14.6484375 07 08 14
6.2226562 14.6953125 07 08 14
5.7304688 15.5390625 07 08 14
7.7695312 15.5390625 07 08 14
23.097656 -2.6015625 07 08 15
23.097656 -2.6015625 07 08 15
24.152344 -1.7578125 07 08 15
23.519531 0.2109375 07 08 15
6.8554688 6.5859375 07 08 15
4.1835938 7.8515625 07 08 15
5.3085938 7.8046875 07 08 15
5.1679688 8.4140625 07 08 15
8.472656 10.5703125 07 08 15
25.558594 11.7890625 07 08 15
29.847656 12.4453125 07 08 15
10.652344 13.1484375 07 08 15
14.167969 13.6640625 07 08 15
8.261719 13.3828125 07 08 15
7.4882812 14.2265625 07 08 15
35.89453 10.2421875 07 08 16
15.996094 -2.1796875 07 08 17
20.074219 2.8828125 07 08 17
26.191406 10.5703125 07 08 17
6.9960938 15.1640625 07 08 17
21.761719 4.1015625 07 09 12
9.597656 7.7109375 07 09 12
28.511719 8.4609375 07 09 12
37.722656 10.3359375 07 09 12
36.66797 10.8984375 07 09 12
14.660156 7.0546875 07 09 13
14.660156 7.0546875 07 09 13
24.433594 8.8359375 07 09 13
41.80078 9.0703125 07 09 13
23.800781 9.7265625 07 09 13
21.128906 10.3828125 07 09 13
21.832031 11.1796875 07 09 13
21.832031 11.1796875 07 09 13
24.644531 12.7265625 07 09 13
23.800781 -5.6953125 07 09 14
23.800781 -5.6953125 07 09 14
24.433594 -4.8046875 07 09 14
24.503906 -4.6171875 07 09 14
24.503906 -4.5234375 07 09 14
26.894531 -3.6796875 07 09 14
14.800781 9.7265625 07 09 14
23.027344 9.3515625 07 09 14
14.800781 9.7265625 07 09 14
14.800781 9.7265625 07 09 14
19.371094 10.8046875 07 09 14
15.082031 11.5078125 07 09 14
29.496094 13.2890625 07 09 14
30.832031 14.2734375 07 09 14
33.785156 15.0703125 07 09 14
23.378906 -2.6484375 07 09 15
24.714844 -2.5078125 07 09 15
24.714844 -2.5078125 07 09 15
24.714844 -2.5078125 07 09 15
25.066406 -2.0390625 07 09 15
21.761719 6.6796875 07 09 15
22.535156 7.0546875 07 09 15
23.871094 8.4609375 07 09 15
4.8164062 8.1796875 07 09 15
26.050781 8.9296875 07 09 15
19.089844 12.5859375 07 09 15
24.433594 -0.0234375 07 09 16
26.753906 0.7734375 07 09 16
13.605469 11.7890625 07 09 16
25.839844 -0.1640625 07 09 17
25.839844 -0.1640625 07 09 17
25.628906 0.2578125 07 09 17
17.613281 10.5703125 07 09 17
4.3242188 11.7421875 07 09 17
9.105469 13.6640625 07 09 17
10.441406 14.2734375 07 09 17
9.316406 13.8515625 07 09 17
26.613281 8.6015625 07 10 12
13.324219 8.6015625 07 10 12
13.535156 8.7890625 07 10 12
25.769531 8.5546875 07 10 12
25.699219 8.6015625 07 10 12
31.746094 10.8515625 07 10 12
5.7304688 11.6015625 07 10 12
30.832031 11.4609375 07 10 12
31.253906 11.4609375 07 10 12
3.7617188 12.4921875 07 10 12
12.199219 12.2109375 07 10 12
36.66797 12.3984375 07 10 12
36.527344 12.3984375 07 10 12
24.082031 -5.4140625 07 10 13
12.550781 11.2734375 07 10 13
24.152344 13.0078125 07 10 13
12.410156 12.6328125 07 10 13
21.269531 13.8046875 07 10 13
19.300781 13.7578125 07 10 13
21.269531 13.8046875 07 10 13
24.785156 -5.4140625 07 10 14
25.347656 -4.7578125 07 10 14
24.433594 -4.2890625 07 10 14
25.558594 -4.1953125 07 10 14
23.660156 0.1171875 07 10 14
23.519531 0.9609375 07 10 14
24.714844 6.9140625 07 10 14
29.425781 11.0859375 07 10 14
10.230469 11.5078125 07 10 14
29.355469 11.1328125 07 10 14
27.246094 11.8828125 07 10 14
10.230469 11.5078125 07 10 14
27.246094 11.8828125 07 10 14
8.472656 12.3984375 07 10 14
28.511719 12.9609375 07 10 14
26.542969 -3.6328125 07 10 15
26.964844 10.6640625 07 10 15
7.3476562 11.9765625 07 10 15
8.683594 12.2578125 07 10 15
10.089844 12.6328125 07 10 15
9.386719 13.5234375 07 10 15
22.113281 -4.9453125 07 10 16
28.160156 -2.2265625 07 10 16
21.691406 -2.1328125 07 10 17
24.644531 9.8203125 07 10 17
5.5898438 10.2421875 07 10 17
27.457031 -3.2578125 07 11 12
27.457031 -3.2578125 07 11 12
28.792969 -0.5390625 07 11 12
26.542969 0.7734375 07 11 12
26.542969 0.7734375 07 11 12
40.464844 9.7734375 07 11 12
41.378906 10.5703125 07 11 12
41.378906 10.5703125 07 11 12
29.847656 10.9453125 07 11 12
40.535156 11.5078125 07 11 12
29.847656 10.9921875 07 11 12
29.214844 11.8828125 07 11 12
29.214844 11.8828125 07 11 12
41.308594 11.9296875 07 11 12
39.972656 11.4140625 07 11 12
26.894531 -3.7734375 07 11 13
28.441406 -2.3203125 07 11 13
28.441406 -2.3203125 07 11 13
28.300781 -1.2421875 07 11 13
25.277344 -6.5390625 07 11 14
28.933594 -0.0234375 07 11 14
28.933594 -0.0234375 07 11 14
9.105469 10.0078125 07 11 14
9.105469 10.0078125 07 11 14
24.644531 10.4296875 07 11 14
9.527344 11.1328125 07 11 14
24.503906 -3.7734375 07 11 15
20.636719 3.8671875 07 11 15
27.246094 10.4765625 07 11 15
27.105469 10.5234375 07 11 15
19.230469 10.3359375 07 11 15
10.371094 10.6171875 07 11 15
11.214844 10.9453125 07 11 15
9.597656 12.4921875 07 11 15
9.878906 13.8046875 07 11 15
31.605469 13.9453125 07 11 15
31.605469 13.9453125 07 11 15
19.863281 14.4609375 07 11 15
20.003906 -0.9609375 07 11 16
9.175781 13.0078125 07 11 16
10.511719 14.7890625 07 11 16
19.933594 -0.9609375 07 11 17
6.2226562 9.6328125 07 11 17
20.003906 10.8984375 07 11 17
19.019531 -4.7578125 07 12 12
20.425781 -4.6640625 07 12 12
20.425781 -4.6640625 07 12 12
20.425781 -4.6640625 07 12 12
20.847656 -4.0078125 07 12 12
20.777344 -4.3359375 07 12 12
20.566406 -4.5703125 07 12 12
19.722656 -4.1953125 07 12 12
20.636719 -4.4765625 07 12 12
20.636719 -4.4765625 07 12 12
21.339844 -4.2421875 07 12 12
16.488281 7.0078125 07 12 12
32.660156 9.2578125 07 12 12
34.20703 9.8203125 07 12 12
22.113281 10.5703125 07 12 12
34.910156 13.8515625 07 12 12
34.910156 13.8515625 07 12 12
34.98047 15.3984375 07 12 12
14.238281 17.085938 07 12 12
13.886719 18.164062 07 12 12
13.886719 18.164062 07 12 12
13.886719 18.164062 07 12 12
9.035156 9.9140625 07 12 13
9.035156 9.9140625 07 12 13
19.511719 10.4296875 07 12 13
13.746094 10.7578125 07 12 13
19.160156 10.6640625 07 12 13
16.207031 13.8515625 07 12 13
16.207031 13.8515625 07 12 13
9.175781 11.0390625 07 12 14
17.402344 11.7890625 07 12 14
16.207031 11.6953125 07 12 14
10.300781 14.9296875 07 12 14
17.332031 14.9296875 07 12 14
7.4179688 11.7421875 07 12 15
19.160156 9.3515625 07 12 16
30.269531 11.6953125 07 12 16
21.199219 13.2421875 07 12 16
17.964844 13.1484375 07 12 16
1.8632812 14.9765625 07 12 16
2.9179688 15.3984375 07 12 16
22.886719 -6.9140625 07 12 17
7.0664062 15.5390625 07 12 17
7.0664062 15.5390625 07 12 17
5.5898438 15.5390625 07 12 17
4.3945312 15.8203125 07 12 17
4.3945312 15.8203125 07 12 17
12.269531 7.3828125 07 13 12
12.269531 7.3828125 07 13 12
12.269531 7.3828125 07 13 12
12.199219 7.4765625 07 13 12
12.550781 8.6484375 07 13 12
12.902344 10.1015625 07 13 12
8.894531 9.7734375 07 13 12
12.902344 10.1015625 07 13 12
8.894531 9.7734375 07 13 12
8.964844 10.9453125 07 13 12
30.550781 11.1796875 07 13 12
31.464844 12.2578125 07 13 12
34.347656 14.9765625 07 13 12
34.347656 14.9765625 07 13 12
21.199219 3.5859375 07 13 13
17.402344 7.5703125 07 13 13
31.394531 9.9140625 07 13 13
8.753906 17.789062 07 13 13
19.441406 3.1171875 07 13 14
18.738281 3.9609375 07 13 14
20.214844 3.3984375 07 13 14
20.988281 3.6796875 07 13 14
18.949219 4.1015625 07 13 14
20.214844 3.3984375 07 13 14
20.988281 3.6796875 07 13 14
24.082031 6.6328125 07 13 14
26.542969 7.1484375 07 13 14
27.035156 8.0390625 07 13 14
22.535156 9.3984375 07 13 14
24.574219 9.6328125 07 13 14
23.871094 9.9140625 07 13 14
7.0664062 10.7578125 07 13 14
19.160156 10.7109375 07 13 14
10.089844 14.0390625 07 13 14
10.160156 14.6953125 07 13 14
11.285156 15.8671875 07 13 14
9.386719 16.898438 07 13 14
14.519531 17.460938 07 13 14
7.0664062 7.5234375 07 13 15
19.933594 10.6171875 07 13 15
18.738281 10.6171875 07 13 15
7.2773438 13.0078125 07 13 15
28.511719 13.2890625 07 13 15
7.9804688 14.0390625 07 13 15
34.910156 14.4140625 07 13 15
6.0820312 16.101562 07 13 15
14.378906 2.8828125 07 13 16
20.285156 9.2109375 07 13 17
24.292969 11.2734375 07 13 17
24.292969 11.2734375 07 13 17
24.785156 -2.2734375 07 14 12
24.785156 -2.2734375 07 14 12
26.402344 -0.8203125 07 14 12
12.339844 2.8828125 07 14 12
12.339844 2.8828125 07 14 12
15.152344 4.2421875 07 14 12
6.5039062 9.5859375 07 14 12
5.0976562 10.1953125 07 14 12
9.035156 9.3046875 07 14 12
39.058594 10.5703125 07 14 12
31.675781 11.4609375 07 14 12
30.339844 12.1171875 07 14 12
33.08203 11.9296875 07 14 12
3.4804688 12.7734375 07 14 12
2.8476562 16.335938 07 14 12
21.691406 -3.7265625 07 14 13
17.753906 4.0078125 07 14 13
16.207031 4.8515625 07 14 13
6.2929688 7.9921875 07 14 13
6.4335938 8.0859375 07 14 13
9.457031 8.3203125 07 14 13
21.058594 9.4453125 07 14 13
20.285156 9.6796875 07 14 13
20.285156 9.6796875 07 14 13
6.8554688 10.1484375 07 14 13
8.683594 10.1953125 07 14 13
6.8554688 10.1484375 07 14 13
30.199219 13.7578125 07 14 13
5.1679688 15.1640625 07 14 13
7.3476562 17.414062 07 14 13
20.214844 -3.5390625 07 14 14
13.957031 1.7109375 07 14 14
14.027344 2.2734375 07 14 14
14.238281 5.6015625 07 14 14
13.324219 5.9296875 07 14 14
16.417969 10.1484375 07 14 14
4.6757812 17.132812 07 14 14
5.0273438 17.929688 07 14 14
18.035156 -4.2421875 07 14 15
15.152344 -2.0390625 07 14 15
15.011719 -1.6640625 07 14 15
15.152344 -2.0390625 07 14 15
20.144531 -1.1015625 07 14 15
18.527344 -0.3046875 07 14 15
25.136719 0.5390625 07 14 15
12.339844 6.9609375 07 14 15
16.980469 7.2421875 07 14 15
29.074219 13.2421875 07 14 15
4.4648438 17.367188 07 14 15
16.136719 -1.1015625 07 14 16
14.449219 6.7734375 07 14 16
14.308594 6.7734375 07 14 16
13.957031 10.9453125 07 14 16
13.957031 10.9453125 07 14 16
8.261719 11.4609375 07 14 16
6.2929688 12.0703125 07 14 16
11.707031 11.7890625 07 14 16
6.2929688 12.0703125 07 14 16
13.816406 12.3046875 07 14 16
12.128906 12.8671875 07 14 16
6.2929688 15.7265625 07 14 16
1.5117188 17.695312 07 14 16
1.5117188 17.695312 07 14 16
34.277344 3.9140625 07 15 12
34.277344 3.9140625 07 15 12
35.472656 5.5078125 07 15 12
35.54297 5.6015625 07 15 12
11.074219 9.0703125 07 15 12
12.761719 8.5078125 07 15 12
9.175781 9.3984375 07 15 12
9.246094 9.3984375 07 15 12
9.246094 9.3984375 07 15 12
30.199219 10.1953125 07 15 12
8.824219 10.8515625 07 15 12
8.824219 10.8515625 07 15 12
30.199219 10.1953125 07 15 12
30.691406 12.2109375 07 15 13
30.691406 12.2109375 07 15 13
31.253906 12.5859375 07 15 13
2.8476562 7.8515625 07 15 14
14.167969 10.8046875 07 15 14
30.339844 11.1328125 07 15 14
8.683594 13.0546875 07 15 14
7.0664062 15.5390625 07 15 14
12.621094 2.5078125 07 15 15
22.675781 9.6328125 07 15 15
1.6523438 10.5703125 07 15 15
14.730469 13.2421875 07 15 15
12.761719 13.4296875 07 15 15
11.847656 13.8515625 07 15 15
8.332031 14.0859375 07 15 15
8.332031 14.0859375 07 15 15
6.1523438 14.6015625 07 15 15
11.214844 14.6484375 07 15 15
11.214844 14.6484375 07 15 15
5.3789062 15.3515625 07 15 15
5.3789062 15.3515625 07 15 15
5.3789062 15.3515625 07 15 15
5.0273438 8.0390625 07 15 16
7.3476562 7.7109375 07 15 16
5.0273438 8.0390625 07 15 16
16.488281 10.1953125 07 15 16
14.519531 11.8828125 07 15 16
12.550781 12.0234375 07 15 16
1.4414062 18.679688 07 15 16
3.9023438 7.8046875 07 15 17
16.347656 11.0390625 07 15 17
33.64453 5.8359375 07 16 12
14.519531 7.2421875 07 16 12
22.675781 8.9296875 07 16 12
26.261719 8.5078125 07 16 12
22.675781 8.9296875 07 16 12
26.050781 10.0546875 07 16 12
24.222656 10.2421875 07 16 12
26.050781 10.0546875 07 16 12
2.0039062 10.1015625 07 16 12
2.7773438 10.8515625 07 16 12
15.855469 7.3828125 07 16 13
25.207031 7.4296875 07 16 13
15.855469 7.3828125 07 16 13
25.207031 7.4296875 07 16 13
5.2382812 8.1328125 07 16 13
23.871094 8.1328125 07 16 13
5.2382812 8.1328125 07 16 13
40.816406 11.8828125 07 16 13
30.621094 13.1015625 07 16 13
15.292969 5.7890625 07 16 14
5.9414062 7.7578125 07 16 14
1.9335938 7.9453125 07 16 14
5.5898438 12.1171875 07 16 14
24.152344 12.2578125 07 16 14
31.042969 12.2578125 07 16 14
15.785156 10.1953125 07 16 15
15.785156 9.3984375 07 16 15
10.019531 9.8203125 07 16 15
9.597656 9.5859375 07 16 15
10.019531 9.8203125 07 16 15
19.441406 9.9140625 07 16 15
15.785156 10.1953125 07 16 15
15.785156 10.1953125 07 16 15
14.167969 10.6640625 07 16 15
14.167969 10.6640625 07 16 15
18.386719 10.9921875 07 16 15
19.300781 11.1796875 07 16 15
24.011719 13.3359375 07 16 15
5.0273438 9.0703125 07 16 16
30.058594 11.8828125 07 16 16
7.5585938 11.9296875 07 16 16
4.6054688 14.5078125 07 16 16
7.2070312 15.3046875 07 16 16
5.0273438 15.7265625 07 16 16
1.8632812 16.476562 07 16 16
9.316406 11.2734375 07 16 17
10.371094 6.1640625 07 17 12
9.808594 9.6328125 07 17 12
28.652344 8.7890625 07 17 12
28.582031 9.4453125 07 17 12
27.808594 9.9609375 07 17 12
9.808594 9.6328125 07 17 12
26.191406 9.9609375 07 17 12
31.113281 12.2578125 07 17 12
10.019531 5.7890625 07 17 13
14.449219 5.6015625 07 17 13
24.363281 6.5390625 07 17 14
22.957031 8.6953125 07 17 14
31.042969 9.6328125 07 17 14
31.605469 11.4140625 07 17 14
23.097656 12.9609375 07 17 14
22.113281 13.4765625 07 17 14
3.5507812 17.789062 07 17 14
12.480469 8.2734375 07 17 15
7.2070312 8.7421875 07 17 15
24.855469 10.7109375 07 17 15
18.808594 11.8828125 07 17 15
18.808594 11.8828125 07 17 15
24.082031 12.2109375 07 17 15
20.285156 6.4921875 07 17 16
7.5585938 7.0546875 07 17 16
7.5585938 7.0546875 07 17 16
6.3632812 8.5078125 07 17 16
5.0976562 9.0234375 07 17 16
1.6523438 9.4921875 07 17 16
4.6054688 9.6328125 07 17 16
7.4179688 10.4765625 07 17 16
7.6992188 11.4609375 07 17 16
34.76953 12.9140625 07 17 16
7.8398438 5.7890625 07 17 17
7.8398438 5.7890625 07 17 17
20.355469 9.2578125 07 17 17
20.355469 9.3046875 07 17 17
20.355469 9.3046875 07 17 17
19.019531 9.9609375 07 17 17
32.16797 10.5234375 07 17 17
8.613281 10.5234375 07 17 17
10.511719 11.9765625 07 17 17
34.76953 13.6640625 07 17 17
7.6289062 14.7890625 07 17 17
5.3789062 14.9296875 07 17 17
4.7460938 15.7734375 07 17 17
3.9726562 15.8203125 07 17 17
14.800781 8.9296875 07 18 12
14.097656 9.2109375 07 18 12
41.16797 9.2109375 07 18 12
41.097656 9.3515625 07 18 12
41.097656 9.3515625 07 18 12
32.308594 11.3671875 07 18 12
17.332031 12.2109375 07 18 12
30.832031 14.7421875 07 18 12
11.988281 7.1953125 07 18 13
14.238281 10.5703125 07 18 13
37.371094 15.7265625 07 18 13
8.894531 9.8203125 07 18 14
8.894531 9.8203125 07 18 14
30.410156 10.5703125 07 18 14
5.5898438 9.8203125 07 18 15
25.417969 10.4765625 07 18 15
5.8007812 10.4765625 07 18 15
11.847656 11.3671875 07 18 15
11.917969 11.4140625 07 18 15
35.82422 18.304688 07 18 15
5.3085938 8.2265625 07 18 16
26.613281 9.1640625 07 18 16
4.3242188 9.3046875 07 18 16
12.621094 12.5390625 07 18 17
20.355469 12.3984375 07 18 17
12.621094 12.5390625 07 18 17
33.222656 3.9609375 07 19 12
6.5742188 7.4765625 07 19 12
41.027344 8.4609375 07 19 12
27.527344 10.2890625 07 19 12
27.527344 10.2890625 07 19 12
27.527344 10.2890625 07 19 12
27.175781 10.8515625 07 19 12
31.535156 12.3046875 07 19 12
29.707031 11.8359375 07 19 12
23.449219 12.5390625 07 19 13
23.449219 12.9609375 07 19 13
23.449219 12.9609375 07 19 13
22.253906 12.9609375 07 19 13
23.449219 12.9609375 07 19 13
23.519531 13.0078125 07 19 13
12.832031 7.8515625 07 19 15
20.566406 12.4453125 07 19 15
18.949219 6.2109375 07 19 16
12.550781 2.0390625 07 19 17
39.26953 9.2578125 07 20 12
39.26953 9.2578125 07 20 12
39.26953 9.2578125 07 20 12
37.441406 8.8359375 07 20 12
23.449219 9.4453125 07 20 12
37.441406 8.8359375 07 20 12
40.816406 9.3515625 07 20 12
40.816406 9.3515625 07 20 12
23.519531 9.8203125 07 20 12
36.878906 12.6328125 07 20 12
36.878906 12.6328125 07 20 12
33.996094 3.4453125 07 20 13
8.683594 5.9765625 07 20 13
24.996094 9.5390625 07 20 13
24.011719 12.8203125 07 20 13
32.589844 5.8828125 07 20 15
32.589844 5.8828125 07 20 15
14.519531 13.8515625 07 20 15
14.589844 13.8515625 07 20 15
8.261719 17.273438 07 20 15
7.8398438 6.3515625 07 20 16
12.058594 13.2421875 07 20 16
12.550781 13.1953125 07 20 16
21.550781 14.3671875 07 20 16
21.550781 14.3671875 07 20 16
8.121094 18.445312 07 20 16
8.121094 18.445312 07 20 16
9.246094 11.0390625 07 20 17
9.246094 13.8515625 07 20 17
9.246094 13.8515625 07 20 17
9.667969 14.1796875 07 20 17
11.566406 9.0703125 07 21 12
13.042969 9.4453125 07 21 12
11.636719 9.1171875 07 21 12
13.042969 9.4453125 07 21 12
11.355469 9.7734375 07 21 12
13.042969 9.4453125 07 21 12
41.23828 10.8515625 07 21 12
23.589844 13.8515625 07 21 12
14.238281 7.1015625 07 21 13
11.988281 7.2421875 07 21 13
23.097656 12.4453125 07 21 13
28.792969 -0.1640625 07 21 14
15.433594 7.0078125 07 21 14
15.433594 7.0078125 07 21 14
15.503906 7.0078125 07 21 14
15.433594 7.0078125 07 21 14
15.433594 7.0078125 07 21 14
20.566406 9.0703125 07 21 14
19.230469 10.0078125 07 21 14
31.816406 11.0859375 07 21 14
31.816406 11.0859375 07 21 14
7.7695312 6.6796875 07 21 15
7.7695312 6.7265625 07 21 15
9.738281 10.9921875 07 21 15
19.582031 11.0859375 07 21 15
24.574219 14.6484375 07 21 15
8.472656 5.8828125 07 21 16
2.0039062 9.5859375 07 21 16
32.80078 10.5703125 07 21 16
14.238281 12.4921875 07 21 16
2.5664062 16.335938 07 21 16
2.5664062 16.335938 07 21 16
6.7851562 16.289062 07 21 17
17.050781 9.9140625 07 22 12
17.472656 9.3984375 07 22 12
16.136719 10.2890625 07 22 12
34.41797 9.6328125 07 22 12
34.41797 9.6328125 07 22 12
31.957031 10.6171875 07 22 12
16.136719 10.2890625 07 22 12
15.222656 11.9765625 07 22 12
15.292969 12.1171875 07 22 12
16.136719 13.8046875 07 22 12
16.136719 13.8046875 07 22 12
26.261719 15.3515625 07 22 13
23.449219 12.3046875 07 22 14
35.402344 14.9296875 07 22 14
8.542969 9.7734375 07 22 15
8.542969 9.7734375 07 22 15
18.949219 14.6015625 07 22 15
19.019531 14.6015625 07 22 15
20.214844 15.3984375 07 22 15
29.074219 0.1171875 07 22 16
1.9335938 7.8515625 07 22 16
20.214844 9.6796875 07 22 16
22.113281 14.4140625 07 22 17
30.902344 15.7265625 07 22 17
28.863281 -0.2109375 07 23 12
28.863281 -0.2109375 07 23 12
25.699219 10.8515625 07 23 12
26.542969 9.6328125 07 23 12
41.660156 10.4296875 07 23 12
41.660156 10.4296875 07 23 12
18.597656 10.2890625 07 23 12
21.199219 9.9609375 07 23 12
21.339844 10.0078125 07 23 12
21.058594 9.9609375 07 23 12
25.699219 10.8984375 07 23 12
21.410156 10.0078125 07 23 12
25.628906 10.8984375 07 23 12
26.261719 11.0390625 07 23 12
26.191406 11.0859375 07 23 12
25.488281 10.4296875 07 23 12
40.746094 11.0859375 07 23 12
25.769531 10.9921875 07 23 12
25.488281 11.7421875 07 23 12
37.160156 11.3671875 07 23 12
10.792969 12.8671875 07 23 12
8.753906 13.2890625 07 23 12
34.41797 12.8671875 07 23 12
34.20703 12.9140625 07 23 12
8.402344 13.4765625 07 23 12
33.433594 13.9453125 07 23 12
30.199219 13.6171875 07 23 13
7.7695312 7.4765625 07 23 14
5.3789062 8.3203125 07 23 14
26.613281 15.3515625 07 23 14
23.800781 14.2265625 07 23 15
23.871094 14.2734375 07 23 15
24.574219 -0.9140625 07 23 16
21.199219 13.5703125 07 23 16
31.535156 13.8984375 07 23 16
5.4492188 14.5546875 07 23 16
2.2851562 14.4140625 07 23 16
2.2851562 14.4140625 07 23 16
21.972656 14.7421875 07 23 16
2.2851562 14.4140625 07 23 16
18.527344 15.3046875 07 23 16
19.582031 15.5390625 07 23 16
20.285156 15.7265625 07 23 16
2.9882812 14.0390625 07 23 17
3.6210938 13.6640625 07 23 17
3.6210938 13.6640625 07 23 17
16.910156 10.3359375 07 24 12
41.027344 9.1640625 07 24 12
41.027344 9.1640625 07 24 12
31.253906 9.0703125 07 24 12
3.4101562 11.0859375 07 24 12
3.9726562 11.1796875 07 24 12
3.0585938 12.1171875 07 24 12
40.32422 12.4921875 07 24 12
10.652344 6.4453125 07 24 13
9.316406 11.0859375 07 24 13
29.636719 13.1953125 07 24 13
29.636719 13.1953125 07 24 13
12.339844 19.851562 07 24 13
14.027344 19.992188 07 24 13
36.73828 1.1015625 07 24 14
5.8007812 8.6015625 07 24 14
5.8007812 8.6015625 07 24 14
40.95703 9.4453125 07 24 14
27.316406 13.6171875 07 24 14
37.51172 15.6796875 07 24 14
16.066406 17.929688 07 24 14
23.941406 -0.5390625 07 24 15
23.941406 -0.5390625 07 24 15
27.105469 -0.3984375 07 24 15
23.871094 -0.4453125 07 24 15
28.722656 1.1484375 07 24 15
24.996094 6.0234375 07 24 16
12.902344 7.8515625 07 24 16
12.691406 8.7421875 07 24 16
14.097656 11.0390625 07 24 16
8.191406 12.9140625 07 24 16
22.113281 12.8671875 07 24 16
14.941406 8.5546875 07 24 17
15.996094 12.2578125 07 24 17
13.113281 17.226562 07 24 17
33.714844 4.5234375 07 25 12
33.714844 4.5234375 07 25 12
25.066406 8.8828125 07 25 12
11.355469 9.5390625 07 25 12
11.355469 9.5390625 07 25 12
22.113281 10.0546875 07 25 12
12.832031 9.8671875 07 25 12
38.003906 10.5703125 07 25 12
37.86328 11.6953125 07 25 12
37.160156 12.6796875 07 25 12
6.0117188 14.6953125 07 25 12
6.0117188 14.6953125 07 25 12
6.0117188 14.6953125 07 25 12
6.4335938 17.039062 07 25 12
40.88672 8.9765625 07 25 13
7.4179688 11.0390625 07 25 13
15.082031 11.4140625 07 25 13
7.6992188 13.0078125 07 25 13
7.6289062 13.1015625 07 25 13
7.6289062 13.1015625 07 25 13
8.613281 17.742188 07 25 13
8.402344 19.054688 07 25 13
8.191406 20.132812 07 25 13
34.347656 2.9296875 07 25 14
39.76172 7.9453125 07 25 14
9.386719 9.3046875 07 25 14
14.730469 11.9765625 07 25 14
6.9960938 12.7734375 07 25 14
9.738281 13.1953125 07 25 14
3.7617188 15.6328125 07 25 14
2.7773438 20.039062 07 25 14
22.183594 -2.6953125 07 25 15
17.191406 13.5703125 07 25 15
5.2382812 15.3984375 07 25 15
4.4648438 11.3203125 07 25 16
2.7070312 14.1796875 07 25 16
34.98047 7.4296875 07 25 17
40.11328 8.6953125 07 25 17
4.5351562 12.1640625 07 25 17
2.2148438 15.1171875 07 25 17
2.2148438 15.1171875 07 25 17
27.878906 -0.9609375 07 26 12
34.066406 5.5546875 07 26 12
38.98828 6.7265625 07 26 12
37.79297 7.5234375 07 26 12
37.79297 7.5234375 07 26 12
37.79297 9.1640625 07 26 12
15.996094 10.4296875 07 26 12
27.105469 10.6171875 07 26 12
28.300781 10.5234375 07 26 12
25.769531 10.6640625 07 26 12
26.402344 10.9453125 07 26 12
38.42578 11.6484375 07 26 12
15.714844 11.8359375 07 26 12
16.066406 13.0546875 07 26 12
9.878906 13.8984375 07 26 12
20.214844 0.1640625 07 26 13
18.527344 7.6640625 07 26 13
12.410156 12.1640625 07 26 13
15.082031 13.7578125 07 26 13
39.19922 11.0859375 07 26 14
10.300781 11.3203125 07 26 14
12.621094 14.5546875 07 26 14
24.222656 12.4921875 07 26 15
13.886719 14.2734375 07 26 15
15.925781 14.9296875 07 26 15
18.878906 7.1015625 07 27 12
19.019531 6.9609375 07 27 12
19.300781 7.6171875 07 27 12
19.089844 7.6640625 07 27 12
21.199219 8.3203125 07 27 12
23.167969 8.2265625 07 27 12
19.300781 7.6171875 07 27 12
21.199219 8.3203125 07 27 12
20.003906 7.6640625 07 27 12
21.199219 8.3203125 07 27 12
21.199219 8.3203125 07 27 12
2.8476562 11.3203125 07 27 12
2.8476562 11.3203125 07 27 12
2.8476562 11.3203125 07 27 12
32.73047 8.9765625 07 27 13
18.878906 9.4453125 07 27 13
18.878906 9.4453125 07 27 13
24.082031 9.7265625 07 27 13
16.066406 7.2890625 07 27 14
14.308594 7.8046875 07 27 14
22.183594 8.6015625 07 27 14
24.503906 8.6953125 07 27 14
36.73828 9.9609375 07 27 14
24.503906 13.2421875 07 27 14
24.503906 13.3359375 07 27 14
33.152344 16.054688 07 27 14
33.152344 16.054688 07 27 14
23.871094 9.1640625 07 27 15
26.964844 9.8671875 07 27 15
16.558594 12.4921875 07 27 16
34.69922 5.5078125 07 27 17
25.066406 9.6328125 07 27 17
37.86328 6.5390625 07 28 12
37.86328 6.7265625 07 28 12
37.86328 6.7265625 07 28 12
37.86328 6.7265625 07 28 12
21.058594 8.6484375 07 28 12
23.589844 8.9765625 07 28 12
34.13672 8.7890625 07 28 12
22.746094 10.1015625 07 28 12
27.949219 9.8671875 07 28 12
22.253906 9.8671875 07 28 12
22.253906 9.8671875 07 28 12
41.73047 9.3046875 07 28 13
23.941406 11.0859375 07 28 13
20.707031 11.7421875 07 28 13
22.816406 13.8984375 07 28 13
21.410156 10.0078125 07 28 14
38.003906 10.3359375 07 28 14
34.558594 15.8203125 07 28 14
34.628906 15.8203125 07 28 14
34.628906 15.8203125 07 28 14
37.51172 9.4453125 07 28 15
18.175781 12.7265625 07 28 15
18.105469 12.7265625 07 28 15
8.613281 17.601562 07 28 15
12.691406 8.4609375 07 28 16
32.73047 17.320312 07 28 16
9.316406 9.6328125 07 28 17
34.98047 8.3671875 07 29 12
12.691406 9.3515625 07 29 12
17.894531 9.5859375 07 29 12
16.839844 9.8671875 07 29 12
12.269531 10.1015625 07 29 12
12.269531 10.1484375 07 29 12
39.26953 8.9765625 07 29 13
23.449219 12.1640625 07 29 13
23.378906 13.0078125 07 29 13
8.402344 7.0546875 07 29 14
15.644531 9.5390625 07 29 14
22.816406 14.0390625 07 29 14
2.2851562 19.429688 07 29 15
2.2851562 19.429688 07 29 15
10.441406 5.0390625 07 29 16
16.980469 8.2265625 07 29 16
16.980469 8.2265625 07 29 16
16.558594 10.7109375 07 29 16
21.058594 10.8515625 07 29 16
25.910156 0.4453125 07 29 17
13.746094 3.7265625 07 29 17
9.386719 9.5859375 07 29 17
11.074219 10.7109375 07 29 17
15.082031 10.9921875 07 29 17
24.433594 11.5546875 07 29 17
11.144531 14.2265625 07 29 17
11.144531 14.2265625 07 29 17
4.9570312 18.257812 07 29 17
5.0273438 18.257812 07 29 17
6.5742188 8.9765625 07 30 12
41.941406 9.2578125 07 30 12
39.26953 11.3203125 07 30 12
19.019531 12.9609375 07 30 12
16.066406 14.1796875 07 30 12
22.464844 17.789062 07 30 12
22.464844 17.789062 07 30 12
11.847656 6.6796875 07 30 13
12.902344 6.9140625 07 30 13
14.097656 7.2890625 07 30 13
14.097656 7.2890625 07 30 13
6.3632812 7.9453125 07 30 13
9.246094 9.3984375 07 30 13
34.277344 15.2578125 07 30 13
34.277344 15.2578125 07 30 13
32.23828 15.1640625 07 30 13
34.910156 15.0703125 07 30 13
23.800781 18.820312 07 30 13
8.964844 5.7890625 07 30 14
11.496094 6.6328125 07 30 14
8.050781 8.5078125 07 30 14
34.20703 9.7265625 07 30 14
31.324219 10.2421875 07 30 14
30.902344 15.3515625 07 30 14
10.863281 5.5078125 07 30 15
10.652344 6.3515625 07 30 15
7.8398438 6.8671875 07 30 15
10.230469 9.8671875 07 30 15
5.5898438 15.7734375 07 30 15
3.9726562 16.289062 07 30 15
9.316406 10.4296875 07 30 16
7.4882812 10.6171875 07 30 16
6.6445312 15.0234375 07 30 16
3.0585938 16.523438 07 30 16
2.2851562 17.742188 07 30 16
4.6757812 15.1640625 07 30 17
2.5664062 16.382812 07 30 17
33.503906 1.8046875 08 01 12
33.08203 1.6171875 08 01 12
33.503906 1.8046875 08 01 12
34.48828 2.2734375 08 01 12
34.20703 5.1328125 08 01 12
40.39453 7.1484375 08 01 12
10.582031 9.3046875 08 01 12
38.98828 9.3515625 08 01 12
38.98828 9.3984375 08 01 12
11.355469 9.4921875 08 01 12
10.582031 9.3515625 08 01 12
38.98828 9.3984375 08 01 12
38.98828 9.3984375 08 01 12
11.355469 9.4921875 08 01 12
11.355469 9.4921875 08 01 12
18.105469 10.7578125 08 01 12
23.238281 10.8046875 08 01 12
23.238281 10.8046875 08 01 12
23.238281 10.8046875 08 01 12
22.183594 12.2109375 08 01 12
38.847656 12.0703125 08 01 12
37.01953 12.3515625 08 01 12
37.01953 12.3515625 08 01 12
37.01953 12.3515625 08 01 12
22.253906 13.0546875 08 01 12
37.089844 12.8671875 08 01 12
40.183594 8.6015625 08 01 13
21.972656 15.2109375 08 01 13
19.511719 11.7421875 08 01 14
29.074219 12.5859375 08 01 14
1.5820312 15.7265625 08 01 14
1.5820312 15.7265625 08 01 14
1.8632812 16.195312 08 01 14
29.355469 8.3671875 08 01 15
28.792969 11.7890625 08 01 15
1.5117188 12.9609375 08 01 15
10.371094 13.5703125 08 01 15
37.441406 14.9765625 08 01 15
37.441406 14.9765625 08 01 15
41.80078 9.5859375 08 01 16
4.6757812 9.8671875 08 01 16
6.7148438 10.8515625 08 01 16
4.5351562 11.0390625 08 01 16
40.11328 11.4609375 08 01 16
29.777344 11.4140625 08 01 16
11.917969 12.8203125 08 01 16
7.5585938 13.7578125 08 01 16
7.5585938 13.8515625 08 01 16
7.9101562 14.3671875 08 01 16
6.9257812 14.9765625 08 01 16
6.9257812 14.9765625 08 01 16
6.7851562 15.0234375 08 01 16
4.6757812 9.7265625 08 01 17
23.519531 14.9296875 08 01 17
23.519531 14.9296875 08 01 17
41.589844 9.3984375 08 02 12
38.566406 10.5234375 08 02 12
39.410156 10.1953125 08 02 12
2.4960938 10.5234375 08 02 12
2.4960938 10.5234375 08 02 12
38.63672 10.5234375 08 02 12
2.5664062 10.4765625 08 02 12
1.9335938 11.1796875 08 02 12
15.996094 16.429688 08 02 12
39.902344 7.6640625 08 02 13
9.527344 10.1015625 08 02 13
9.527344 10.1015625 08 02 13
9.527344 10.8984375 08 02 13
9.527344 10.8984375 08 02 13
14.097656 11.0390625 08 02 13
8.824219 11.0859375 08 02 13
24.011719 13.1015625 08 02 13
33.85547 13.1484375 08 02 13
24.011719 13.1015625 08 02 13
34.41797 14.0859375 08 02 13
10.441406 10.3828125 08 02 14
7.8398438 11.0390625 08 02 14
19.089844 11.4140625 08 02 14
31.324219 12.2109375 08 02 14
29.003906 13.0078125 08 02 14
31.675781 13.6640625 08 02 14
31.675781 13.6640625 08 02 14
9.808594 13.8046875 08 02 14
20.777344 9.9609375 08 02 15
20.777344 9.9609375 08 02 15
19.300781 10.2890625 08 02 15
19.722656 11.7421875 08 02 15
11.214844 12.4921875 08 02 15
22.183594 13.9453125 08 02 15
18.246094 14.3671875 08 02 15
4.5351562 9.2578125 08 02 16
39.621094 6.8671875 08 03 12
39.972656 6.9609375 08 03 12
39.621094 6.8671875 08 03 12
38.35547 8.3203125 08 03 12
21.761719 9.6796875 08 03 12
14.730469 10.1484375 08 03 12
14.730469 10.1484375 08 03 12
39.76172 10.3359375 08 03 12
15.363281 11.3671875 08 03 12
38.63672 12.1171875 08 03 12
38.63672 12.1171875 08 03 12
38.63672 12.1171875 08 03 12
39.55078 13.3828125 08 03 12
6.2226562 8.1796875 08 03 13
6.2226562 8.1796875 08 03 13
9.316406 9.4921875 08 03 13
20.425781 9.8671875 08 03 13
11.003906 10.5234375 08 03 13
25.136719 11.9296875 08 03 13
24.082031 12.3515625 08 03 13
24.082031 12.3515625 08 03 13
10.230469 14.2265625 08 03 13
37.089844 -0.2578125 08 03 14
28.441406 11.8828125 08 03 14
28.441406 11.8828125 08 03 14
31.746094 12.4453125 08 03 14
31.675781 12.5390625 08 03 14
33.503906 15.0234375 08 03 14
35.33203 15.1640625 08 03 14
36.66797 16.101562 08 03 14
36.66797 16.101562 08 03 14
36.66797 16.101562 08 03 14
4.6054688 10.2421875 08 03 15
4.6757812 10.2421875 08 03 15
9.878906 10.3359375 08 03 15
26.402344 11.3671875 08 03 15
20.003906 11.5546875 08 03 15
18.316406 13.9453125 08 03 15
7.9101562 10.3828125 08 03 16
7.0664062 12.5390625 08 03 16
7.7695312 13.4296875 08 03 16
17.472656 15.0234375 08 03 16
11.566406 10.2421875 08 03 17
20.707031 12.9140625 08 03 17
16.628906 15.6796875 08 03 17
16.628906 15.6796875 08 03 17
38.42578 10.6171875 08 04 12
35.753906 10.8984375 08 04 12
11.074219 11.3203125 08 04 12
11.074219 11.3203125 08 04 12
12.761719 11.6953125 08 04 12
12.761719 11.6953125 08 04 12
9.527344 10.1484375 08 04 13
9.527344 10.1484375 08 04 13
19.582031 10.8046875 08 04 13
16.699219 15.8671875 08 04 13
16.699219 15.8671875 08 04 13
31.605469 9.1640625 08 04 14
1.7929688 10.0078125 08 04 14
19.300781 10.7109375 08 04 14
9.386719 11.2265625 08 04 14
32.378906 12.1640625 08 04 14
32.097656 12.3046875 08 04 14
2.1445312 8.8359375 08 04 15
17.121094 9.0234375 08 04 15
17.894531 10.3828125 08 04 15
17.894531 10.3828125 08 04 15
12.339844 10.6640625 08 04 15
15.785156 11.5546875 08 04 15
15.785156 11.5546875 08 04 15
35.33203 12.5390625 08 04 15
18.808594 12.5390625 08 04 15
18.808594 12.5390625 08 04 15
15.574219 14.1328125 08 04 15
15.574219 14.1328125 08 04 15
13.324219 13.9921875 08 04 16
18.527344 14.6484375 08 04 16
10.652344 14.7421875 08 04 16
18.878906 14.6953125 08 04 16
24.082031 0.5390625 08 04 17
32.308594 13.3828125 08 04 17
11.636719 14.6484375 08 04 17
6.4335938 16.664062 08 04 17
21.410156 6.6328125 08 05 12
21.410156 6.6328125 08 05 12
26.753906 7.5703125 08 05 12
28.722656 7.8046875 08 05 12
28.722656 7.8046875 08 05 12
26.753906 7.5703125 08 05 12
29.636719 8.2734375 08 05 12
30.410156 8.8828125 08 05 12
30.621094 8.9296875 08 05 12
30.480469 8.8828125 08 05 12
27.035156 7.9453125 08 05 12
30.480469 8.8828125 08 05 12
30.480469 8.8828125 08 05 12
30.621094 8.9296875 08 05 12
30.761719 9.3984375 08 05 12
31.183594 10.1015625 08 05 12
29.425781 9.3984375 08 05 12
29.988281 10.7109375 08 05 12
29.636719 10.3828125 08 05 12
31.183594 10.1953125 08 05 12
29.566406 11.1328125 08 05 12
17.964844 15.3515625 08 05 12
15.082031 15.3515625 08 05 12
18.878906 15.2578125 08 05 12
18.878906 15.2578125 08 05 12
16.066406 17.085938 08 05 12
34.277344 12.7265625 08 05 13
24.152344 12.7265625 08 05 13
21.902344 13.4296875 08 05 13
24.152344 12.7265625 08 05 13
21.902344 13.4296875 08 05 13
21.902344 13.4296875 08 05 13
21.902344 13.4296875 08 05 13
24.292969 13.8515625 08 05 13
15.011719 13.8984375 08 05 13
10.160156 9.7265625 08 05 14
10.160156 9.7265625 08 05 14
19.160156 9.6328125 08 05 14
20.144531 10.9453125 08 05 14
20.636719 11.8359375 08 05 14
28.089844 12.2109375 08 05 14
29.355469 11.7421875 08 05 14
31.464844 12.4453125 08 05 14
38.566406 12.3515625 08 05 14
15.363281 12.6796875 08 05 14
18.457031 13.3828125 08 05 14
4.5351562 15.0234375 08 05 14
20.074219 15.3984375 08 05 14
4.5351562 15.0234375 08 05 14
14.308594 10.6640625 08 05 15
12.832031 10.8046875 08 05 15
21.410156 11.7890625 08 05 15
19.441406 11.9765625 08 05 15
16.417969 12.3984375 08 05 15
24.222656 13.8046875 08 05 15
12.480469 14.7890625 08 05 15
12.480469 14.7890625 08 05 15
7.6289062 15.0703125 08 05 15
22.605469 15.0703125 08 05 15
40.32422 8.6953125 08 05 16
9.457031 11.0859375 08 05 16
11.003906 11.9765625 08 05 16
11.847656 12.1640625 08 05 16
13.464844 12.6328125 08 05 16
12.269531 13.3828125 08 05 16
17.824219 11.3671875 08 05 17
38.91797 12.1171875 08 05 17
11.144531 13.2421875 08 05 17
11.144531 13.2421875 08 05 17
30.199219 13.1484375 08 05 17
2.6367188 17.929688 08 05 17
34.20703 3.6328125 08 06 12
34.347656 3.6328125 08 06 12
33.714844 4.3828125 08 06 12
33.714844 4.3828125 08 06 12
38.777344 10.6171875 08 06 12
21.691406 10.8046875 08 06 12
24.714844 13.8046875 08 06 12
24.714844 13.8046875 08 06 12
10.722656 6.5390625 08 06 13
28.582031 9.6328125 08 06 13
27.878906 10.3828125 08 06 13
12.550781 11.0390625 08 06 13
17.050781 12.0703125 08 06 13
16.910156 11.9765625 08 06 13
16.347656 12.9140625 08 06 13
23.871094 12.3984375 08 06 13
16.347656 12.9140625 08 06 13
35.33203 13.1015625 08 06 13
22.605469 13.2890625 08 06 13
21.972656 14.5078125 08 06 13
21.972656 14.5078125 08 06 13
21.972656 14.5078125 08 06 13
23.871094 -1.3359375 08 06 14
29.144531 8.2265625 08 06 14
9.105469 9.3515625 08 06 14
28.371094 9.3046875 08 06 14
34.20703 11.6015625 08 06 14
11.074219 12.8671875 08 06 14
11.847656 13.0078125 08 06 14
14.238281 13.7109375 08 06 14
16.066406 13.9921875 08 06 14
17.121094 14.5078125 08 06 14
27.527344 -1.8046875 08 06 15
38.91797 12.3515625 08 06 15
28.511719 12.5390625 08 06 15
27.035156 13.4296875 08 06 15
27.035156 13.4296875 08 06 15
10.933594 12.9609375 08 06 15
11.214844 13.5234375 08 06 15
13.113281 13.8515625 08 06 15
6.7148438 15.0703125 08 06 15
6.7148438 15.1640625 08 06 15
1.5820312 19.054688 08 06 15
2.1445312 20.132812 08 06 15
24.433594 0.3984375 08 06 16
24.433594 0.3984375 08 06 16
11.144531 10.2890625 08 06 16
6.2929688 11.2265625 08 06 16
26.332031 12.3984375 08 06 16
7.2773438 12.3984375 08 06 16
7.2773438 12.3984375 08 06 16
8.542969 13.1015625 08 06 16
29.777344 13.1953125 08 06 16
5.1679688 8.0859375 08 06 17
14.519531 10.8984375 08 06 17
9.457031 10.8984375 08 06 17
20.003906 3.4921875 08 07 12
15.363281 7.9921875 08 07 12
15.363281 7.9921875 08 07 12
14.730469 8.5078125 08 07 12
14.800781 8.5078125 08 07 12
14.238281 8.4140625 08 07 12
33.92578 12.5390625 08 07 12
33.92578 12.5390625 08 07 12
15.785156 17.507812 08 07 12
20.425781 2.8828125 08 07 13
21.480469 3.6796875 08 07 13
7.4882812 8.6484375 08 07 13
12.410156 10.1484375 08 07 13
10.933594 10.5703125 08 07 13
9.808594 12.1171875 08 07 13
20.214844 16.429688 08 07 13
20.214844 16.429688 08 07 13
20.496094 17.132812 08 07 13
16.558594 1.8515625 08 07 14
34.277344 2.6484375 08 07 14
33.92578 3.0234375 08 07 14
16.066406 9.3515625 08 07 14
15.996094 9.3515625 08 07 14
17.964844 10.1484375 08 07 14
19.019531 10.0546875 08 07 14
17.964844 10.1484375 08 07 14
16.488281 10.1484375 08 07 14
9.527344 12.0703125 08 07 14
7.3476562 11.8828125 08 07 14
9.527344 12.2578125 08 07 14
5.2382812 12.8671875 08 07 14
2.6367188 13.2890625 08 07 14
19.300781 14.6015625 08 07 14
20.214844 -1.5703125 08 07 15
19.863281 -1.3828125 08 07 15
23.871094 5.7890625 08 07 15
7.6992188 9.2109375 08 07 15
23.519531 9.1171875 08 07 15
23.519531 9.1171875 08 07 15
7.6289062 9.4921875 08 07 15
8.261719 10.5703125 08 07 15
17.753906 11.2734375 08 07 15
4.8867188 11.9765625 08 07 15
11.917969 12.3046875 08 07 15
2.4960938 13.1953125 08 07 15
4.8867188 12.7734375 08 07 15
2.4257812 13.5234375 08 07 15
23.871094 14.1796875 08 07 15
19.582031 15.5390625 08 07 15
2.0742188 16.054688 08 07 15
10.722656 13.8046875 08 07 16
2.0039062 13.9921875 08 07 16
19.792969 1.0078125 08 07 17
20.917969 1.0078125 08 07 17
31.816406 7.0078125 08 07 17
31.816406 7.0078125 08 07 17
17.261719 -0.6796875 08 08 12
16.980469 -0.3984375 08 08 12
18.878906 0.3515625 08 08 12
17.472656 0.6328125 08 08 12
18.667969 1.0078125 08 08 12
17.542969 2.1328125 08 08 12
18.667969 1.0078125 08 08 12
17.542969 2.1328125 08 08 12
22.464844 5.5546875 08 08 12
22.464844 5.5546875 08 08 12
10.371094 6.4921875 08 08 12
24.433594 6.1640625 08 08 12
10.441406 6.5859375 08 08 12
7.3476562 6.8203125 08 08 12
32.097656 7.7109375 08 08 12
11.425781 7.6640625 08 08 12
32.027344 7.7109375 08 08 12
9.246094 8.3203125 08 08 12
32.23828 8.4609375 08 08 12
8.191406 8.5078125 08 08 12
29.917969 7.4765625 08 08 12
8.402344 8.5546875 08 08 12
32.23828 8.4609375 08 08 12
7.9804688 8.6484375 08 08 12
7.9804688 8.6484375 08 08 12
8.402344 8.5546875 08 08 12
8.402344 8.5546875 08 08 12
4.4648438 9.5390625 08 08 12
14.871094 10.1015625 08 08 12
13.394531 10.6171875 08 08 12
26.964844 10.1484375 08 08 12
32.941406 10.4296875 08 08 12
13.464844 10.9921875 08 08 12
31.042969 10.6171875 08 08 12
13.464844 10.9921875 08 08 12
39.621094 10.6640625 08 08 12
30.410156 11.5078125 08 08 12
19.652344 11.4609375 08 08 12
31.253906 12.1171875 08 08 12
31.253906 12.1171875 08 08 12
28.511719 12.3515625 08 08 12
9.175781 13.4765625 08 08 12
27.386719 -1.6640625 08 08 13
31.042969 3.5859375 08 08 13
31.042969 3.5859375 08 08 13
17.824219 4.9921875 08 08 13
17.753906 4.9921875 08 08 13
14.238281 5.1796875 08 08 13
15.152344 5.1328125 08 08 13
23.308594 8.3671875 08 08 13
22.183594 8.2734375 08 08 13
20.285156 8.6953125 08 08 13
15.574219 9.2578125 08 08 13
15.574219 9.2578125 08 08 13
22.113281 9.9140625 08 08 13
13.957031 11.8359375 08 08 13
9.246094 12.0234375 08 08 13
1.7226562 12.8671875 08 08 13
1.7226562 12.8671875 08 08 13
13.746094 13.7578125 08 08 13
17.542969 13.5234375 08 08 13
38.14453 14.0859375 08 08 13
13.464844 17.039062 08 08 13
16.980469 2.6953125 08 08 14
31.324219 3.8671875 08 08 14
33.714844 4.3359375 08 08 14
12.199219 7.2421875 08 08 14
21.691406 7.3359375 08 08 14
21.691406 7.4296875 08 08 14
24.503906 8.7421875 08 08 14
8.613281 9.2578125 08 08 14
30.902344 9.4921875 08 08 14
24.222656 9.7265625 08 08 14
8.472656 10.0546875 08 08 14
25.839844 10.5703125 08 08 14
22.113281 10.0546875 08 08 14
23.660156 10.8046875 08 08 14
23.660156 10.8046875 08 08 14
24.996094 11.2734375 08 08 14
34.20703 11.6484375 08 08 14
4.4648438 12.0703125 08 08 14
9.878906 11.7890625 08 08 14
11.566406 12.5390625 08 08 14
33.222656 12.6796875 08 08 14
19.230469 13.5703125 08 08 14
10.371094 14.0390625 08 08 14
19.230469 13.8046875 08 08 14
22.042969 2.4140625 08 08 15
9.667969 9.8671875 08 08 15
20.425781 10.0078125 08 08 15
2.4960938 11.5546875 08 08 15
2.4960938 11.5546875 08 08 15
29.496094 13.3828125 08 08 15
29.496094 13.3828125 08 08 15
32.308594 4.0546875 08 08 16
31.042969 4.8984375 08 08 16
17.261719 4.8046875 08 08 17
15.292969 8.6953125 08 08 17
22.816406 -2.5078125 08 09 12
22.816406 -2.5078125 08 09 12
22.816406 -2.5078125 08 09 12
27.457031 -1.8515625 08 09 12
16.207031 3.3046875 08 09 12
32.51953 4.0546875 08 09 12
23.730469 5.0859375 08 09 12
31.464844 5.1328125 08 09 12
20.285156 5.5078125 08 09 12
14.308594 6.6328125 08 09 12
18.316406 6.6796875 08 09 12
10.722656 6.3046875 08 09 12
13.957031 7.1484375 08 09 12
15.644531 7.0078125 08 09 12
16.558594 7.6171875 08 09 12
11.847656 7.5234375 08 09 12
25.910156 8.2265625 08 09 12
28.792969 9.2578125 08 09 12
27.386719 10.0546875 08 09 12
33.152344 10.8515625 08 09 12
32.589844 11.3203125 08 09 12
33.64453 11.2265625 08 09 12
3.3398438 11.8828125 08 09 12
3.1289062 12.1171875 08 09 12
32.941406 10.9921875 08 09 12
33.152344 10.9921875 08 09 12
31.253906 12.2578125 08 09 12
3.9726562 12.5859375 08 09 12
31.253906 12.2578125 08 09 12
31.042969 12.8203125 08 09 12
19.160156 13.1015625 08 09 12
38.214844 14.1328125 08 09 12
19.582031 0.0234375 08 09 13
20.144531 1.2890625 08 09 13
17.753906 2.5546875 08 09 13
24.855469 5.6484375 08 09 13
24.222656 6.8203125 08 09 13
20.988281 9.6328125 08 09 13
25.769531 9.9140625 08 09 13
24.785156 9.6328125 08 09 13
25.277344 9.5859375 08 09 13
21.269531 9.6796875 08 09 13
23.660156 10.2890625 08 09 13
22.324219 10.4765625 08 09 13
1.7226562 10.6640625 08 09 13
20.777344 10.7109375 08 09 13
16.839844 11.6953125 08 09 13
21.761719 11.7890625 08 09 13
17.261719 12.7265625 08 09 13
17.191406 12.7265625 08 09 13
20.425781 12.5859375 08 09 13
17.261719 12.7265625 08 09 13
18.878906 12.3046875 08 09 13
39.26953 13.2421875 08 09 13
32.097656 14.0390625 08 09 13
26.472656 -1.7109375 08 09 14
26.472656 -1.6640625 08 09 14
27.738281 1.1484375 08 09 14
28.652344 2.0859375 08 09 14
33.433594 4.1484375 08 09 14
16.628906 4.9453125 08 09 14
20.003906 9.5390625 08 09 14
9.246094 9.5390625 08 09 14
9.035156 11.0859375 08 09 14
9.035156 11.0859375 08 09 14
27.527344 11.6484375 08 09 14
15.222656 12.4921875 08 09 14
16.417969 13.5234375 08 09 14
16.910156 13.0078125 08 09 14
16.136719 13.5234375 08 09 14
24.222656 -2.2265625 08 09 15
24.222656 -2.2265625 08 09 15
24.292969 -1.5703125 08 09 15
19.089844 -1.2890625 08 09 15
25.207031 -1.1015625 08 09 15
23.519531 -1.1953125 08 09 15
8.824219 10.7109375 08 09 15
17.964844 10.7109375 08 09 15
5.9414062 11.2734375 08 09 15
11.917969 12.6328125 08 09 15
26.261719 -0.7265625 08 09 16
31.746094 7.9453125 08 09 16
10.582031 15.0234375 08 09 16
6.3632812 16.382812 08 09 16
18.878906 1.9453125 08 09 17
14.167969 10.7578125 08 09 17
4.3945312 10.9921875 08 09 17
24.292969 11.1328125 08 09 17
24.011719 11.2265625 08 09 17
36.597656 16.007812 08 09 17
27.386719 -1.8515625 08 10 12
23.660156 0.4453125 08 10 12
28.722656 0.6328125 08 10 12
28.722656 0.6328125 08 10 12
15.644531 3.4453125 08 10 12
31.605469 3.9140625 08 10 12
25.839844 4.2890625 08 10 12
16.980469 4.2890625 08 10 12
25.839844 4.2890625 08 10 12
31.605469 3.9140625 08 10 12
16.980469 4.2890625 08 10 12
17.261719 5.9765625 08 10 12
17.261719 5.9765625 08 10 12
17.402344 6.9140625 08 10 12
39.902344 7.2890625 08 10 12
17.753906 7.2421875 08 10 12
9.316406 9.3984375 08 10 12
12.269531 10.4296875 08 10 12
28.582031 10.4296875 08 10 12
10.792969 11.8828125 08 10 12
11.074219 12.1640625 08 10 12
38.285156 11.3671875 08 10 12
10.300781 12.2578125 08 10 12
32.378906 13.3828125 08 10 12
38.42578 14.0390625 08 10 12
38.42578 14.0390625 08 10 12
32.871094 14.7890625 08 10 12
26.964844 -0.5859375 08 10 13
26.964844 -0.5859375 08 10 13
25.980469 -0.5390625 08 10 13
26.332031 0.3046875 08 10 13
25.136719 0.3515625 08 10 13
25.558594 2.4609375 08 10 13
10.582031 6.2109375 08 10 13
8.191406 9.3515625 08 10 13
31.816406 12.4921875 08 10 13
22.886719 -1.2421875 08 10 14
23.167969 1.8984375 08 10 14
27.035156 2.0390625 08 10 14
22.605469 2.8359375 08 10 14
22.746094 3.0703125 08 10 14
24.152344 3.3984375 08 10 14
20.074219 8.5546875 08 10 14
18.527344 9.6328125 08 10 14
18.527344 9.6328125 08 10 14
27.808594 13.0546875 08 10 14
27.808594 13.0546875 08 10 14
9.457031 13.9921875 08 10 14
9.457031 13.9921875 08 10 14
10.089844 14.8828125 08 10 14
10.089844 15.0234375 08 10 14
10.441406 15.5390625 08 10 14
23.167969 -2.3671875 08 10 15
21.691406 2.2265625 08 10 15
22.183594 4.0546875 08 10 15
23.167969 4.0546875 08 10 15
22.113281 4.8984375 08 10 15
22.113281 4.8984375 08 10 15
6.1523438 10.8515625 08 10 15
6.5742188 10.6640625 08 10 15
6.1523438 10.8515625 08 10 15
16.488281 11.9765625 08 10 15
16.488281 11.9765625 08 10 15
33.36328 13.5703125 08 10 15
8.824219 14.2265625 08 10 15
18.035156 14.1796875 08 10 15
6.5742188 15.2578125 08 10 15
19.300781 -0.3984375 08 10 16
19.300781 -0.3984375 08 10 16
20.355469 0.0703125 08 10 16
20.074219 0.8203125 08 10 16
20.285156 2.7890625 08 10 16
20.144531 10.8984375 08 10 16
1.7226562 10.7578125 08 10 16
20.144531 10.8984375 08 10 16
19.582031 13.1484375 08 10 16
18.386719 13.5234375 08 10 16
13.535156 15.2109375 08 10 16
22.886719 8.4140625 08 10 17
26.472656 12.4921875 08 10 17
15.855469 14.6953125 08 10 17
23.238281 1.7109375 08 11 12
13.183594 2.1796875 08 11 12
23.238281 1.7109375 08 11 12
13.746094 2.6484375 08 11 12
13.816406 2.6953125 08 11 12
15.855469 2.4609375 08 11 12
14.167969 3.3046875 08 11 12
15.152344 2.6953125 08 11 12
21.902344 2.6953125 08 11 12
16.136719 3.3046875 08 11 12
6.7851562 8.6484375 08 11 12
6.7851562 8.6484375 08 11 12
13.957031 8.5078125 08 11 12
29.074219 9.6796875 08 11 12
29.074219 9.6796875 08 11 12
1.4414062 11.1796875 08 11 12
1.4414062 11.1796875 08 11 12
31.957031 11.4609375 08 11 12
33.29297 11.5546875 08 11 12
21.902344 12.1171875 08 11 12
21.902344 12.1171875 08 11 12
31.816406 11.6015625 08 11 12
20.355469 -0.5859375 08 11 13
28.511719 0.3984375 08 11 13
19.652344 4.4296875 08 11 13
7.4179688 8.7890625 08 11 13
7.1367188 9.6796875 08 11 13
5.9414062 9.8671875 08 11 13
21.832031 11.9765625 08 11 13
20.144531 12.3046875 08 11 13
19.089844 12.4921875 08 11 13
32.16797 12.3046875 08 11 13
20.144531 12.3046875 08 11 13
20.285156 12.3984375 08 11 13
26.894531 13.3828125 08 11 13
31.183594 13.3359375 08 11 13
20.144531 13.4765625 08 11 13
27.386719 -1.8046875 08 11 14
19.582031 0.0703125 08 11 14
19.652344 0.0703125 08 11 14
19.652344 0.0703125 08 11 14
19.722656 0.1171875 08 11 14
28.441406 1.2421875 08 11 14
27.527344 1.9453125 08 11 14
39.48047 6.7734375 08 11 14
8.753906 9.8671875 08 11 14
6.0117188 10.9921875 08 11 14
6.0117188 10.9921875 08 11 14
6.0117188 10.9921875 08 11 14
6.9257812 11.1328125 08 11 14
6.9257812 11.1328125 08 11 14
15.011719 12.9140625 08 11 14
19.160156 13.4765625 08 11 14
15.363281 13.9453125 08 11 14
15.363281 13.9453125 08 11 14
24.574219 -1.1015625 08 11 15
13.675781 2.0859375 08 11 15
13.675781 2.0859375 08 11 15
3.7617188 10.6640625 08 11 15
14.097656 11.2265625 08 11 15
14.730469 12.7734375 08 11 15
25.066406 12.4921875 08 11 15
25.066406 12.4921875 08 11 15
15.996094 14.2265625 08 11 15
6.3632812 15.0234375 08 11 15
7.0664062 15.0234375 08 11 15
14.730469 15.0234375 08 11 15
24.996094 0.9140625 08 11 16
2.7070312 11.8828125 08 11 16
27.667969 12.7734375 08 11 16
10.019531 13.1484375 08 11 16
12.339844 13.5234375 08 11 16
9.035156 14.3671875 08 11 16
10.863281 14.8359375 08 11 16
9.105469 15.1640625 08 11 16
18.175781 1.8984375 08 11 17
23.730469 9.9140625 08 11 17
28.511719 13.8046875 08 11 17
14.097656 13.8515625 08 11 17
17.613281 0.1171875 08 12 12
17.824219 0.6328125 08 12 12
16.910156 1.6171875 08 12 12
16.910156 1.6171875 08 12 12
16.347656 3.9609375 08 12 12
33.222656 6.0234375 08 12 12
33.222656 6.0234375 08 12 12
39.55078 6.9140625 08 12 12
39.76172 7.6640625 08 12 12
17.261719 7.4296875 08 12 12
39.76172 7.7109375 08 12 12
18.035156 7.7578125 08 12 12
12.339844 9.9609375 08 12 12
11.636719 9.8671875 08 12 12
11.636719 9.8671875 08 12 12
10.933594 10.9921875 08 12 12
10.933594 10.9921875 08 12 12
39.339844 11.6015625 08 12 12
37.371094 12.6328125 08 12 12
31.324219 12.3515625 08 12 12
31.957031 13.1015625 08 12 12
37.30078 12.6328125 08 12 12
31.042969 13.1484375 08 12 12
35.26172 13.5703125 08 12 12
30.621094 11.7890625 08 12 13
27.035156 12.0703125 08 12 13
29.425781 12.1171875 08 12 13
28.511719 12.2109375 08 12 13
27.035156 12.0703125 08 12 13
39.410156 12.4921875 08 12 13
33.503906 13.2421875 08 12 13
9.667969 13.8515625 08 12 13
36.035156 14.8828125 08 12 13
17.964844 9.3046875 08 12 14
26.121094 10.5234375 08 12 14
11.003906 11.4609375 08 12 14
18.949219 12.6328125 08 12 14
8.753906 12.9140625 08 12 14
18.949219 12.6328125 08 12 14
6.7851562 13.3828125 08 12 14
2.2851562 20.132812 08 12 14
22.253906 -2.6015625 08 12 15
22.324219 2.2734375 08 12 15
20.285156 6.9140625 08 12 15
6.3632812 8.0390625 08 12 15
17.894531 10.6171875 08 12 15
38.70703 11.6484375 08 12 15
9.878906 12.5859375 08 12 15
9.878906 12.6328125 08 12 15
18.667969 13.0546875 08 12 15
16.839844 13.8984375 08 12 15
28.441406 1.8046875 08 12 16
10.441406 5.4140625 08 12 16
21.902344 10.5234375 08 12 16
7.4882812 11.6484375 08 12 16
7.4882812 11.6484375 08 12 16
2.0742188 13.9453125 08 12 16
1.8632812 15.0234375 08 12 16
14.449219 5.7890625 08 12 17
6.0820312 15.9609375 08 12 17
6.0820312 15.9609375 08 12 17
11.847656 0.7265625 08 13 12
11.847656 0.7265625 08 13 12
11.847656 0.7265625 08 13 12
13.183594 3.3984375 08 13 12
13.183594 3.3984375 08 13 12
12.480469 3.7265625 08 13 12
17.613281 4.8046875 08 13 12
28.019531 5.8828125 08 13 12
14.308594 7.8984375 08 13 12
6.4335938 7.6640625 08 13 12
8.824219 7.9921875 08 13 12
6.7851562 8.5078125 08 13 12
6.7851562 8.5078125 08 13 12
6.7851562 8.5078125 08 13 12
25.910156 8.8828125 08 13 12
9.105469 9.2109375 08 13 12
9.175781 9.2109375 08 13 12
9.808594 9.6328125 08 13 12
29.636719 9.4921875 08 13 12
24.152344 9.7734375 08 13 12
24.152344 9.7734375 08 13 12
27.457031 10.6640625 08 13 12
27.386719 10.6640625 08 13 12
27.457031 10.6640625 08 13 12
29.355469 11.1796875 08 13 12
30.550781 11.2734375 08 13 12
37.51172 12.8203125 08 13 12
37.58203 13.0078125 08 13 12
36.878906 13.5703125 08 13 12
26.050781 6.0234375 08 13 13
21.761719 6.8203125 08 13 13
11.214844 6.9609375 08 13 13
21.761719 6.8203125 08 13 13
26.964844 7.8046875 08 13 13
21.269531 8.1796875 08 13 13
22.675781 8.6953125 08 13 13
11.847656 8.7421875 08 13 13
32.589844 9.7265625 08 13 13
23.519531 10.1484375 08 13 13
25.980469 10.7109375 08 13 13
23.449219 10.2890625 08 13 13
31.324219 11.5078125 08 13 13
17.191406 11.7421875 08 13 13
33.29297 12.6796875 08 13 13
2.4960938 13.1484375 08 13 13
16.699219 13.6640625 08 13 13
4.8164062 13.9453125 08 13 13
4.8164062 13.9453125 08 13 13
15.363281 14.0390625 08 13 13
5.8007812 14.3671875 08 13 13
21.410156 -0.3984375 08 13 14
28.582031 2.0390625 08 13 14
16.699219 3.6328125 08 13 14
11.636719 5.3203125 08 13 14
10.792969 6.2109375 08 13 14
23.589844 6.3046875 08 13 14
20.144531 6.3515625 08 13 14
10.792969 6.2109375 08 13 14
24.855469 6.7265625 08 13 14
28.511719 6.8671875 08 13 14
28.019531 10.0078125 08 13 14
14.308594 10.2421875 08 13 14
17.191406 10.7578125 08 13 14
8.894531 11.0859375 08 13 14
4.1835938 13.4296875 08 13 14
12.410156 13.3828125 08 13 14
10.441406 13.9453125 08 13 14
10.652344 14.5546875 08 13 14
13.746094 14.7421875 08 13 14
22.746094 -4.0546875 08 13 15
24.925781 -2.4609375 08 13 15
19.652344 -0.0234375 08 13 15
19.652344 -0.0234375 08 13 15
20.355469 1.0546875 08 13 15
15.082031 4.8515625 08 13 15
15.714844 4.7109375 08 13 15
15.082031 4.8984375 08 13 15
15.714844 4.7109375 08 13 15
15.714844 4.7109375 08 13 15
5.3085938 9.3515625 08 13 15
3.9023438 10.1015625 08 13 15
2.0039062 10.5703125 08 13 15
19.441406 10.8984375 08 13 15
5.6601562 11.2734375 08 13 15
16.628906 11.7421875 08 13 15
9.457031 11.8359375 08 13 15
7.5585938 12.0703125 08 13 15
35.82422 14.0390625 08 13 15
10.089844 13.8046875 08 13 15
18.808594 2.1328125 08 13 16
15.996094 10.4765625 08 13 16
6.5039062 10.9453125 08 13 16
34.277344 14.1328125 08 13 16
18.386719 13.7109375 08 13 16
34.277344 14.1796875 08 13 16
8.402344 14.3671875 08 13 16
7.0664062 15.4453125 08 13 16
10.441406 15.2109375 08 13 16
20.355469 6.0234375 08 13 17
7.9804688 10.8046875 08 13 17
4.2539062 10.9453125 08 13 17
25.980469 -3.1171875 08 14 12
25.980469 -3.1171875 08 14 12
19.511719 -1.1015625 08 14 12
16.699219 2.6015625 08 14 12
19.511719 4.4765625 08 14 12
8.472656 7.6171875 08 14 12
3.0585938 7.8984375 08 14 12
3.0585938 7.8984375 08 14 12
4.5351562 8.1328125 08 14 12
5.5898438 8.7421875 08 14 12
31.605469 9.2578125 08 14 12
5.5898438 8.7421875 08 14 12
5.5898438 8.7421875 08 14 12
5.5898438 8.7421875 08 14 12
31.816406 9.3984375 08 14 12
4.1835938 9.6796875 08 14 12
34.13672 10.1953125 08 14 12
4.3945312 9.8671875 08 14 12
33.222656 9.6796875 08 14 12
31.675781 9.7265625 08 14 12
33.85547 10.3828125 08 14 12
31.253906 10.9453125 08 14 12
37.30078 13.5234375 08 14 12
37.371094 13.5234375 08 14 12
37.30078 13.5234375 08 14 12
37.30078 13.5234375 08 14 12
37.30078 13.5234375 08 14 12
37.23047 13.8046875 08 14 12
25.417969 -2.6953125 08 14 13
25.417969 -2.6953125 08 14 13
25.769531 2.6953125 08 14 13
24.433594 3.1640625 08 14 13
17.613281 4.8515625 08 14 13
10.582031 6.3515625 08 14 13
11.214844 6.9140625 08 14 13
22.957031 7.5703125 08 14 13
22.957031 7.5703125 08 14 13
21.480469 8.3203125 08 14 13
7.6289062 8.6953125 08 14 13
12.550781 8.6953125 08 14 13
24.363281 8.8828125 08 14 13
23.378906 9.2578125 08 14 13
23.378906 9.2578125 08 14 13
1.6523438 9.8671875 08 14 13
1.7226562 10.6171875 08 14 13
8.753906 10.8515625 08 14 13
1.7226562 10.6171875 08 14 13
8.753906 10.8515625 08 14 13
2.5664062 11.6953125 08 14 13
8.121094 12.2578125 08 14 13
10.582031 14.7890625 08 14 13
23.097656 -2.1328125 08 14 14
28.722656 1.1484375 08 14 14
24.152344 3.3984375 08 14 14
25.558594 4.0078125 08 14 14
26.121094 4.8984375 08 14 14
21.058594 4.8984375 08 14 14
20.707031 5.9765625 08 14 14
21.339844 8.2265625 08 14 14
5.6601562 7.9453125 08 14 14
9.035156 9.3515625 08 14 14
16.910156 9.5859375 08 14 14
9.035156 9.3515625 08 14 14
9.035156 9.3515625 08 14 14
5.5898438 11.8359375 08 14 14
6.8554688 12.1171875 08 14 14
18.878906 13.1953125 08 14 14
10.722656 14.0859375 08 14 14
10.019531 13.9921875 08 14 14
37.722656 13.9453125 08 14 14
14.378906 14.6484375 08 14 14
14.519531 15.3515625 08 14 14
23.449219 -1.1484375 08 14 15
22.183594 -1.1953125 08 14 15
23.449219 -1.1484375 08 14 15
14.097656 3.1171875 08 14 15
21.199219 7.7109375 08 14 15
16.136719 9.0703125 08 14 15
20.074219 9.4453125 08 14 15
16.136719 9.8671875 08 14 15
16.277344 9.8671875 08 14 15
14.097656 10.8046875 08 14 15
16.207031 11.1328125 08 14 15
4.9570312 11.1796875 08 14 15
27.105469 11.9296875 08 14 15
19.230469 11.6015625 08 14 15
9.175781 14.4609375 08 14 15
6.9960938 15.2578125 08 14 15
6.9960938 15.2578125 08 14 15
27.246094 2.5546875 08 14 16
27.246094 2.5546875 08 14 16
11.988281 3.0234375 08 14 16
18.246094 7.5703125 08 14 16
7.6289062 9.4453125 08 14 16
7.6289062 9.4453125 08 14 16
20.496094 10.4296875 08 14 16
17.683594 11.1796875 08 14 16
3.0585938 13.3359375 08 14 16
3.0585938 13.3359375 08 14 16
12.972656 13.5234375 08 14 16
21.902344 -4.7578125 08 14 17
23.800781 -0.0234375 08 14 17
24.644531 8.4140625 08 14 17
25.277344 9.1640625 08 14 17
9.738281 11.3671875 08 14 17
9.738281 11.3671875 08 14 17
11.144531 12.6328125 08 14 17
25.558594 -1.7109375 08 15 12
24.925781 -1.1015625 08 15 12
23.660156 2.0390625 08 15 12
23.660156 3.2109375 08 15 12
23.097656 3.3984375 08 15 12
25.769531 3.6796875 08 15 12
25.769531 3.6796875 08 15 12
11.636719 4.0546875 08 15 12
11.636719 4.0546875 08 15 12
12.691406 4.1484375 08 15 12
11.636719 4.0546875 08 15 12
11.636719 4.0546875 08 15 12
11.636719 4.0546875 08 15 12
17.964844 4.9453125 08 15 12
9.738281 6.2109375 08 15 12
29.988281 6.5390625 08 15 12
27.386719 6.8203125 08 15 12
27.386719 6.8203125 08 15 12
11.847656 6.7734375 08 15 12
11.847656 6.7734375 08 15 12
12.621094 7.6640625 08 15 12
12.550781 7.7578125 08 15 12
31.253906 7.4296875 08 15 12
11.496094 7.9453125 08 15 12
14.308594 7.2890625 08 15 12
25.417969 7.8984375 08 15 12
12.691406 7.7109375 08 15 12
29.214844 7.5703125 08 15 12
14.449219 7.2890625 08 15 12
25.417969 7.9453125 08 15 12
11.707031 9.0703125 08 15 12
23.238281 10.2421875 08 15 12
33.64453 3.6328125 08 15 13
17.683594 4.6640625 08 15 13
18.738281 6.7734375 08 15 13
19.792969 7.3828125 08 15 13
17.753906 7.4765625 08 15 13
14.871094 8.0859375 08 15 13
20.636719 9.4453125 08 15 13
19.933594 9.7734375 08 15 13
27.527344 9.7265625 08 15 13
27.527344 9.7265625 08 15 13
17.472656 12.3984375 08 15 13
17.472656 12.4453125 08 15 13
8.824219 12.3984375 08 15 13
12.480469 12.9140625 08 15 13
15.574219 13.0078125 08 15 13
21.550781 -1.7578125 08 15 14
27.316406 1.9921875 08 15 14
18.597656 7.2421875 08 15 14
18.597656 7.2421875 08 15 14
6.2929688 8.0859375 08 15 14
17.472656 10.7109375 08 15 14
13.957031 10.9921875 08 15 14
20.847656 11.0390625 08 15 14
20.847656 11.0390625 08 15 14
16.488281 12.2578125 08 15 14
31.464844 12.2578125 08 15 14
31.464844 12.2578125 08 15 14
10.441406 12.8203125 08 15 14
10.441406 12.8203125 08 15 14
15.292969 13.1015625 08 15 14
10.160156 13.9453125 08 15 14
15.433594 13.1484375 08 15 14
10.160156 13.9453125 08 15 14
14.167969 14.0859375 08 15 14
22.113281 -0.6796875 08 15 15
26.964844 2.1796875 08 15 15
6.5742188 6.7265625 08 15 15
16.488281 7.5234375 08 15 15
7.1367188 8.6953125 08 15 15
4.3945312 9.4453125 08 15 15
25.347656 10.1015625 08 15 15
25.347656 10.1015625 08 15 15
4.1835938 10.1953125 08 15 15
4.1835938 10.1953125 08 15 15
5.5898438 10.8515625 08 15 15
14.730469 11.9296875 08 15 15
11.636719 13.0546875 08 15 15
6.7851562 14.9765625 08 15 15
6.0117188 15.0703125 08 15 15
6.0117188 15.0703125 08 15 15
7.6289062 15.1640625 08 15 15
7.6289062 15.1640625 08 15 15
7.6289062 15.7265625 08 15 15
3.7617188 10.4296875 08 15 16
1.6523438 10.4296875 08 15 16
27.808594 11.2734375 08 15 16
29.144531 12.6796875 08 15 16
14.449219 2.2265625 08 15 17
3.8320312 12.7734375 08 15 17
4.9570312 13.6171875 08 15 17
31.816406 13.5234375 08 15 17
19.652344 -4.9453125 08 16 12
15.925781 2.1328125 08 16 12
15.925781 2.5546875 08 16 12
16.910156 6.4921875 08 16 12
3.6210938 9.5390625 08 16 12
3.4804688 9.4921875 08 16 12
2.0039062 10.2421875 08 16 12
1.8632812 10.2421875 08 16 12
1.8632812 10.2421875 08 16 12
39.55078 11.1328125 08 16 12
2.0742188 11.2265625 08 16 12
2.0039062 11.2265625 08 16 12
36.878906 12.5390625 08 16 12
33.36328 12.7734375 08 16 12
37.089844 13.7109375 08 16 12
33.57422 13.8046875 08 16 12
19.792969 -4.7578125 08 16 13
26.894531 -0.4921875 08 16 13
30.621094 4.7109375 08 16 13
29.777344 5.8828125 08 16 13
29.777344 5.8828125 08 16 13
32.80078 10.7109375 08 16 13
32.80078 10.7109375 08 16 13
33.08203 11.9296875 08 16 13
1.7226562 12.9609375 08 16 13
31.324219 13.5703125 08 16 13
33.64453 14.4609375 08 16 13
22.605469 1.7578125 08 16 14
20.496094 2.4140625 08 16 14
20.496094 2.4140625 08 16 14
20.355469 4.3359375 08 16 14
20.355469 4.3359375 08 16 14
21.972656 8.0390625 08 16 14
24.292969 9.0703125 08 16 14
34.066406 11.7421875 08 16 14
6.1523438 14.9765625 08 16 14
24.503906 1.4296875 08 16 15
24.503906 1.4296875 08 16 15
23.730469 1.9921875 08 16 15
20.707031 4.3828125 08 16 15
20.425781 6.9609375 08 16 15
25.347656 8.4140625 08 16 15
22.113281 10.4765625 08 16 15
21.199219 10.8515625 08 16 15
22.605469 11.2734375 08 16 15
13.394531 -0.8671875 08 16 16
19.933594 4.5234375 08 16 16
20.214844 7.0546875 08 16 16
23.660156 7.9453125 08 16 16
6.2226562 8.4609375 08 16 16
6.2226562 8.4609375 08 16 16
20.074219 10.1015625 08 16 16
20.074219 10.1015625 08 16 16
25.066406 10.4296875 08 16 16
17.894531 11.4140625 08 16 16
15.222656 12.6796875 08 16 16
14.238281 13.7109375 08 16 16
15.011719 14.2265625 08 16 16
9.035156 14.8828125 08 16 16
12.269531 1.4296875 08 16 17
13.675781 1.3828125 08 16 17
11.777344 8.6484375 08 16 17
40.816406 10.0078125 08 16 17
16.769531 10.6640625 08 16 17
9.246094 11.1328125 08 16 17
18.386719 11.5546875 08 16 17
18.878906 11.6953125 08 16 17
16.558594 -3.1171875 08 17 12
16.558594 -3.1171875 08 17 12
27.316406 -1.9453125 08 17 12
24.363281 -1.2890625 08 17 12
24.363281 -1.2890625 08 17 12
24.363281 -1.2890625 08 17 12
14.027344 -0.5390625 08 17 12
14.308594 -0.1640625 08 17 12
14.167969 0.2578125 08 17 12
14.097656 0.3046875 08 17 12
14.097656 0.3046875 08 17 12
15.082031 1.0546875 08 17 12
11.496094 1.3359375 08 17 12
11.496094 1.3359375 08 17 12
11.496094 1.3359375 08 17 12
11.496094 1.3359375 08 17 12
12.058594 3.2578125 08 17 12
14.941406 3.5859375 08 17 12
22.675781 3.9609375 08 17 12
15.082031 3.6796875 08 17 12
22.675781 3.9609375 08 17 12
14.941406 3.6796875 08 17 12
22.675781 3.9609375 08 17 12
32.378906 3.6796875 08 17 12
12.128906 3.3984375 08 17 12
19.933594 4.1484375 08 17 12
12.761719 4.2421875 08 17 12
15.433594 4.7109375 08 17 12
16.207031 4.9453125 08 17 12
18.035156 5.6484375 08 17 12
17.964844 5.6484375 08 17 12
10.441406 6.0703125 08 17 12
10.441406 6.0703125 08 17 12
10.371094 6.1640625 08 17 12
39.55078 7.1015625 08 17 12
39.55078 7.6640625 08 17 12
39.55078 7.6640625 08 17 12
39.55078 7.6640625 08 17 12
38.14453 10.5703125 08 17 12
29.988281 11.0859375 08 17 12
36.73828 10.9921875 08 17 12
31.394531 11.6953125 08 17 12
26.753906 11.7890625 08 17 12
37.51172 13.2890625 08 17 12
21.339844 -1.6640625 08 17 13
26.472656 -0.9140625 08 17 13
28.863281 0.3046875 08 17 13
28.441406 1.9453125 08 17 13
8.753906 9.9609375 08 17 13
19.160156 12.2109375 08 17 13
30.691406 13.9453125 08 17 13
20.355469 -1.8046875 08 17 14
20.425781 -1.8046875 08 17 14
21.269531 -1.1484375 08 17 14
27.597656 1.0546875 08 17 14
27.597656 1.0546875 08 17 14
28.019531 1.8984375 08 17 14
22.253906 8.3671875 08 17 14
20.847656 10.5234375 08 17 14
1.5820312 10.6640625 08 17 14
11.496094 12.0234375 08 17 14
21.832031 11.9296875 08 17 14
16.628906 12.1640625 08 17 14
28.300781 13.5234375 08 17 14
33.996094 13.6640625 08 17 14
11.566406 -1.2890625 08 17 15
26.824219 0.7265625 08 17 15
6.1523438 8.0390625 08 17 15
14.589844 9.1171875 08 17 15
39.48047 10.4296875 08 17 15
13.886719 10.8984375 08 17 15
15.574219 11.2265625 08 17 15
10.863281 12.2578125 08 17 15
14.519531 11.7421875 08 17 15
15.574219 11.2265625 08 17 15
12.902344 12.7734375 08 17 15
14.660156 14.0390625 08 17 15
14.519531 13.9921875 08 17 15
5.8710938 14.5078125 08 17 15
5.8710938 14.5078125 08 17 15
20.003906 1.2890625 08 17 16
20.003906 1.2890625 08 17 16
5.3085938 8.1796875 08 17 16
11.847656 8.6953125 08 17 16
40.32422 9.4453125 08 17 16
13.675781 10.2890625 08 17 16
9.175781 11.0859375 08 17 16
8.191406 12.8203125 08 17 16
8.191406 12.8203125 08 17 16
11.074219 13.5703125 08 17 16
8.753906 13.5234375 08 17 16
9.175781 14.3203125 08 17 16
11.144531 13.5703125 08 17 16
9.175781 14.3203125 08 17 16
12.199219 -2.0859375 08 17 17
15.433594 -1.8515625 08 18 12
17.753906 3.2109375 08 18 12
17.753906 3.2109375 08 18 12
18.808594 4.8984375 08 18 12
7.4179688 7.3359375 08 18 12
8.683594 6.8203125 08 18 12
7.4179688 7.3359375 08 18 12
39.76172 7.5703125 08 18 12
7.4179688 7.4296875 08 18 12
39.76172 7.8515625 08 18 12
21.902344 7.8046875 08 18 12
21.902344 7.8046875 08 18 12
22.113281 8.3203125 08 18 12
39.19922 10.3359375 08 18 12
36.808594 12.3984375 08 18 12
37.58203 12.9140625 08 18 12
36.73828 12.3984375 08 18 12
33.01172 13.6171875 08 18 12
38.14453 14.0390625 08 18 12
33.503906 14.6484375 08 18 12
33.29297 14.6484375 08 18 12
33.57422 3.3046875 08 18 13
9.808594 5.9296875 08 18 13
13.675781 5.8359375 08 18 13
11.988281 7.4765625 08 18 13
18.667969 9.3046875 08 18 13
31.816406 9.2109375 08 18 13
31.253906 9.6796875 08 18 13
35.402344 10.7578125 08 18 13
27.386719 -1.8515625 08 18 14
18.667969 -0.2109375 08 18 14
11.988281 1.6171875 08 18 14
13.746094 4.5234375 08 18 14
40.816406 9.6328125 08 18 14
29.496094 11.3671875 08 18 14
28.371094 13.2890625 08 18 14
28.371094 13.2890625 08 18 14
9.597656 13.3828125 08 18 14
24.363281 -0.1171875 08 18 15
27.597656 0.2578125 08 18 15
22.042969 0.2109375 08 18 15
11.214844 1.1015625 08 18 15
13.394531 4.6171875 08 18 15
8.613281 9.2109375 08 18 15
8.332031 10.5234375 08 18 15
15.152344 12.2109375 08 18 15
15.644531 13.0078125 08 18 15
17.191406 13.1015625 08 18 15
5.5898438 13.8984375 08 18 15
5.5898438 13.8984375 08 18 15
8.191406 14.3671875 08 18 15
6.9257812 15.0703125 08 18 15
18.527344 -3.6328125 08 18 16
12.761719 -1.9453125 08 18 16
18.035156 0.2578125 08 18 16
18.035156 0.2578125 08 18 16
25.488281 1.1015625 08 18 16
14.660156 3.1171875 08 18 16
11.496094 3.9140625 08 18 16
25.488281 11.0390625 08 18 16
18.738281 11.1796875 08 18 16
18.386719 12.0703125 08 18 16
19.089844 12.4453125 08 18 16
19.089844 12.4453125 08 18 16
37.01953 15.5390625 08 18 16
15.855469 -3.4921875 08 18 17
23.730469 0.3046875 08 18 17
40.535156 8.1328125 08 18 17
17.613281 10.4765625 08 18 17
29.074219 13.9453125 08 18 17
10.652344 14.0390625 08 18 17
34.558594 13.5234375 08 18 17
1.5117188 16.382812 08 18 17
2.7773438 15.9140625 08 18 17
6.0117188 15.6796875 08 18 17
25.558594 -29.601562 08 19 12
23.871094 -28.804688 08 19 12
23.871094 -28.804688 08 19 12
36.808594 -0.1171875 08 19 12
14.449219 0.5859375 08 19 12
14.449219 0.5859375 08 19 12
13.394531 1.8984375 08 19 12
13.535156 2.6953125 08 19 12
13.535156 2.6953125 08 19 12
16.628906 3.3046875 08 19 12
11.566406 6.4453125 08 19 12
10.371094 6.3515625 08 19 12
11.566406 6.4453125 08 19 12
18.105469 7.0078125 08 19 12
11.285156 8.2265625 08 19 12
1.7226562 8.0390625 08 19 12
11.355469 8.2265625 08 19 12
11.285156 8.2265625 08 19 12
25.136719 9.3984375 08 19 12
2.0039062 9.6328125 08 19 12
25.136719 9.3984375 08 19 12
25.136719 9.3984375 08 19 12
2.8476562 9.7734375 08 19 12
2.9179688 9.8671875 08 19 12
25.488281 9.6796875 08 19 12
25.417969 9.6796875 08 19 12
28.933594 9.6328125 08 19 12
25.417969 9.7265625 08 19 12
39.48047 11.3203125 08 19 12
1.7929688 10.8046875 08 19 12
1.7929688 10.8046875 08 19 12
1.6523438 11.4140625 08 19 12
18.246094 12.0234375 08 19 12
1.6523438 11.4140625 08 19 12
27.386719 -1.8515625 08 19 13
26.613281 -0.6796875 08 19 13
27.035156 -0.0703125 08 19 13
35.05078 1.3359375 08 19 13
15.925781 2.5546875 08 19 13
33.996094 3.5859375 08 19 13
17.894531 4.1953125 08 19 13
15.011719 4.2421875 08 19 13
16.136719 5.4140625 08 19 13
16.207031 5.4140625 08 19 13
14.871094 6.8203125 08 19 13
14.027344 7.0546875 08 19 13
39.339844 12.8203125 08 19 13
23.449219 0.5859375 08 19 14
26.753906 -0.1171875 08 19 14
23.660156 1.0546875 08 19 14
15.011719 3.4453125 08 19 14
6.3632812 6.8671875 08 19 14
8.683594 9.8671875 08 19 14
22.675781 10.8046875 08 19 14
16.699219 11.4609375 08 19 14
16.839844 11.5078125 08 19 14
26.402344 11.3671875 08 19 14
23.660156 11.5546875 08 19 14
23.589844 11.5546875 08 19 14
5.7304688 13.3828125 08 19 14
16.980469 14.0390625 08 19 14
24.292969 -1.3828125 08 19 15
23.378906 -0.7265625 08 19 15
24.644531 -0.3515625 08 19 15
26.332031 1.0078125 08 19 15
28.019531 1.6171875 08 19 15
29.214844 3.2109375 08 19 15
8.050781 11.6015625 08 19 15
22.464844 12.6796875 08 19 15
28.863281 12.7734375 08 19 15
28.863281 12.7734375 08 19 15
28.019531 13.3359375 08 19 15
6.6445312 13.3359375 08 19 15
21.410156 -1.6171875 08 19 16
21.410156 -1.6171875 08 19 16
12.691406 -1.5703125 08 19 16
17.472656 4.8515625 08 19 16
5.8007812 8.1328125 08 19 16
5.8710938 8.1328125 08 19 16
5.5195312 10.9921875 08 19 16
9.105469 10.5234375 08 19 16
7.2773438 11.5546875 08 19 16
26.753906 12.7734375 08 19 16
6.2929688 14.2734375 08 19 16
1.9335938 15.1171875 08 19 16
14.871094 7.9921875 08 19 17
5.2382812 11.0859375 08 19 17
11.285156 10.9453125 08 19 17
14.238281 12.1171875 08 19 17
1.8632812 17.554688 08 19 17
36.38672 0.3984375 08 20 12
36.73828 6.0703125 08 20 12
37.30078 6.0703125 08 20 12
12.902344 7.2421875 08 20 12
12.902344 7.2421875 08 20 12
39.83203 7.0546875 08 20 12
13.324219 7.5234375 08 20 12
12.902344 8.0390625 08 20 12
39.410156 7.6640625 08 20 12
12.902344 8.0390625 08 20 12
17.402344 8.8359375 08 20 12
38.35547 9.8671875 08 20 12
35.26172 10.0078125 08 20 12
37.79297 11.5078125 08 20 12
35.61328 11.3671875 08 20 12
38.07422 11.6953125 08 20 12
36.246094 11.6015625 08 20 12
38.07422 11.6953125 08 20 12
28.300781 12.3515625 08 20 12
31.324219 12.5390625 08 20 12
31.253906 13.4296875 08 20 12
23.308594 -0.8671875 08 20 13
24.855469 -0.5390625 08 20 13
17.121094 8.8828125 08 20 13
43.69922 9.3515625 08 20 13
31.535156 12.0703125 08 20 13
31.535156 12.0703125 08 20 13
24.011719 12.7265625 08 20 13
21.550781 -2.9296875 08 20 14
23.730469 -2.4140625 08 20 14
23.238281 -0.7734375 08 20 14
28.160156 7.3828125 08 20 14
26.050781 9.6328125 08 20 14
22.816406 12.5859375 08 20 14
23.308594 -2.7890625 08 20 15
22.464844 -1.9921875 08 20 15
20.566406 -1.4296875 08 20 15
25.207031 -1.8046875 08 20 15
20.566406 -1.4296875 08 20 15
20.566406 -1.4296875 08 20 15
19.582031 -0.2109375 08 20 15
20.566406 -0.0703125 08 20 15
22.253906 0.4453125 08 20 15
23.378906 0.5390625 08 20 15
22.675781 1.5703125 08 20 15
24.363281 1.3359375 08 20 15
21.480469 3.3046875 08 20 15
29.636719 9.7265625 08 20 15
25.066406 10.5234375 08 20 15
25.347656 11.3203125 08 20 15
26.261719 11.7890625 08 20 15
2.7773438 14.5546875 08 20 15
20.707031 -3.9609375 08 20 16
20.707031 -3.9609375 08 20 16
26.613281 -0.0703125 08 20 16
22.042969 2.4609375 08 20 16
32.16797 3.8203125 08 20 16
31.324219 4.0078125 08 20 16
32.308594 4.5703125 08 20 16
23.167969 9.0703125 08 20 16
6.1523438 14.2734375 08 20 16
28.933594 1.2890625 08 20 17
25.699219 9.2109375 08 20 17
26.894531 -2.7890625 08 21 12
16.347656 -1.5234375 08 21 12
16.839844 -2.2734375 08 21 12
16.980469 2.3203125 08 21 12
28.441406 5.0859375 08 21 12
38.566406 6.3046875 08 21 12
38.98828 7.3828125 08 21 12
38.42578 7.0546875 08 21 12
28.441406 6.6796875 08 21 12
22.605469 7.0546875 08 21 12
32.51953 7.2421875 08 21 12
12.199219 7.2890625 08 21 12
20.777344 7.6171875 08 21 12
22.324219 8.0390625 08 21 12
39.058594 7.8046875 08 21 12
34.76953 9.3984375 08 21 12
37.441406 8.6953125 08 21 12
34.910156 9.0703125 08 21 12
36.45703 9.8671875 08 21 12
24.152344 10.5703125 08 21 12
24.222656 10.6171875 08 21 12
24.152344 10.5703125 08 21 12
32.73047 10.3828125 08 21 12
18.105469 11.2734375 08 21 12
35.33203 10.7109375 08 21 12
24.011719 12.7734375 08 21 12
22.394531 13.0546875 08 21 12
37.089844 12.8203125 08 21 12
29.074219 14.5078125 08 21 12
18.527344 15.0234375 08 21 12
25.488281 6.4453125 08 21 13
29.285156 8.3671875 08 21 13
27.386719 6.8671875 08 21 14
19.300781 14.6484375 08 21 14
32.16797 14.9765625 08 21 14
23.730469 -2.6484375 08 21 15
19.792969 -1.5234375 08 21 15
19.371094 -0.5390625 08 21 15
19.230469 -0.5390625 08 21 15
23.941406 5.4609375 08 21 15
30.621094 6.5390625 08 21 15
11.847656 8.5546875 08 21 15
2.6367188 12.1640625 08 21 15
2.7070312 12.2578125 08 21 15
16.558594 16.054688 08 21 15
11.636719 1.2421875 08 21 16
14.519531 -2.6953125 08 21 17
5.8710938 11.2734375 08 21 17
21.761719 5.2265625 08 22 12
20.074219 3.7734375 08 22 12
20.988281 5.5078125 08 22 12
38.214844 6.3046875 08 22 12
29.496094 5.8828125 08 22 12
38.847656 6.6796875 08 22 12
36.38672 6.3984375 08 22 12
38.847656 6.6796875 08 22 12
38.847656 6.6796875 08 22 12
38.98828 7.8046875 08 22 12
41.73047 9.3515625 08 22 12
37.86328 12.0703125 08 22 12
29.847656 13.4765625 08 22 12
29.847656 13.4765625 08 22 12
29.707031 13.5234375 08 22 12
34.13672 1.2421875 08 22 13
23.519531 3.6796875 08 22 13
23.519531 3.6796875 08 22 13
23.238281 4.1953125 08 22 13
24.644531 4.5703125 08 22 13
23.800781 5.9296875 08 22 13
28.371094 6.1171875 08 22 13
21.128906 6.1640625 08 22 13
19.933594 6.5859375 08 22 13
27.597656 6.8671875 08 22 13
28.511719 7.1953125 08 22 13
19.933594 6.7734375 08 22 13
11.707031 8.6484375 08 22 13
11.707031 8.6484375 08 22 13
11.707031 8.6484375 08 22 13
33.57422 10.6640625 08 22 13
29.355469 12.5859375 08 22 13
12.480469 1.3828125 08 22 14
12.972656 3.9140625 08 22 14
12.972656 3.9140625 08 22 14
12.902344 3.9140625 08 22 14
11.988281 4.9453125 08 22 14
23.589844 5.0390625 08 22 14
11.988281 4.9453125 08 22 14
19.019531 6.2109375 08 22 14
26.824219 5.6484375 08 22 14
22.886719 8.4609375 08 22 14
7.5585938 8.7890625 08 22 14
8.894531 9.8671875 08 22 14
8.894531 9.8671875 08 22 14
32.51953 9.6796875 08 22 14
8.894531 9.8671875 08 22 14
28.441406 12.3984375 08 22 14
24.152344 -1.4296875 08 22 15
24.152344 -1.4296875 08 22 15
25.558594 -0.5859375 08 22 15
25.277344 -0.0234375 08 22 15
27.386719 1.2421875 08 22 15
24.433594 1.4296875 08 22 15
24.644531 1.5703125 08 22 15
25.488281 1.9453125 08 22 15
28.089844 2.7421875 08 22 15
33.152344 4.2890625 08 22 15
33.222656 4.3828125 08 22 15
7.4179688 9.5390625 08 22 15
7.4179688 12.9140625 08 22 15
21.199219 -4.2890625 08 22 16
12.621094 5.9765625 08 22 16
23.660156 6.9609375 08 22 16
15.714844 9.3515625 08 22 16
7.0664062 11.2265625 08 22 16
7.0664062 11.2265625 08 22 16
8.824219 11.2734375 08 22 16
18.597656 -5.1796875 08 22 17
13.746094 -2.5546875 08 22 17
4.7460938 11.6015625 08 22 17
34.066406 1.4765625 08 23 12
39.339844 6.9609375 08 23 12
39.339844 6.9609375 08 23 12
39.339844 6.9609375 08 23 12
39.058594 7.6171875 08 23 12
39.058594 7.6171875 08 23 12
38.847656 9.0703125 08 23 12
39.26953 7.9921875 08 23 12
38.496094 9.1640625 08 23 12
10.019531 9.2109375 08 23 12
10.019531 9.2109375 08 23 12
10.019531 9.2109375 08 23 12
10.019531 9.2109375 08 23 12
10.019531 9.2109375 08 23 12
10.019531 9.2109375 08 23 12
37.441406 10.1953125 08 23 12
37.441406 10.1953125 08 23 12
37.441406 10.1953125 08 23 12
35.26172 10.9921875 08 23 12
35.26172 10.9921875 08 23 12
21.480469 -3.7734375 08 23 13
28.300781 2.0859375 08 23 13
28.582031 3.4453125 08 23 13
28.582031 3.4453125 08 23 13
13.957031 5.1328125 08 23 13
7.3476562 7.6640625 08 23 13
13.464844 12.6328125 08 23 13
26.402344 13.4765625 08 23 13
26.332031 0.3046875 08 23 14
26.332031 0.3046875 08 23 14
27.457031 3.4921875 08 23 14
8.121094 7.5234375 08 23 14
7.2773438 8.6953125 08 23 14
19.722656 9.4453125 08 23 14
18.175781 10.7578125 08 23 14
19.019531 11.3203125 08 23 14
19.019531 11.3203125 08 23 14
8.121094 12.4921875 08 23 14
13.183594 12.5859375 08 23 14
13.253906 12.5859375 08 23 14
11.144531 13.9453125 08 23 14
36.035156 16.195312 08 23 14
20.566406 -3.7734375 08 23 15
23.800781 -3.1640625 08 23 15
14.097656 3.5859375 08 23 15
14.097656 3.5859375 08 23 15
14.097656 3.5859375 08 23 15
7.1367188 6.0234375 08 23 15
21.339844 8.6015625 08 23 15
20.566406 9.7265625 08 23 15
20.566406 9.7265625 08 23 15
11.285156 12.8203125 08 23 15
26.121094 14.0859375 08 23 15
19.441406 -3.7265625 08 23 16
19.441406 -3.7265625 08 23 16
16.066406 -3.4453125 08 23 16
22.042969 -1.1015625 08 23 16
5.8710938 7.8515625 08 23 16
23.097656 8.7421875 08 23 16
7.2773438 9.3515625 08 23 16
22.535156 10.4296875 08 23 16
20.707031 12.5390625 08 23 16
18.527344 -3.9140625 08 23 17
22.394531 -1.8984375 08 23 17
20.425781 -1.7578125 08 23 17
27.386719 13.8515625 08 23 17
28.582031 -0.3046875 08 24 12
28.582031 -0.2109375 08 24 12
31.324219 5.2734375 08 24 12
31.324219 5.5078125 08 24 12
10.230469 6.3515625 08 24 12
10.371094 6.3515625 08 24 12
39.691406 8.1796875 08 24 12
38.285156 8.2265625 08 24 12
39.76172 8.2734375 08 24 12
2.8476562 9.2109375 08 24 12
2.8476562 9.2109375 08 24 12
2.7070312 10.1015625 08 24 12
37.58203 10.6171875 08 24 12
38.285156 9.7734375 08 24 12
2.9882812 10.0546875 08 24 12
3.1289062 10.2421875 08 24 12
21.269531 14.5546875 08 24 12
31.464844 16.945312 08 24 12
32.589844 3.3515625 08 24 13
33.64453 3.3046875 08 24 13
38.70703 6.7265625 08 24 13
25.910156 15.2578125 08 24 13
25.910156 15.2578125 08 24 13
22.464844 -4.2421875 08 24 14
34.910156 1.2421875 08 24 14
29.777344 4.6171875 08 24 14
14.027344 6.1640625 08 24 14
7.6992188 7.1484375 08 24 14
6.3632812 7.9453125 08 24 14
8.542969 9.8671875 08 24 14
8.542969 9.8671875 08 24 14
10.371094 10.1953125 08 24 14
9.246094 10.9921875 08 24 14
26.050781 12.2109375 08 24 14
8.824219 12.8671875 08 24 14
8.824219 12.8671875 08 24 14
8.824219 12.8671875 08 24 14
21.832031 15.4921875 08 24 14
30.269531 17.460938 08 24 14
31.675781 17.507812 08 24 14
23.238281 -3.7265625 08 24 15
23.167969 -2.9296875 08 24 15
14.378906 -2.4609375 08 24 15
30.339844 6.5859375 08 24 15
30.339844 6.5859375 08 24 15
14.097656 7.3359375 08 24 15
13.816406 11.5546875 08 24 15
13.042969 12.1640625 08 24 15
12.972656 12.1640625 08 24 15
10.582031 13.6171875 08 24 15
24.011719 14.1796875 08 24 15
12.269531 2.6484375 08 24 16
12.269531 2.6484375 08 24 16
27.597656 2.9765625 08 24 16
12.128906 5.7890625 08 24 16
15.925781 10.8984375 08 24 16
15.925781 10.8984375 08 24 16
6.9960938 12.5390625 08 24 16
4.9570312 12.9140625 08 24 16
19.441406 12.6328125 08 24 16
5.0976562 14.0859375 08 24 16
34.13672 17.179688 08 24 16
35.26172 17.789062 08 24 16
35.26172 17.789062 08 24 16
23.238281 4.3359375 08 24 17
3.1992188 13.5234375 08 24 17
3.1992188 13.5234375 08 24 17
20.988281 4.2421875 08 25 12
10.230469 6.1171875 08 25 12
12.761719 6.6796875 08 25 12
40.253906 7.1015625 08 25 12
40.88672 7.3359375 08 25 12
35.753906 7.0546875 08 25 12
35.753906 7.0546875 08 25 12
39.48047 7.5703125 08 25 12
40.88672 7.3359375 08 25 12
29.425781 7.1953125 08 25 12
31.324219 7.6640625 08 25 12
29.425781 7.1953125 08 25 12
29.847656 7.7109375 08 25 12
38.214844 9.8203125 08 25 12
37.652344 10.3359375 08 25 12
22.535156 -3.1640625 08 25 13
23.167969 -3.1640625 08 25 13
22.535156 -3.1640625 08 25 13
22.535156 -3.1640625 08 25 13
22.535156 -3.1640625 08 25 13
22.535156 -3.1640625 08 25 13
21.832031 -3.2578125 08 25 13
19.792969 -0.9140625 08 25 13
19.371094 -0.5859375 08 25 13
36.597656 0.0234375 08 25 13
14.800781 1.2890625 08 25 13
14.800781 1.2890625 08 25 13
33.85547 3.3046875 08 25 13
20.566406 3.9609375 08 25 13
29.003906 5.3203125 08 25 13
29.355469 5.3203125 08 25 13
29.214844 5.3671875 08 25 13
29.214844 5.3671875 08 25 13
29.214844 5.3671875 08 25 13
39.410156 9.1640625 08 25 13
22.042969 -4.1953125 08 25 14
23.308594 -3.6328125 08 25 14
27.457031 -1.8515625 08 25 14
18.175781 0.4921875 08 25 14
27.527344 1.5703125 08 25 14
27.527344 1.6171875 08 25 14
14.800781 1.8046875 08 25 14
22.253906 3.0703125 08 25 14
19.722656 10.9921875 08 25 14
19.722656 10.9921875 08 25 14
23.730469 12.6796875 08 25 14
14.378906 2.6484375 08 25 15
1.5117188 9.5390625 08 25 15
30.410156 9.6328125 08 25 15
1.5117188 9.5390625 08 25 15
8.824219 9.8203125 08 25 15
10.371094 10.5703125 08 25 15
10.371094 10.5703125 08 25 15
9.878906 10.4765625 08 25 15
11.285156 10.8515625 08 25 15
12.128906 11.0859375 08 25 15
14.167969 11.0390625 08 25 15
15.714844 11.7421875 08 25 15
15.714844 11.7421875 08 25 15
12.058594 12.0234375 08 25 15
20.355469 12.5859375 08 25 15
1.6523438 13.3359375 08 25 15
20.777344 1.0078125 08 25 16
19.019531 1.5703125 08 25 16
14.519531 4.7109375 08 25 16
3.1289062 9.5390625 08 25 16
10.933594 11.6484375 08 25 16
8.472656 12.3984375 08 25 16
13.816406 12.3984375 08 25 16
11.144531 12.9609375 08 25 16
17.050781 13.0546875 08 25 16
3.4101562 13.5703125 08 25 16
9.949219 13.4765625 08 25 16
10.089844 13.4296875 08 25 16
3.6914062 13.5703125 08 25 16
10.089844 13.5234375 08 25 16
5.9414062 14.9296875 08 25 16
12.480469 2.4609375 08 25 17
1.4414062 8.3671875 08 25 17
1.6523438 10.6640625 08 25 17
2.2851562 10.8515625 08 25 17
2.2851562 10.8515625 08 25 17
4.3242188 13.7109375 08 25 17
26.894531 -4.0546875 08 26 12
13.746094 -0.0234375 08 26 12
13.746094 0.3046875 08 26 12
15.574219 1.6640625 08 26 12
20.285156 3.6796875 08 26 12
20.355469 3.6328125 08 26 12
24.996094 3.6328125 08 26 12
20.144531 3.8203125 08 26 12
24.996094 3.6328125 08 26 12
20.074219 4.0078125 08 26 12
24.996094 3.6328125 08 26 12
18.667969 4.3828125 08 26 12
18.667969 4.3828125 08 26 12
14.871094 5.6953125 08 26 12
17.542969 6.4453125 08 26 12
24.011719 5.9765625 08 26 12
24.855469 5.9765625 08 26 12
9.878906 6.0703125 08 26 12
17.542969 6.5390625 08 26 12
15.785156 7.1953125 08 26 12
21.269531 6.5859375 08 26 12
39.83203 7.6171875 08 26 12
39.26953 7.7578125 08 26 12
39.26953 7.7578125 08 26 12
11.847656 8.8359375 08 26 12
37.933594 9.2109375 08 26 12
37.933594 9.2109375 08 26 12
29.917969 10.5234375 08 26 12
14.238281 9.4453125 08 26 12
11.285156 10.4296875 08 26 12
11.285156 10.4296875 08 26 12
12.902344 11.1328125 08 26 12
36.878906 10.4765625 08 26 12
36.878906 10.4765625 08 26 12
12.621094 11.2734375 08 26 12
11.285156 10.4296875 08 26 12
28.933594 10.9921875 08 26 12
28.089844 12.0703125 08 26 12
37.01953 12.5390625 08 26 12
29.566406 12.8671875 08 26 12
38.003906 13.9453125 08 26 12
37.933594 13.9921875 08 26 12
22.113281 -4.7578125 08 26 13
24.152344 -4.6171875 08 26 13
23.800781 -3.2109375 08 26 13
26.753906 -2.7890625 08 26 13
27.457031 -2.0859375 08 26 13
12.972656 1.6640625 08 26 13
21.972656 2.3203125 08 26 13
27.949219 3.7734375 08 26 13
11.214844 4.5234375 08 26 13
31.816406 8.3671875 08 26 13
16.628906 9.6796875 08 26 13
16.628906 9.6796875 08 26 13
37.58203 11.6484375 08 26 13
23.238281 -3.6796875 08 26 14
23.730469 -3.3046875 08 26 14
26.472656 -0.3515625 08 26 14
21.480469 4.0546875 08 26 14
22.183594 7.0078125 08 26 14
21.972656 6.9609375 08 26 14
37.089844 7.8046875 08 26 14
20.496094 8.5546875 08 26 14
20.496094 8.5546875 08 26 14
18.316406 11.3671875 08 26 14
18.316406 11.4140625 08 26 14
3.0585938 14.2734375 08 26 14
22.886719 -3.8203125 08 26 15
24.996094 -3.3515625 08 26 15
21.832031 -0.2578125 08 26 15
21.832031 -0.2578125 08 26 15
21.339844 0.9140625 08 26 15
21.761719 3.9140625 08 26 15
27.878906 7.2421875 08 26 15
20.988281 8.0859375 08 26 15
5.4492188 7.9453125 08 26 15
21.902344 8.2265625 08 26 15
9.035156 9.5390625 08 26 15
22.324219 9.5859375 08 26 15
9.035156 9.5390625 08 26 15
16.910156 12.9609375 08 26 15
24.785156 -4.8046875 08 26 16
23.238281 2.8828125 08 26 16
14.027344 4.4296875 08 26 16
7.9804688 7.5703125 08 26 16
2.3554688 7.7578125 08 26 16
6.3632812 8.0859375 08 26 16
4.1835938 8.2734375 08 26 16
39.48047 8.7890625 08 26 16
20.285156 11.8828125 08 26 16
11.917969 12.7265625 08 26 16
4.4648438 13.8984375 08 26 16
2.2851562 13.8515625 08 26 16
4.2539062 14.0390625 08 26 16
6.0117188 14.1796875 08 26 16
6.0117188 14.1796875 08 26 16
6.0117188 14.1796875 08 26 16
1.4414062 15.6796875 08 26 16
2.6367188 16.148438 08 26 16
2.6367188 16.148438 08 26 16
19.652344 -0.3984375 08 26 17
20.003906 0.5859375 08 26 17
13.183594 4.6640625 08 26 17
1.6523438 9.3984375 08 26 17
19.863281 11.2734375 08 26 17
3.8320312 14.7421875 08 26 17
25.769531 -0.2109375 08 27 12
25.839844 -0.4453125 08 27 12
24.152344 0.3515625 08 27 12
24.152344 0.3515625 08 27 12
24.152344 0.3515625 08 27 12
24.152344 0.3515625 08 27 12
23.449219 0.5390625 08 27 12
39.972656 7.0546875 08 27 12
39.972656 7.0546875 08 27 12
39.972656 7.1484375 08 27 12
28.441406 9.3515625 08 27 12
28.441406 9.3515625 08 27 12
27.667969 10.1484375 08 27 12
34.69922 9.6796875 08 27 12
34.69922 9.6796875 08 27 12
34.69922 9.6796875 08 27 12
28.441406 9.3515625 08 27 12
34.69922 9.6796875 08 27 12
27.527344 10.1484375 08 27 12
27.527344 10.1484375 08 27 12
28.300781 9.4453125 08 27 12
26.753906 11.2734375 08 27 12
36.808594 12.4453125 08 27 12
24.433594 -3.2109375 08 27 13
27.667969 0.0234375 08 27 13
28.019531 1.0546875 08 27 13
10.792969 6.4453125 08 27 13
10.792969 6.4453125 08 27 13
33.08203 9.0703125 08 27 13
22.042969 -4.0078125 08 27 14
11.917969 7.1484375 08 27 14
29.847656 10.0546875 08 27 14
14.800781 10.8984375 08 27 14
16.980469 11.8828125 08 27 14
17.542969 11.7421875 08 27 14
17.542969 11.7421875 08 27 14
20.566406 -3.8671875 08 27 15
23.660156 0.9140625 08 27 15
27.949219 2.0859375 08 27 15
19.300781 13.0546875 08 27 15
20.566406 -4.8515625 08 27 16
24.996094 -1.9453125 08 27 16
24.996094 -1.9453125 08 27 16
22.253906 0.4921875 08 27 16
29.003906 6.1171875 08 27 16
29.074219 13.6171875 08 27 17
26.613281 -4.3359375 08 28 12
19.511719 -3.1640625 08 28 12
20.425781 0.7265625 08 28 12
29.003906 -0.7734375 08 28 12
29.003906 -0.7734375 08 28 12
28.441406 0.8671875 08 28 12
28.511719 0.9140625 08 28 12
20.425781 0.7265625 08 28 12
33.222656 2.4609375 08 28 12
33.222656 2.5078125 08 28 12
38.285156 5.9765625 08 28 12
36.66797 6.1640625 08 28 12
39.339844 6.6328125 08 28 12
22.394531 6.6796875 08 28 12
36.10547 7.0078125 08 28 12
22.394531 6.6796875 08 28 12
20.917969 8.4609375 08 28 12
16.628906 8.9765625 08 28 12
18.667969 9.3046875 08 28 12
34.277344 9.2109375 08 28 12
34.76953 9.3515625 08 28 12
34.76953 9.3515625 08 28 12
32.44922 11.1796875 08 28 12
32.44922 11.1796875 08 28 12
37.01953 12.6328125 08 28 12
37.01953 12.6328125 08 28 12
22.605469 -5.1328125 08 28 13
26.191406 -3.4921875 08 28 13
24.855469 -3.7265625 08 28 13
26.191406 -3.4453125 08 28 13
21.691406 1.8046875 08 28 13
24.574219 5.1328125 08 28 13
24.503906 5.1328125 08 28 13
24.785156 6.0234375 08 28 13
22.113281 8.4609375 08 28 13
35.54297 8.5546875 08 28 13
20.074219 9.2578125 08 28 13
37.160156 7.0078125 08 28 14
31.746094 7.3828125 08 28 14
31.746094 7.3828125 08 28 14
8.613281 9.8671875 08 28 14
9.457031 11.5546875 08 28 14
11.355469 12.0234375 08 28 14
23.589844 -3.9140625 08 28 15
22.535156 -1.4296875 08 28 15
22.535156 -1.4296875 08 28 15
22.253906 -0.7734375 08 28 15
22.253906 -0.7734375 08 28 15
21.550781 -0.3984375 08 28 15
22.253906 0.3984375 08 28 15
9.105469 9.4453125 08 28 15
36.73828 9.9140625 08 28 15
36.73828 9.9140625 08 28 15
10.933594 11.7421875 08 28 15
13.253906 12.2578125 08 28 15
34.76953 14.8359375 08 28 15
18.597656 -6.0703125 08 28 16
18.597656 -6.0703125 08 28 16
21.128906 -5.0859375 08 28 16
21.128906 -5.0859375 08 28 16
31.464844 8.5546875 08 28 16
31.464844 8.5546875 08 28 16
20.917969 9.1171875 08 28 16
18.949219 10.2421875 08 28 16
17.964844 10.4765625 08 28 16
19.019531 10.2421875 08 28 16
19.722656 -5.1796875 08 28 17
23.378906 -1.9921875 08 28 17
24.574219 -1.6640625 08 28 17
40.746094 11.1796875 08 28 17
40.746094 11.1796875 08 28 17
14.378906 14.3671875 08 28 17
14.378906 14.3671875 08 28 17
19.300781 -1.6171875 08 29 12
21.058594 -1.7578125 08 29 12
21.058594 -1.7578125 08 29 12
19.300781 -1.6171875 08 29 12
29.285156 0.0703125 08 29 12
23.730469 0.0234375 08 29 12
23.730469 0.9609375 08 29 12
22.746094 1.1015625 08 29 12
32.871094 3.9609375 08 29 12
22.394531 7.0546875 08 29 12
15.222656 7.7109375 08 29 12
27.949219 7.8515625 08 29 12
11.636719 8.3203125 08 29 12
10.652344 8.9296875 08 29 12
27.316406 8.6953125 08 29 12
24.292969 9.2109375 08 29 12
23.660156 9.3984375 08 29 12
26.332031 9.5859375 08 29 12
24.292969 9.9609375 08 29 12
17.261719 9.9140625 08 29 12
26.332031 9.5859375 08 29 12
34.347656 10.4765625 08 29 12
15.222656 10.3359375 08 29 12
34.347656 10.4765625 08 29 12
37.160156 12.7265625 08 29 12
37.160156 12.7265625 08 29 12
37.160156 12.7265625 08 29 12
28.933594 -0.5859375 08 29 13
6.0117188 9.6328125 08 29 13
35.26172 9.7265625 08 29 13
22.675781 10.2890625 08 29 13
22.675781 10.2890625 08 29 13
25.136719 10.5703125 08 29 13
19.019531 13.0078125 08 29 13
18.386719 14.6953125 08 29 13
32.44922 15.3515625 08 29 13
32.44922 15.3515625 08 29 13
32.941406 15.6328125 08 29 13
35.05078 15.9140625 08 29 13
22.042969 -5.9296875 08 29 14
20.003906 -5.4609375 08 29 14
23.027344 -4.8046875 08 29 14
19.511719 10.6640625 08 29 14
21.199219 10.7109375 08 29 14
9.808594 12.8671875 08 29 14
9.808594 12.8671875 08 29 14
14.167969 13.6640625 08 29 14
14.378906 13.8984375 08 29 14
18.878906 13.2421875 08 29 14
14.167969 13.6640625 08 29 14
22.535156 14.3671875 08 29 14
30.480469 -25.757812 08 29 15
18.246094 -5.2265625 08 29 15
20.988281 -5.0390625 08 29 15
21.902344 -4.7109375 08 29 15
21.902344 -4.7109375 08 29 15
20.988281 -5.0390625 08 29 15
21.902344 -4.7109375 08 29 15
24.996094 -4.1015625 08 29 15
22.886719 -4.3828125 08 29 15
24.363281 -3.9140625 08 29 15
26.753906 -1.8984375 08 29 15
2.0742188 9.8671875 08 29 15
2.3554688 10.7578125 08 29 15
10.371094 12.6796875 08 29 15
2.4960938 13.1015625 08 29 15
15.714844 -1.6171875 08 29 16
25.980469 1.0546875 08 29 16
28.792969 1.9921875 08 29 16
1.6523438 8.6953125 08 29 16
30.128906 -27.257812 08 30 12
19.722656 -5.1328125 08 30 12
26.964844 -4.9921875 08 30 12
26.753906 -3.6328125 08 30 12
25.136719 -3.6328125 08 30 12
26.753906 -3.4921875 08 30 12
27.457031 -2.1328125 08 30 12
17.824219 -1.8984375 08 30 12
36.66797 1.0078125 08 30 12
32.23828 4.2421875 08 30 12
33.57422 7.5234375 08 30 12
33.433594 4.2890625 08 30 12
38.91797 6.5859375 08 30 12
37.30078 6.0703125 08 30 12
39.058594 6.6328125 08 30 12
33.01172 6.1171875 08 30 12
39.058594 6.6328125 08 30 12
39.691406 6.9140625 08 30 12
36.17578 7.1953125 08 30 12
37.722656 7.0078125 08 30 12
39.058594 6.6796875 08 30 12
33.64453 7.4765625 08 30 12
38.003906 7.7109375 08 30 12
35.683594 7.9921875 08 30 12
33.152344 8.7890625 08 30 12
34.347656 9.3046875 08 30 12
33.152344 8.7890625 08 30 12
36.246094 9.1640625 08 30 12
36.246094 9.1640625 08 30 12
18.035156 8.9296875 08 30 12
34.347656 9.3046875 08 30 12
36.597656 10.8046875 08 30 12
36.45703 11.4140625 08 30 12
29.777344 13.6640625 08 30 12
29.707031 13.7109375 08 30 12
28.933594 14.1328125 08 30 12
29.777344 13.6640625 08 30 12
28.933594 14.1328125 08 30 12
31.253906 14.3671875 08 30 12
28.371094 14.5546875 08 30 12
28.933594 14.1328125 08 30 12
28.933594 14.1328125 08 30 12
21.410156 15.0703125 08 30 12
31.886719 15.0703125 08 30 12
21.410156 15.0703125 08 30 12
22.746094 1.8046875 08 30 13
24.152344 10.4765625 08 30 13
27.527344 10.5703125 08 30 13
17.894531 12.6796875 08 30 13
25.066406 -2.7890625 08 30 14
20.707031 -2.1328125 08 30 14
22.605469 -0.4921875 08 30 14
23.800781 0.3515625 08 30 14
6.0117188 8.5078125 08 30 14
6.2929688 8.3203125 08 30 14
13.886719 10.9453125 08 30 14
18.386719 12.7265625 08 30 14
13.042969 13.1953125 08 30 14
26.191406 -0.7734375 08 30 15
22.746094 0.3046875 08 30 15
4.2539062 8.9765625 08 30 15
39.058594 9.9609375 08 30 15
8.191406 10.3359375 08 30 15
34.20703 12.2578125 08 30 15
22.746094 -2.9296875 08 30 16
26.191406 -0.8203125 08 30 16
25.910156 -1.3359375 08 30 16
27.738281 -0.7734375 08 30 16
20.988281 -0.2578125 08 30 16
3.9726562 10.1953125 08 30 16
3.9726562 10.1953125 08 30 16
14.730469 11.4140625 08 30 16
30.691406 11.6484375 08 30 16
11.074219 12.4453125 08 30 16
20.917969 -5.2734375 08 30 17
21.972656 -4.6171875 08 30 17
22.816406 -2.0859375 08 30 17
24.996094 -0.8671875 08 30 17
38.566406 9.0234375 08 30 17
36.316406 15.0703125 08 30 17
36.316406 15.0703125 08 30 17
23.730469 -8.4140625 09 01 12
27.457031 -5.2265625 09 01 12
27.457031 -5.2265625 09 01 12
18.738281 -1.9453125 09 01 12
27.457031 -1.9921875 09 01 12
18.738281 -1.9453125 09 01 12
25.769531 -0.0234375 09 01 12
36.94922 -0.4453125 09 01 12
26.542969 -0.7265625 09 01 12
26.472656 0.5859375 09 01 12
26.542969 0.5859375 09 01 12
26.472656 0.5859375 09 01 12
28.371094 0.9140625 09 01 12
25.980469 1.1015625 09 01 12
26.261719 1.7578125 09 01 12
27.105469 2.9296875 09 01 12
34.347656 4.4765625 09 01 12
26.402344 6.7265625 09 01 12
38.35547 5.9296875 09 01 12
25.839844 5.9765625 09 01 12
26.402344 6.7734375 09 01 12
39.48047 6.6328125 09 01 12
36.808594 6.8671875 09 01 12
26.402344 6.7734375 09 01 12
26.402344 6.7734375 09 01 12
35.964844 7.1484375 09 01 12
39.26953 7.7578125 09 01 12
17.261719 7.9921875 09 01 12
24.855469 8.6953125 09 01 12
26.050781 8.2265625 09 01 12
36.808594 7.8984375 09 01 12
39.26953 7.7578125 09 01 12
5.2382812 8.7890625 09 01 12
24.855469 8.6953125 09 01 12
37.933594 8.7890625 09 01 12
5.2382812 8.7890625 09 01 12
4.5351562 9.5859375 09 01 12
4.4648438 9.6796875 09 01 12
29.355469 9.3984375 09 01 12
42.08203 9.4453125 09 01 12
25.207031 9.5859375 09 01 12
12.761719 9.7734375 09 01 12
42.08203 9.4453125 09 01 12
13.183594 9.8671875 09 01 12
25.207031 9.5859375 09 01 12
13.183594 9.8671875 09 01 12
25.207031 9.5859375 09 01 12
15.082031 10.3359375 09 01 12
13.183594 9.8671875 09 01 12
24.785156 10.6640625 09 01 12
23.027344 11.1328125 09 01 12
27.035156 11.3671875 09 01 12
27.105469 11.3671875 09 01 12
21.339844 12.3046875 09 01 12
22.535156 11.8359375 09 01 12
21.339844 12.3046875 09 01 12
22.535156 12.0703125 09 01 12
21.480469 12.9609375 09 01 12
28.863281 1.1953125 09 01 13
28.019531 2.7890625 09 01 13
28.019531 2.7890625 09 01 13
27.667969 5.6484375 09 01 13
28.019531 7.2890625 09 01 13
28.019531 7.2890625 09 01 13
19.230469 8.6953125 09 01 14
18.035156 9.1171875 09 01 14
2.0039062 9.0703125 09 01 14
8.121094 9.8203125 09 01 14
23.167969 -28.476562 09 01 15
21.902344 -5.1328125 09 01 15
24.996094 -2.9296875 09 01 15
5.1679688 11.3671875 09 01 15
17.542969 12.1640625 09 01 15
22.183594 -5.1796875 09 01 16
34.558594 9.5390625 09 01 16
40.11328 11.0390625 09 01 16
24.785156 -6.1640625 09 02 12
24.785156 -6.1640625 09 02 12
24.785156 -6.1640625 09 02 12
27.667969 -2.2265625 09 02 12
29.144531 -0.5390625 09 02 12
29.144531 -0.5390625 09 02 12
29.285156 0.0234375 09 02 12
33.996094 3.0703125 09 02 12
33.92578 6.1171875 09 02 12
33.92578 6.1171875 09 02 12
36.45703 5.8828125 09 02 12
36.45703 5.8828125 09 02 12
34.69922 5.7421875 09 02 12
36.45703 5.8828125 09 02 12
33.996094 6.1640625 09 02 12
35.33203 6.9609375 09 02 12
32.73047 7.9921875 09 02 12
15.363281 9.2578125 09 02 12
15.363281 9.3046875 09 02 12
41.378906 9.3046875 09 02 12
36.527344 10.8984375 09 02 12
37.160156 12.7734375 09 02 12
37.160156 12.7734375 09 02 12
28.019531 7.0078125 09 02 13
27.808594 8.6953125 09 02 13
28.019531 8.6953125 09 02 13
13.253906 10.0078125 09 02 13
27.667969 11.3671875 09 02 13
28.160156 11.8359375 09 02 13
28.160156 11.8828125 09 02 13
28.160156 11.8828125 09 02 13
26.191406 12.3046875 09 02 13
26.753906 12.8203125 09 02 13
21.902344 13.8046875 09 02 13
22.605469 -8.6953125 09 02 14
22.605469 -8.6953125 09 02 14
22.605469 -8.6953125 09 02 14
16.699219 8.6953125 09 02 14
13.324219 13.4296875 09 02 14
35.26172 15.3984375 09 02 14
17.613281 8.4609375 09 02 15
25.910156 8.5078125 09 02 15
11.003906 11.3671875 09 02 15
12.410156 11.4609375 09 02 15
21.691406 -9.2578125 09 02 16
15.644531 9.5859375 09 02 16
18.316406 12.0234375 09 02 16
19.160156 12.3984375 09 02 16
19.160156 12.3984375 09 02 16
14.378906 13.8046875 09 02 16
20.988281 -9.0703125 09 02 17
24.082031 9.9609375 09 02 17
24.082031 9.9609375 09 02 17
39.76172 11.0390625 09 02 17
34.066406 3.5390625 09 03 12
34.066406 3.5390625 09 03 12
33.785156 3.6328125 09 03 12
19.792969 6.2109375 09 03 12
14.730469 7.1015625 09 03 12
14.730469 7.1015625 09 03 12
18.949219 7.2890625 09 03 12
14.730469 7.1015625 09 03 12
38.98828 6.7265625 09 03 12
14.167969 7.8515625 09 03 12
15.785156 7.7578125 09 03 12
14.871094 7.9453125 09 03 12
18.175781 7.3828125 09 03 12
36.10547 8.2734375 09 03 12
14.941406 7.9453125 09 03 12
36.10547 8.2734375 09 03 12
11.777344 8.0859375 09 03 12
13.324219 8.5546875 09 03 12
41.44922 9.3984375 09 03 12
15.292969 9.5390625 09 03 12
14.378906 9.2109375 09 03 12
41.44922 9.3984375 09 03 12
39.339844 9.5859375 09 03 12
39.339844 9.5859375 09 03 12
36.878906 10.9921875 09 03 12
30.550781 10.4765625 09 03 12
38.07422 11.4140625 09 03 12
38.07422 11.4140625 09 03 12
14.730469 11.4609375 09 03 12
38.07422 11.4140625 09 03 12
38.07422 11.4140625 09 03 12
37.089844 12.6328125 09 03 12
8.894531 9.2109375 09 03 13
8.894531 9.2578125 09 03 13
42.433594 9.5390625 09 03 13
14.238281 12.2109375 09 03 13
14.167969 12.3046875 09 03 13
21.621094 14.7421875 09 03 13
21.410156 -8.6015625 09 03 14
22.535156 -8.2734375 09 03 14
21.832031 -7.7109375 09 03 14
11.214844 11.2265625 09 03 14
12.269531 12.3046875 09 03 14
14.660156 13.9453125 09 03 14
31.042969 -26.320312 09 03 15
21.761719 -7.3828125 09 03 15
22.113281 2.2265625 09 03 15
16.839844 9.3046875 09 03 15
5.2382812 15.4453125 09 03 15
33.714844 16.101562 09 03 15
19.933594 -6.2578125 09 03 16
32.589844 9.5390625 09 03 16
9.949219 13.8515625 09 03 16
35.191406 16.945312 09 03 16
24.222656 -8.9765625 09 03 17
19.089844 -7.1484375 09 03 17
19.652344 -7.1484375 09 03 17
12.621094 -1.9921875 09 03 17
18.597656 -0.1640625 09 03 17
18.597656 -0.1640625 09 03 17
22.746094 14.2734375 09 03 17
27.457031 -2.0859375 09 04 12
27.457031 -2.0859375 09 04 12
28.441406 -2.2265625 09 04 12
29.074219 -1.3359375 09 04 12
37.51172 0.0703125 09 04 12
29.074219 -0.0703125 09 04 12
29.285156 0.0703125 09 04 12
17.191406 0.3515625 09 04 12
18.878906 0.7265625 09 04 12
29.285156 0.0703125 09 04 12
16.980469 1.9921875 09 04 12
9.738281 5.9765625 09 04 12
9.738281 5.9765625 09 04 12
39.55078 6.9609375 09 04 12
9.738281 5.9765625 09 04 12
39.83203 7.7109375 09 04 12
38.35547 8.6953125 09 04 12
38.35547 8.6953125 09 04 12
38.35547 8.6953125 09 04 12
41.73047 9.1640625 09 04 12
4.7460938 10.2890625 09 04 12
5.3085938 10.5703125 09 04 12
36.878906 11.0859375 09 04 12
5.3085938 10.5703125 09 04 12
36.878906 11.0859375 09 04 12
25.417969 -6.6796875 09 04 13
23.378906 -6.2578125 09 04 13
22.324219 -6.0234375 09 04 13
24.503906 -5.9296875 09 04 13
23.378906 -6.2578125 09 04 13
21.621094 -5.6015625 09 04 13
26.753906 -5.1328125 09 04 13
26.191406 -2.6484375 09 04 13
26.191406 -2.6484375 09 04 13
18.808594 -2.5078125 09 04 13
20.566406 -1.5703125 09 04 13
20.707031 -0.6796875 09 04 13
21.339844 -0.5390625 09 04 13
23.378906 9.0234375 09 04 13
22.605469 -7.1953125 09 04 14
25.980469 -2.3203125 09 04 14
19.652344 0.0234375 09 04 14
22.816406 1.4765625 09 04 14
3.4101562 8.8359375 09 04 14
18.667969 9.0703125 09 04 14
1.7226562 14.7890625 09 04 14
21.058594 -1.5703125 09 04 15
22.324219 0.3515625 09 04 15
23.519531 0.8671875 09 04 15
20.988281 1.0546875 09 04 15
7.4882812 7.6171875 09 04 15
35.05078 14.9296875 09 04 15
35.05078 14.9296875 09 04 15
20.074219 -6.9140625 09 04 16
14.378906 -2.3203125 09 04 16
8.121094 10.4296875 09 04 16
37.01953 15.2578125 09 04 16
34.628906 15.1171875 09 04 16
23.238281 -3.9609375 09 04 17
18.667969 -4.0078125 09 05 12
17.894531 -3.6796875 09 05 12
18.667969 -4.0078125 09 05 12
17.894531 -3.6796875 09 05 12
29.003906 -1.4296875 09 05 12
22.253906 -0.7734375 09 05 12
24.011719 -0.1640625 09 05 12
24.011719 -0.1171875 09 05 12
29.355469 0.0703125 09 05 12
25.347656 2.0390625 09 05 12
25.347656 2.0390625 09 05 12
32.941406 3.7265625 09 05 12
32.941406 3.7265625 09 05 12
32.80078 4.0546875 09 05 12
29.707031 4.7109375 09 05 12
39.621094 8.1796875 09 05 12
41.308594 9.2109375 09 05 12
38.70703 9.1171875 09 05 12
41.73047 9.3046875 09 05 12
38.70703 9.1171875 09 05 12
41.73047 9.3046875 09 05 12
32.16797 10.0078125 09 05 12
39.621094 9.7734375 09 05 12
32.16797 10.0078125 09 05 12
32.16797 10.0078125 09 05 12
32.16797 10.0078125 09 05 12
15.996094 12.2109375 09 05 12
24.152344 -9.0703125 09 05 13
24.152344 -9.0703125 09 05 13
23.941406 -9.0703125 09 05 13
24.082031 -7.1953125 09 05 13
19.371094 -5.5078125 09 05 13
19.582031 1.1015625 09 05 13
27.667969 1.1484375 09 05 13
18.246094 1.3828125 09 05 13
18.246094 1.3828125 09 05 13
28.230469 1.9921875 09 05 13
27.246094 2.4609375 09 05 13
28.230469 1.9921875 09 05 13
27.246094 2.4609375 09 05 13
30.691406 3.5390625 09 05 13
30.691406 3.5390625 09 05 13
30.691406 3.5390625 09 05 13
30.691406 3.5390625 09 05 13
30.621094 5.1328125 09 05 13
22.464844 8.6484375 09 05 13
27.597656 -1.8984375 09 05 14
26.261719 0.3984375 09 05 14
19.933594 2.7421875 09 05 14
31.605469 3.6796875 09 05 14
27.527344 5.0859375 09 05 14
24.363281 8.7421875 09 05 14
24.363281 8.8828125 09 05 14
26.121094 -0.7265625 09 05 15
19.511719 2.8828125 09 05 15
32.589844 9.7265625 09 05 15
18.878906 11.8359375 09 05 15
9.738281 12.6796875 09 05 15
9.738281 12.6796875 09 05 15
19.160156 12.9140625 09 05 15
20.214844 13.9453125 09 05 15
1.7226562 13.5234375 09 05 16
4.2539062 13.6171875 09 05 16
21.058594 14.5546875 09 05 16
21.058594 14.5546875 09 05 16
7.9804688 7.8515625 09 05 17
5.1679688 13.9453125 09 05 17
5.1679688 13.9453125 09 05 17
20.074219 -4.3828125 09 06 12
20.074219 -4.3828125 09 06 12
20.074219 -4.3828125 09 06 12
20.074219 -4.3828125 09 06 12
20.425781 -3.9140625 09 06 12
20.425781 -3.9140625 09 06 12
20.425781 -3.9140625 09 06 12
20.144531 -3.8203125 09 06 12
20.425781 -3.9140625 09 06 12
20.425781 -3.9140625 09 06 12
20.425781 -3.9140625 09 06 12
20.355469 -3.9140625 09 06 12
20.003906 -3.0703125 09 06 12
26.121094 1.3828125 09 06 12
22.675781 1.7578125 09 06 12
22.957031 5.6484375 09 06 12
22.957031 5.6484375 09 06 12
22.957031 5.6484375 09 06 12
25.628906 6.8671875 09 06 12
33.29297 6.1640625 09 06 12
27.246094 6.3046875 09 06 12
24.996094 6.8203125 09 06 12
26.894531 7.7578125 09 06 12
35.33203 7.7578125 09 06 12
27.738281 8.9765625 09 06 12
34.76953 8.7890625 09 06 12
29.566406 8.1796875 09 06 12
34.558594 9.6328125 09 06 12
26.753906 10.5703125 09 06 12
21.410156 9.9140625 09 06 12
26.402344 10.7578125 09 06 12
28.511719 10.2890625 09 06 12
27.949219 11.6484375 09 06 12
26.402344 10.7578125 09 06 12
27.949219 11.6484375 09 06 12
36.94922 12.6796875 09 06 12
29.285156 2.9296875 09 06 13
28.230469 6.8671875 09 06 13
12.128906 7.1015625 09 06 13
12.128906 7.1015625 09 06 13
28.230469 6.8671875 09 06 13
42.29297 9.4453125 09 06 13
29.707031 10.2890625 09 06 13
30.410156 15.5390625 09 06 13
30.410156 15.5390625 09 06 13
24.996094 -1.0078125 09 06 14
44.402344 8.5546875 09 06 14
8.753906 9.3046875 09 06 14
8.683594 9.3515625 09 06 14
13.464844 10.2421875 09 06 14
19.863281 11.3203125 09 06 14
19.230469 7.3359375 09 06 15
19.230469 7.3359375 09 06 15
24.644531 8.6015625 09 06 15
9.597656 9.7734375 09 06 15
9.597656 9.7734375 09 06 15
24.785156 10.1015625 09 06 15
23.871094 10.9453125 09 06 15
23.871094 10.9453125 09 06 15
18.527344 12.3984375 09 06 15
18.527344 12.3984375 09 06 15
18.527344 12.3984375 09 06 15
4.3242188 13.5234375 09 06 15
4.3242188 13.5234375 09 06 15
23.027344 12.2109375 09 06 16
5.8710938 13.0078125 09 06 16
5.8710938 13.0078125 09 06 16
8.824219 12.9140625 09 06 16
8.824219 12.9140625 09 06 16
42.785156 9.0234375 09 06 17
25.136719 -6.3046875 09 07 12
24.152344 -6.3046875 09 07 12
24.222656 -6.1171875 09 07 12
21.339844 -2.4609375 09 07 12
20.917969 -2.5546875 09 07 12
21.339844 -2.4609375 09 07 12
22.394531 -2.3671875 09 07 12
19.652344 -1.8046875 09 07 12
22.394531 -2.3671875 09 07 12
19.652344 -1.8046875 09 07 12
19.652344 -1.8046875 09 07 12
21.269531 -1.5234375 09 07 12
19.652344 -1.8046875 09 07 12
19.652344 -1.8046875 09 07 12
19.230469 -1.1484375 09 07 12
20.425781 -1.1484375 09 07 12
20.425781 -1.1484375 09 07 12
20.425781 -1.1484375 09 07 12
19.582031 -0.5859375 09 07 12
19.722656 -0.5859375 09 07 12
20.425781 -1.0546875 09 07 12
21.199219 -0.2578125 09 07 12
20.074219 0.1640625 09 07 12
21.480469 -0.0234375 09 07 12
20.074219 0.1640625 09 07 12
20.636719 0.6328125 09 07 12
22.324219 1.8515625 09 07 12
22.324219 1.8515625 09 07 12
33.01172 2.9296875 09 07 12
20.425781 3.2109375 09 07 12
20.355469 3.5859375 09 07 12
20.355469 3.5859375 09 07 12
20.355469 3.5859375 09 07 12
20.988281 3.1640625 09 07 12
20.988281 3.1640625 09 07 12
20.355469 3.5859375 09 07 12
32.378906 4.0078125 09 07 12
33.152344 4.8984375 09 07 12
32.80078 4.6640625 09 07 12
10.019531 5.9296875 09 07 12
10.019531 5.9296875 09 07 12
11.566406 7.1484375 09 07 12
11.566406 7.1484375 09 07 12
11.566406 7.1484375 09 07 12
30.269531 9.3515625 09 07 12
27.386719 12.9140625 09 07 12
27.386719 12.9140625 09 07 12
17.472656 -1.7578125 09 07 13
22.183594 0.4921875 09 07 13
19.160156 0.8671875 09 07 13
21.199219 4.1484375 09 07 13
15.574219 5.4140625 09 07 13
12.410156 9.0703125 09 07 13
25.980469 12.9140625 09 07 13
22.886719 6.1640625 09 07 14
35.61328 15.5390625 09 07 14
26.472656 -6.6328125 09 07 15
25.488281 -4.2421875 09 07 15
14.800781 -1.9921875 09 07 15
12.902344 6.3046875 09 07 15
4.6054688 8.4140625 09 07 15
7.9101562 10.1015625 09 07 15
4.1835938 9.4453125 09 07 15
3.1289062 12.5859375 09 07 15
16.136719 -0.6796875 09 07 16
5.5898438 8.0390625 09 07 16
5.5195312 10.5703125 09 07 16
1.7226562 10.4296875 09 07 16
1.8632812 12.8203125 09 07 16
1.8632812 12.8203125 09 07 16
3.4804688 13.3359375 09 07 16
14.660156 -3.1171875 09 07 17
17.050781 5.1796875 09 07 17
22.816406 -25.382812 09 08 12
14.730469 0.7734375 09 08 12
15.433594 2.1796875 09 08 12
15.292969 2.4609375 09 08 12
15.292969 2.5078125 09 08 12
15.292969 2.5078125 09 08 12
16.277344 2.8359375 09 08 12
24.292969 3.6328125 09 08 12
13.957031 4.7578125 09 08 12
13.957031 4.7578125 09 08 12
13.957031 4.7578125 09 08 12
12.902344 6.0703125 09 08 12
18.175781 5.6484375 09 08 12
12.902344 6.0703125 09 08 12
12.902344 6.0703125 09 08 12
33.36328 7.2890625 09 08 12
18.667969 6.8671875 09 08 12
39.410156 7.7578125 09 08 12
33.36328 7.2890625 09 08 12
37.01953 7.9921875 09 08 12
37.01953 7.9921875 09 08 12
28.441406 9.7265625 09 08 12
35.61328 10.5234375 09 08 12
28.582031 9.7265625 09 08 12
34.76953 9.9609375 09 08 12
28.652344 9.7734375 09 08 12
27.035156 10.2421875 09 08 12
30.691406 10.8046875 09 08 12
35.683594 10.7109375 09 08 12
30.691406 10.8046875 09 08 12
35.82422 10.6640625 09 08 12
35.683594 10.7109375 09 08 12
5.0976562 11.8359375 09 08 12
17.613281 2.3671875 09 08 13
17.683594 2.3671875 09 08 13
19.371094 5.7421875 09 08 13
19.371094 5.7421875 09 08 13
6.3632812 8.1328125 09 08 13
11.707031 8.6484375 09 08 13
8.613281 9.9140625 09 08 13
8.964844 12.2109375 09 08 13
34.98047 1.4765625 09 08 14
17.894531 2.9296875 09 08 14
7.8398438 7.9453125 09 08 14
8.613281 9.8203125 09 08 14
22.816406 3.0703125 09 08 15
22.816406 3.0703125 09 08 15
41.80078 10.5234375 09 08 15
29.425781 11.9296875 09 08 15
29.425781 11.9296875 09 08 15
7.9101562 13.3359375 09 08 15
35.753906 18.914062 09 08 15
30.058594 7.0546875 09 08 16
30.972656 7.3828125 09 08 16
5.1679688 14.7421875 09 08 17
12.832031 1.6171875 09 09 12
38.777344 6.3984375 09 09 12
38.777344 6.3984375 09 09 12
37.933594 7.4765625 09 09 12
3.4101562 8.7890625 09 09 12
3.0585938 9.1171875 09 09 12
24.925781 10.6171875 09 09 12
26.964844 10.5234375 09 09 12
26.613281 11.0390625 09 09 12
30.761719 11.5546875 09 09 12
34.558594 13.6171875 09 09 12
35.33203 13.6171875 09 09 12
34.558594 13.6171875 09 09 12
21.480469 14.4609375 09 09 12
15.292969 0.3515625 09 09 13
15.292969 0.3515625 09 09 13
28.230469 6.2578125 09 09 13
28.230469 6.2578125 09 09 13
31.535156 6.9609375 09 09 13
31.535156 6.9609375 09 09 13
34.41797 9.3984375 09 09 13
30.621094 11.7421875 09 09 13
32.097656 12.3984375 09 09 13
33.433594 12.5390625 09 09 13
20.074219 14.2265625 09 09 13
24.925781 -3.2578125 09 09 14
13.957031 -0.0703125 09 09 14
16.628906 3.7265625 09 09 14
28.441406 6.3984375 09 09 14
40.39453 7.2890625 09 09 14
27.457031 7.9453125 09 09 14
23.027344 8.7421875 09 09 14
38.91797 9.1171875 09 09 14
23.589844 9.1640625 09 09 14
38.91797 9.1171875 09 09 14
37.79297 9.5390625 09 09 14
36.527344 10.0078125 09 09 14
29.496094 12.9140625 09 09 14
29.496094 12.9140625 09 09 14
29.496094 12.9140625 09 09 14
18.738281 13.4765625 09 09 14
15.152344 -8.0390625 09 09 15
16.769531 -6.7734375 09 09 15
15.363281 -5.7890625 09 09 15
16.277344 -5.5546875 09 09 15
16.277344 -5.5546875 09 09 15
16.277344 -4.5234375 09 09 15
17.191406 -0.8203125 09 09 15
22.394531 1.6171875 09 09 15
14.589844 1.1953125 09 09 15
22.394531 5.6484375 09 09 15
28.371094 7.6640625 09 09 15
22.675781 8.7890625 09 09 15
25.417969 9.5390625 09 09 15
16.558594 13.1015625 09 09 15
16.558594 13.1015625 09 09 15
16.207031 -12.6328125 09 09 16
18.808594 -1.3359375 09 09 16
23.167969 6.3515625 09 09 16
25.769531 7.5234375 09 09 16
34.277344 11.8359375 09 09 16
27.175781 2.3671875 09 09 17
21.058594 5.0859375 09 09 17
31.605469 10.5234375 09 09 17
31.605469 10.5234375 09 09 17
32.16797 11.8828125 09 09 17
24.574219 14.1796875 09 09 17
27.175781 -1.9453125 09 10 12
26.402344 -0.7265625 09 10 12
36.45703 -0.3046875 09 10 12
19.792969 0.8671875 09 10 12
27.175781 1.2421875 09 10 12
22.253906 2.5546875 09 10 12
22.042969 2.6015625 09 10 12
22.605469 3.1171875 09 10 12
27.035156 3.8671875 09 10 12
27.035156 3.8671875 09 10 12
19.371094 5.7890625 09 10 12
28.863281 6.4921875 09 10 12
37.79297 7.8515625 09 10 12
37.79297 7.8515625 09 10 12
35.61328 8.8359375 09 10 12
12.339844 8.6484375 09 10 12
35.61328 8.8359375 09 10 12
38.35547 9.0234375 09 10 12
1.5820312 9.2578125 09 10 12
35.61328 8.8359375 09 10 12
35.61328 8.8359375 09 10 12
30.480469 11.0390625 09 10 12
30.691406 10.9921875 09 10 12
32.16797 12.2578125 09 10 12
37.23047 13.3359375 09 10 12
23.449219 3.5859375 09 10 13
13.746094 5.7890625 09 10 13
18.527344 6.1171875 09 10 13
18.597656 6.1640625 09 10 13
34.066406 11.1328125 09 10 13
14.027344 5.5078125 09 10 14
20.355469 7.1953125 09 10 14
20.144531 7.2421875 09 10 14
20.144531 7.2421875 09 10 14
12.128906 2.4140625 09 10 15
19.300781 7.3828125 09 10 15
31.324219 9.3984375 09 10 15
31.324219 9.3984375 09 10 15
14.871094 -7.9453125 09 10 16
14.941406 -7.8984375 09 10 16
19.582031 -1.8046875 09 10 16
20.144531 -1.3359375 09 10 16
21.691406 -0.9609375 09 10 16
11.917969 1.0546875 09 10 16
14.449219 1.1015625 09 10 16
13.183594 3.5390625 09 10 16
13.324219 10.8515625 09 10 16
13.324219 10.8515625 09 10 16
11.566406 -1.5234375 09 10 17
14.660156 -0.8671875 09 10 17
28.933594 7.8984375 09 10 17
32.308594 10.1953125 09 10 17
26.402344 -3.3046875 09 11 12
14.027344 0.3984375 09 11 12
15.855469 0.5859375 09 11 12
12.410156 1.8515625 09 11 12
28.792969 2.0390625 09 11 12
28.792969 2.0390625 09 11 12
11.425781 2.7421875 09 11 12
11.425781 2.7421875 09 11 12
11.355469 3.4921875 09 11 12
11.988281 7.4296875 09 11 12
14.167969 7.8515625 09 11 12
31.816406 8.0859375 09 11 12
22.886719 8.7890625 09 11 12
22.324219 9.0703125 09 11 12
31.746094 8.0859375 09 11 12
37.86328 8.8828125 09 11 12
23.238281 8.8828125 09 11 12
32.589844 9.2109375 09 11 12
22.324219 9.1171875 09 11 12
36.45703 10.1015625 09 11 12
37.79297 10.0546875 09 11 12
30.832031 11.6953125 09 11 12
30.550781 11.8359375 09 11 12
30.761719 11.8359375 09 11 12
30.691406 15.9609375 09 11 12
28.230469 -0.1171875 09 11 13
29.214844 4.1953125 09 11 13
16.136719 6.6796875 09 11 13
17.332031 6.8671875 09 11 13
17.332031 6.8671875 09 11 13
13.605469 7.1953125 09 11 13
14.238281 7.8046875 09 11 13
19.371094 7.8515625 09 11 13
13.535156 8.4140625 09 11 13
18.738281 9.0234375 09 11 13
17.824219 8.7421875 09 11 13
18.738281 9.0234375 09 11 13
17.824219 8.7421875 09 11 13
15.363281 9.3515625 09 11 13
19.511719 10.1953125 09 11 13
20.917969 10.3828125 09 11 13
19.371094 10.0546875 09 11 13
19.300781 10.0546875 09 11 13
16.769531 10.7109375 09 11 13
14.800781 12.5859375 09 11 13
21.832031 14.0390625 09 11 13
21.832031 14.0390625 09 11 13
26.472656 -1.8515625 09 11 14
26.472656 -1.8515625 09 11 14
17.332031 1.7578125 09 11 14
17.332031 1.7578125 09 11 14
33.503906 3.4453125 09 11 14
33.503906 3.4453125 09 11 14
17.753906 4.9921875 09 11 14
16.699219 5.2734375 09 11 14
16.699219 5.2734375 09 11 14
18.878906 6.1640625 09 11 14
12.691406 7.6640625 09 11 14
16.347656 8.8359375 09 11 14
15.363281 11.2265625 09 11 14
13.464844 10.8984375 09 11 14
9.035156 11.0859375 09 11 14
15.503906 11.3671875 09 11 14
16.699219 10.8046875 09 11 14
16.207031 12.3515625 09 11 14
12.058594 12.6796875 09 11 14
8.824219 13.3359375 09 11 14
10.230469 13.1953125 09 11 14
20.707031 -3.7265625 09 11 15
20.707031 -3.7265625 09 11 15
20.496094 -2.6953125 09 11 15
25.839844 -2.1328125 09 11 15
16.769531 2.8359375 09 11 15
16.769531 2.8359375 09 11 15
23.941406 3.8671875 09 11 15
22.535156 4.8515625 09 11 15
13.675781 10.3359375 09 11 15
10.792969 13.9921875 09 11 15
15.503906 -6.6796875 09 11 16
16.417969 -5.3203125 09 11 16
16.417969 -5.3203125 09 11 16
16.417969 -5.3203125 09 11 16
16.488281 -5.2265625 09 11 16
12.691406 -1.4296875 09 11 16
34.628906 16.242188 09 11 16
14.660156 5.7890625 09 11 17
17.894531 7.1015625 09 11 17
5.8007812 8.3203125 09 11 17
5.7304688 8.4140625 09 11 17
3.9726562 14.0859375 09 11 17
5.3789062 14.4140625 09 11 17
29.144531 0.0703125 09 12 12
21.621094 2.4140625 09 12 12
32.660156 3.7734375 09 12 12
28.300781 5.7421875 09 12 12
8.542969 8.6953125 09 12 12
11.285156 8.7421875 09 12 12
10.933594 8.6484375 09 12 12
8.613281 8.8359375 09 12 12
12.761719 8.9296875 09 12 12
16.347656 8.3203125 09 12 12
8.613281 8.8359375 09 12 12
11.285156 8.7421875 09 12 12
11.285156 8.7421875 09 12 12
21.832031 9.1171875 09 12 12
39.128906 10.5703125 09 12 12
37.933594 11.0859375 09 12 12
37.933594 11.0859375 09 12 12
30.972656 12.0703125 09 12 12
37.86328 11.9765625 09 12 12
30.972656 12.0703125 09 12 12
31.042969 12.0703125 09 12 12
30.058594 12.3515625 09 12 12
31.464844 12.4453125 09 12 12
30.832031 12.0703125 09 12 12
30.972656 12.0703125 09 12 12
31.324219 12.9609375 09 12 12
37.86328 12.0234375 09 12 12
24.011719 13.1953125 09 12 12
27.667969 13.1484375 09 12 12
29.144531 12.9140625 09 12 12
24.011719 13.1953125 09 12 12
27.667969 13.1484375 09 12 12
27.738281 13.1484375 09 12 12
28.863281 13.9453125 09 12 12
20.707031 -0.6796875 09 12 13
21.902344 -0.1171875 09 12 13
23.167969 3.1640625 09 12 13
29.355469 4.1484375 09 12 13
30.972656 5.0390625 09 12 13
20.566406 5.5546875 09 12 13
31.957031 5.9296875 09 12 13
29.144531 5.8359375 09 12 13
30.761719 5.9296875 09 12 13
31.957031 5.9296875 09 12 13
27.457031 6.7265625 09 12 13
22.183594 10.3828125 09 12 13
18.949219 12.5859375 09 12 13
5.5898438 13.6171875 09 12 13
25.277344 13.3359375 09 12 13
5.5898438 13.6171875 09 12 13
22.042969 13.9921875 09 12 13
22.042969 13.9921875 09 12 13
21.058594 -2.7421875 09 12 14
21.058594 -2.7421875 09 12 14
21.269531 -1.7578125 09 12 14
27.246094 -1.7578125 09 12 14
21.269531 -1.7578125 09 12 14
22.183594 -1.0078125 09 12 14
20.285156 -0.0703125 09 12 14
20.496094 0.7265625 09 12 14
20.496094 0.7265625 09 12 14
5.5898438 7.7109375 09 12 14
6.7851562 7.8515625 09 12 14
6.7148438 7.8515625 09 12 14
25.136719 -3.2109375 09 12 15
26.964844 -1.7578125 09 12 15
23.519531 2.3203125 09 12 15
16.628906 2.7421875 09 12 15
19.933594 2.8359375 09 12 15
18.175781 2.9765625 09 12 15
3.2695312 8.5546875 09 12 15
32.44922 13.8046875 09 12 15
15.363281 2.3203125 09 12 16
11.636719 3.6328125 09 12 16
11.355469 4.9453125 09 12 16
18.457031 10.1484375 09 12 16
15.855469 10.4765625 09 12 16
17.613281 11.0390625 09 12 16
36.17578 11.4609375 09 12 16
14.519531 14.2265625 09 12 16
23.589844 1.0546875 09 12 17
33.85547 11.9296875 09 12 17
5.4492188 14.9296875 09 12 17
6.9960938 15.1640625 09 12 17
6.9960938 15.1640625 09 12 17
26.402344 -3.6796875 09 13 12
26.402344 -3.6796875 09 13 12
17.402344 -1.3359375 09 13 12
28.652344 -0.1640625 09 13 12
17.191406 -0.4921875 09 13 12
17.332031 -0.5859375 09 13 12
17.402344 -0.6328125 09 13 12
29.074219 -0.1640625 09 13 12
22.816406 3.3984375 09 13 12
24.714844 4.0546875 09 13 12
26.191406 4.0546875 09 13 12
26.121094 4.9453125 09 13 12
17.542969 5.6015625 09 13 12
17.542969 5.6015625 09 13 12
20.988281 6.4921875 09 13 12
20.988281 6.4921875 09 13 12
40.39453 7.1015625 09 13 12
39.621094 7.1015625 09 13 12
41.308594 9.4453125 09 13 12
23.660156 10.6640625 09 13 12
23.730469 10.7109375 09 13 12
31.324219 12.1171875 09 13 12
28.511719 12.1640625 09 13 12
27.457031 12.3515625 09 13 12
29.988281 13.3359375 09 13 12
34.20703 15.8203125 09 13 12
25.417969 -4.9453125 09 13 13
27.878906 1.9921875 09 13 13
27.878906 1.9921875 09 13 13
30.269531 5.8359375 09 13 13
29.917969 6.8203125 09 13 13
29.074219 6.6328125 09 13 13
29.917969 6.8203125 09 13 13
32.097656 6.8203125 09 13 13
27.175781 7.3359375 09 13 13
8.894531 9.9140625 09 13 13
22.324219 10.2890625 09 13 13
25.839844 11.1328125 09 13 13
29.144531 14.2734375 09 13 13
27.035156 2.8359375 09 13 14
20.917969 3.3984375 09 13 14
37.86328 4.5703125 09 13 14
24.996094 6.4453125 09 13 14
26.542969 6.5390625 09 13 14
19.441406 9.2109375 09 13 14
13.746094 10.7109375 09 13 14
28.089844 13.5703125 09 13 14
21.410156 -4.8046875 09 13 15
20.777344 -4.0078125 09 13 15
20.988281 -2.6953125 09 13 15
19.019531 0.4453125 09 13 15
20.847656 0.9140625 09 13 15
20.003906 1.1015625 09 13 15
21.480469 8.6015625 09 13 15
20.566406 9.0703125 09 13 15
17.683594 9.1640625 09 13 15
18.949219 10.7578125 09 13 15
9.316406 11.0859375 09 13 15
16.136719 11.4140625 09 13 15
13.605469 10.9921875 09 13 15
14.449219 12.2578125 09 13 15
17.683594 12.3984375 09 13 15
11.003906 12.6796875 09 13 15
8.402344 14.0859375 09 13 15
25.910156 14.5546875 09 13 15
19.722656 14.4140625 09 13 15
25.910156 14.5546875 09 13 15
20.847656 -2.5078125 09 13 16
22.605469 -1.4765625 09 13 16
21.902344 -0.5390625 09 13 16
41.23828 7.3828125 09 13 16
15.925781 8.6953125 09 13 16
41.378906 10.1015625 09 13 16
11.074219 10.8515625 09 13 16
7.4179688 12.0703125 09 13 16
9.527344 12.0703125 09 13 16
7.4179688 12.0703125 09 13 16
16.277344 12.7265625 09 13 16
12.199219 12.5390625 09 13 16
16.277344 12.7265625 09 13 16
12.480469 13.3828125 09 13 16
15.785156 13.9453125 09 13 16
2.0742188 15.1171875 09 13 16
17.472656 8.5078125 09 13 17
15.855469 10.0546875 09 13 17
6.0117188 13.4296875 09 13 17
24.785156 -7.4765625 09 14 12
28.511719 -2.0859375 09 14 12
18.949219 -0.6328125 09 14 12
19.300781 -0.0703125 09 14 12
19.230469 0.1171875 09 14 12
21.199219 1.7578125 09 14 12
20.988281 1.5703125 09 14 12
21.550781 1.4296875 09 14 12
21.339844 1.7578125 09 14 12
37.160156 5.9765625 09 14 12
39.058594 6.7265625 09 14 12
36.45703 6.3046875 09 14 12
26.964844 6.5390625 09 14 12
39.058594 6.7265625 09 14 12
39.058594 6.7265625 09 14 12
39.058594 6.7265625 09 14 12
26.964844 6.5390625 09 14 12
27.738281 7.2421875 09 14 12
27.738281 7.2421875 09 14 12
31.816406 7.0546875 09 14 12
27.738281 7.2421875 09 14 12
30.832031 8.3203125 09 14 12
30.832031 8.3203125 09 14 12
21.691406 8.0859375 09 14 12
29.496094 9.0234375 09 14 12
30.691406 8.4609375 09 14 12
29.496094 9.0234375 09 14 12
24.433594 8.9296875 09 14 12
29.496094 9.0234375 09 14 12
24.433594 8.9296875 09 14 12
24.433594 8.9296875 09 14 12
25.980469 9.8671875 09 14 12
26.753906 9.9140625 09 14 12
29.355469 10.0078125 09 14 12
25.628906 9.8671875 09 14 12
27.386719 10.5703125 09 14 12
27.386719 10.5703125 09 14 12
25.417969 11.0859375 09 14 12
36.45703 10.7578125 09 14 12
26.824219 11.1796875 09 14 12
37.01953 12.7734375 09 14 12
31.746094 12.7265625 09 14 12
31.746094 12.7265625 09 14 12
24.644531 -8.0859375 09 14 13
21.199219 7.7578125 09 14 13
22.394531 8.6015625 09 14 13
17.964844 8.6953125 09 14 13
34.628906 9.6796875 09 14 13
30.621094 10.3359375 09 14 13
23.097656 12.2578125 09 14 13
23.097656 12.2578125 09 14 13
23.167969 12.2578125 09 14 13
6.0820312 7.9921875 09 14 14
32.80078 9.4921875 09 14 14
30.480469 -27.773438 09 14 15
21.832031 -5.8359375 09 14 15
30.269531 10.2890625 09 14 15
5.8007812 13.7578125 09 14 15
5.8007812 13.7578125 09 14 15
5.8007812 13.7578125 09 14 15
5.8007812 13.7578125 09 14 15
5.8710938 13.8984375 09 14 15
21.691406 3.4453125 09 14 16
45.94922 9.1640625 09 14 16
45.94922 9.1640625 09 14 16
45.94922 9.1640625 09 14 16
31.605469 10.1953125 09 14 16
23.589844 3.2578125 09 14 17
28.371094 -2.2734375 09 15 12
29.285156 0.0703125 09 15 12
14.167969 2.1796875 09 15 12
31.394531 4.2890625 09 15 12
32.589844 4.0546875 09 15 12
31.605469 5.3203125 09 15 12
25.980469 6.3046875 09 15 12
35.61328 7.5703125 09 15 12
35.753906 8.0390625 09 15 12
35.82422 8.0859375 09 15 12
35.82422 8.0859375 09 15 12
35.82422 8.0859375 09 15 12
35.26172 9.4921875 09 15 12
36.94922 12.8671875 09 15 12
36.17578 14.4140625 09 15 12
24.644531 -7.6171875 09 15 13
33.01172 1.6171875 09 15 13
13.816406 2.1328125 09 15 13
14.097656 3.1640625 09 15 13
14.097656 3.1640625 09 15 13
15.363281 3.3515625 09 15 13
23.941406 6.0703125 09 15 13
37.160156 6.4453125 09 15 13
24.574219 7.4296875 09 15 13
24.574219 7.4296875 09 15 13
25.347656 10.1015625 09 15 13
25.347656 10.1015625 09 15 13
25.347656 10.1484375 09 15 13
10.863281 7.2890625 09 15 14
10.863281 7.3359375 09 15 14
10.863281 7.3359375 09 15 14
21.128906 7.9453125 09 15 14
21.128906 7.9453125 09 15 14
34.066406 11.6953125 09 15 14
31.113281 -26.929688 09 15 15
22.394531 -10.0546875 09 15 15
22.957031 -9.3515625 09 15 15
25.417969 -4.5234375 09 15 15
25.277344 -3.5390625 09 15 15
24.785156 2.4140625 09 15 15
30.972656 3.3515625 09 15 15
19.863281 4.3828125 09 15 15
18.597656 4.8046875 09 15 15
18.597656 4.8046875 09 15 15
18.597656 4.8046875 09 15 15
7.6289062 6.3515625 09 15 15
13.816406 10.9453125 09 15 15
11.707031 13.5234375 09 15 15
33.29297 13.6171875 09 15 15
23.449219 -5.6484375 09 15 16
23.941406 -1.1484375 09 15 16
24.644531 1.4765625 09 15 16
13.535156 11.7421875 09 15 16
9.457031 12.3046875 09 15 16
11.214844 12.7265625 09 15 16
9.035156 13.2890625 09 15 16
24.785156 -1.0546875 09 15 17
21.621094 2.3671875 09 15 17
32.660156 11.4140625 09 15 17
28.441406 -29.132812 09 16 12
28.441406 -29.132812 09 16 12
28.441406 -29.132812 09 16 12
27.949219 -28.289062 09 16 12
26.683594 -27.726562 09 16 12
26.683594 -27.726562 09 16 12
26.613281 -27.726562 09 16 12
25.699219 -23.226562 09 16 12
25.699219 -23.226562 09 16 12
24.785156 -8.6015625 09 16 12
28.863281 -0.6328125 09 16 12
29.214844 -1.2421875 09 16 12
29.214844 -1.2421875 09 16 12
29.636719 -0.2578125 09 16 12
29.074219 -0.0234375 09 16 12
24.574219 3.3046875 09 16 12
24.574219 3.3046875 09 16 12
24.574219 3.3046875 09 16 12
23.800781 4.1015625 09 16 12
24.222656 3.3984375 09 16 12
24.363281 3.5859375 09 16 12
24.925781 5.4140625 09 16 12
20.355469 4.6640625 09 16 12
20.355469 4.6640625 09 16 12
24.925781 5.4140625 09 16 12
24.925781 5.4140625 09 16 12
23.660156 5.9296875 09 16 12
10.230469 6.2578125 09 16 12
23.660156 5.9765625 09 16 12
37.371094 7.8515625 09 16 12
37.371094 7.8515625 09 16 12
37.371094 7.8515625 09 16 12
37.371094 7.8515625 09 16 12
36.73828 12.0703125 09 16 12
36.878906 12.6328125 09 16 12
36.878906 12.6328125 09 16 12
23.871094 -9.9140625 09 16 13
23.730469 -9.8203125 09 16 13
22.675781 -9.7265625 09 16 13
23.730469 -9.8203125 09 16 13
23.730469 -9.8203125 09 16 13
25.628906 -6.5390625 09 16 13
26.964844 -5.6015625 09 16 13
24.574219 3.0234375 09 16 13
22.464844 5.6015625 09 16 13
22.464844 5.6015625 09 16 13
22.464844 5.6484375 09 16 13
34.41797 10.3828125 09 16 13
21.691406 -8.4140625 09 16 14
23.730469 -8.9765625 09 16 14
20.355469 -8.5078125 09 16 14
20.355469 -8.5078125 09 16 14
21.691406 -8.4140625 09 16 14
21.691406 -8.4140625 09 16 14
20.355469 -8.5078125 09 16 14
26.683594 -4.0078125 09 16 14
23.238281 2.8828125 09 16 14
22.113281 2.7890625 09 16 14
31.957031 8.8828125 09 16 14
31.324219 10.3359375 09 16 14
31.324219 10.3359375 09 16 14
6.9257812 12.7265625 09 16 14
6.9257812 12.7265625 09 16 14
22.253906 -13.3359375 09 16 15
22.253906 -13.3359375 09 16 15
23.027344 -12.0703125 09 16 15
19.652344 -7.6640625 09 16 15
19.652344 -7.5234375 09 16 15
23.800781 -6.4453125 09 16 15
12.199219 2.2265625 09 16 15
11.707031 3.2109375 09 16 15
30.128906 11.2734375 09 16 15
1.6523438 12.3046875 09 16 15
5.3085938 13.1015625 09 16 15
5.3085938 13.1015625 09 16 15
27.386719 -26.554688 09 16 16
18.457031 -6.4453125 09 16 16
21.199219 -4.7578125 09 16 16
19.300781 0.6796875 09 16 16
19.300781 0.6796875 09 16 16
21.410156 2.2734375 09 16 16
12.761719 10.1015625 09 16 16
13.675781 10.5234375 09 16 16
24.855469 -16.617188 09 16 17
22.535156 0.1640625 09 16 17
20.847656 1.1484375 09 16 17
21.832031 -10.1015625 09 17 12
21.832031 -10.1015625 09 17 12
21.480469 -8.6484375 09 17 12
21.480469 -8.6484375 09 17 12
22.042969 -6.9140625 09 17 12
21.058594 -6.9609375 09 17 12
22.816406 -5.6484375 09 17 12
22.042969 -5.6484375 09 17 12
22.675781 -3.6328125 09 17 12
22.675781 -3.6328125 09 17 12
21.621094 -3.0703125 09 17 12
29.355469 0.0703125 09 17 12
32.660156 3.7734375 09 17 12
33.57422 4.4765625 09 17 12
33.57422 4.4765625 09 17 12
33.57422 4.4765625 09 17 12
6.9257812 6.8671875 09 17 12
30.832031 12.2578125 09 17 12
27.386719 -4.4296875 09 17 13
27.386719 -4.4296875 09 17 13
25.417969 -3.3046875 09 17 13
25.558594 -3.4921875 09 17 13
25.277344 -3.3046875 09 17 13
24.644531 -2.9765625 09 17 13
22.042969 -0.1640625 09 17 13
9.808594 6.1171875 09 17 13
9.808594 6.1171875 09 17 13
8.753906 9.7734375 09 17 13
15.855469 -7.9921875 09 17 14
24.363281 -3.1640625 09 17 14
24.855469 -2.8828125 09 17 14
20.355469 0.1171875 09 17 14
20.355469 1.1484375 09 17 14
22.675781 2.3203125 09 17 14
22.675781 2.3203125 09 17 14
26.332031 5.9765625 09 17 14
10.582031 6.5390625 09 17 14
15.011719 10.6171875 09 17 14
9.386719 10.9453125 09 17 14
15.433594 -6.7265625 09 17 15
15.855469 -2.1796875 09 17 15
15.011719 -0.8203125 09 17 15
14.238281 0.1171875 09 17 15
19.863281 2.7890625 09 17 15
19.511719 4.5234375 09 17 15
20.636719 6.9609375 09 17 15
31.113281 9.0234375 09 17 15
11.214844 10.8046875 09 17 15
11.214844 10.8515625 09 17 15
11.496094 11.4609375 09 17 15
6.0820312 14.5546875 09 17 15
15.785156 -1.9453125 09 17 16
21.761719 2.7890625 09 17 16
30.691406 10.0078125 09 17 16
2.3554688 12.5390625 09 17 16
2.3554688 12.5390625 09 17 16
2.3554688 12.5390625 09 17 16
7.6289062 12.8203125 09 17 16
2.2148438 13.6640625 09 17 16
6.1523438 14.4609375 09 17 16
3.9726562 14.7421875 09 17 16
33.57422 7.9921875 09 17 17
4.8867188 8.8359375 09 17 17
7.4882812 11.6015625 09 17 17
11.636719 3.6796875 09 18 12
32.871094 3.4453125 09 18 12
14.519531 3.9609375 09 18 12
14.097656 4.1484375 09 18 12
16.910156 3.9609375 09 18 12
14.167969 4.3359375 09 18 12
18.878906 4.6640625 09 18 12
25.066406 5.3671875 09 18 12
25.699219 4.8515625 09 18 12
15.152344 5.1328125 09 18 12
25.558594 5.0859375 09 18 12
10.089844 6.0703125 09 18 12
13.394531 6.6796875 09 18 12
20.636719 8.4609375 09 18 12
35.121094 9.8671875 09 18 12
35.121094 9.8671875 09 18 12
19.089844 -7.0546875 09 18 13
16.628906 4.9453125 09 18 13
23.730469 6.5390625 09 18 13
21.550781 7.2890625 09 18 13
19.300781 7.5234375 09 18 13
16.910156 9.1171875 09 18 13
9.175781 9.3984375 09 18 13
9.175781 9.3984375 09 18 13
29.074219 12.1171875 09 18 13
35.472656 14.8828125 09 18 13
21.691406 -8.7890625 09 18 14
5.7304688 8.0859375 09 18 14
5.7304688 8.0859375 09 18 14
15.714844 9.2578125 09 18 14
14.871094 10.1015625 09 18 14
13.816406 10.4296875 09 18 14
13.816406 10.4296875 09 18 14
14.800781 11.1328125 09 18 14
14.800781 11.1328125 09 18 14
14.097656 11.7421875 09 18 14
17.332031 -10.1953125 09 18 15
17.332031 -10.1953125 09 18 15
17.332031 -10.1953125 09 18 15
24.644531 -5.4609375 09 18 15
24.644531 -5.4609375 09 18 15
24.996094 -2.3203125 09 18 15
24.574219 -1.4765625 09 18 15
24.574219 -1.4765625 09 18 15
19.652344 0.3046875 09 18 15
12.058594 7.1015625 09 18 15
2.4960938 11.8828125 09 18 15
6.2226562 14.0390625 09 18 15
16.488281 -10.9453125 09 18 16
16.488281 -10.9453125 09 18 16
12.691406 -2.0859375 09 18 16
11.636719 -1.4296875 09 18 16
28.371094 5.3671875 09 18 16
9.457031 10.9453125 09 18 16
6.6445312 12.7734375 09 18 16
6.5742188 12.7734375 09 18 16
1.9335938 13.3828125 09 18 16
4.8867188 13.5703125 09 18 16
3.7617188 13.7578125 09 18 16
3.7617188 13.7578125 09 18 16
2.3554688 14.2734375 09 18 16
2.3554688 14.2734375 09 18 16
12.832031 -1.6640625 09 18 17
13.535156 -0.1640625 09 18 17
14.097656 8.9296875 09 18 17
24.785156 -6.5390625 09 19 12
21.691406 -6.4921875 09 19 12
22.324219 -6.0703125 09 19 12
24.996094 -6.3515625 09 19 12
25.347656 -4.9453125 09 19 12
24.152344 -5.3203125 09 19 12
25.347656 -4.9453125 09 19 12
27.316406 -4.1015625 09 19 12
27.316406 -4.1015625 09 19 12
26.683594 -3.3515625 09 19 12
25.417969 -3.3046875 09 19 12
26.683594 -3.3515625 09 19 12
25.417969 -3.3046875 09 19 12
25.488281 -3.1640625 09 19 12
25.488281 -3.1640625 09 19 12
27.457031 -2.0859375 09 19 12
23.027344 0.2578125 09 19 12
24.152344 1.6171875 09 19 12
26.050781 1.3359375 09 19 12
25.628906 1.4765625 09 19 12
26.613281 1.0546875 09 19 12
31.324219 4.9453125 09 19 12
31.324219 4.9453125 09 19 12
7.2773438 7.8515625 09 19 12
7.2773438 7.8515625 09 19 12
28.652344 13.0078125 09 19 12
30.550781 12.8671875 09 19 12
30.550781 13.8046875 09 19 12
15.363281 -1.9921875 09 19 13
26.964844 -1.3828125 09 19 13
18.035156 -0.9140625 09 19 13
18.316406 -0.5390625 09 19 13
21.058594 -1.0078125 09 19 13
18.175781 -0.5859375 09 19 13
7.4882812 8.7890625 09 19 13
32.941406 8.2734375 09 19 13
9.527344 11.2265625 09 19 13
29.917969 12.2109375 09 19 13
33.996094 13.8984375 09 19 13
34.839844 14.0859375 09 19 13
34.347656 15.1640625 09 19 13
15.996094 -1.2421875 09 19 14
1.9335938 7.4296875 09 19 14
8.824219 9.7734375 09 19 14
8.824219 9.7734375 09 19 14
8.824219 9.7734375 09 19 14
2.6367188 10.3828125 09 19 14
3.4101562 12.0234375 09 19 14
12.761719 -1.6640625 09 19 15
9.738281 6.0703125 09 19 15
11.566406 7.0078125 09 19 15
5.8710938 8.0859375 09 19 15
11.847656 1.4296875 09 19 16
7.3476562 12.3515625 09 19 16
8.542969 12.0703125 09 19 16
22.183594 -8.9296875 09 19 17
40.183594 5.9296875 09 19 17
13.746094 10.4765625 09 19 17
26.261719 -5.3671875 09 20 12
26.261719 -4.9453125 09 20 12
26.261719 -4.9453125 09 20 12
20.425781 3.9140625 09 20 12
15.152344 4.8515625 09 20 12
20.988281 5.1328125 09 20 12
7.1367188 6.7734375 09 20 12
6.6445312 7.2890625 09 20 12
27.457031 -1.8515625 09 20 13
27.457031 -1.8515625 09 20 13
5.4492188 8.5546875 09 20 13
8.683594 9.6796875 09 20 13
13.886719 10.7578125 09 20 13
34.839844 10.4296875 09 20 14
25.277344 -4.9453125 09 20 15
11.496094 3.5859375 09 20 15
11.496094 3.5859375 09 20 15
7.2070312 9.9609375 09 20 15
33.08203 15.7734375 09 20 15
15.222656 -6.6796875 09 20 16
15.222656 -6.6796875 09 20 16
15.363281 -5.6484375 09 20 16
15.363281 -5.6484375 09 20 16
21.410156 2.1796875 09 20 17
1.5820312 9.2578125 09 20 17
2.6367188 23.367188 09 20 17
19.371094 -1.2421875 09 21 12
19.371094 -1.2421875 09 21 12
19.371094 -1.2421875 09 21 12
23.308594 1.4765625 09 21 12
23.308594 1.4765625 09 21 12
23.027344 2.4140625 09 21 12
23.027344 3.2578125 09 21 12
24.785156 4.5234375 09 21 12
9.386719 7.4765625 09 21 12
9.386719 7.4765625 09 21 12
9.386719 7.4765625 09 21 12
9.386719 7.4765625 09 21 12
9.316406 7.4765625 09 21 12
10.300781 8.3203125 09 21 12
10.160156 9.2109375 09 21 12
10.089844 9.1640625 09 21 12
10.160156 9.2109375 09 21 12
12.410156 9.8203125 09 21 12
23.800781 -7.1953125 09 21 13
21.972656 -6.6796875 09 21 13
25.980469 -5.7421875 09 21 13
22.746094 -5.6953125 09 21 13
27.808594 -2.3203125 09 21 13
18.105469 -0.5859375 09 21 13
26.191406 4.7578125 09 21 13
25.558594 5.7890625 09 21 13
25.769531 6.3515625 09 21 13
30.972656 7.6640625 09 21 13
18.878906 -7.8984375 09 21 14
18.457031 -5.8828125 09 21 14
18.457031 -5.8828125 09 21 14
22.464844 -5.6484375 09 21 14
18.457031 -5.8828125 09 21 14
26.191406 2.9765625 09 21 14
27.527344 2.7890625 09 21 14
26.191406 2.9765625 09 21 14
27.316406 3.8203125 09 21 14
25.769531 3.9609375 09 21 14
27.316406 3.8203125 09 21 14
26.964844 4.8515625 09 21 14
24.714844 5.0859375 09 21 14
14.941406 5.6953125 09 21 14
13.183594 7.0546875 09 21 14
14.589844 11.6484375 09 21 14
15.925781 -8.2265625 09 21 15
17.753906 -5.5078125 09 21 15
21.339844 -4.7578125 09 21 15
16.628906 -4.7578125 09 21 15
18.246094 -4.3828125 09 21 15
20.777344 -3.8203125 09 21 15
16.769531 -2.5078125 09 21 15
25.066406 -1.5703125 09 21 15
26.121094 8.9296875 09 21 15
13.605469 10.7109375 09 21 15
14.308594 12.3046875 09 21 15
14.027344 13.6640625 09 21 15
17.332031 -3.2109375 09 21 16
26.472656 0.7265625 09 21 16
15.503906 0.8671875 09 21 16
15.503906 2.3671875 09 21 16
11.917969 7.1953125 09 21 16
2.0039062 10.0546875 09 21 16
9.035156 10.4296875 09 21 16
2.0039062 10.0546875 09 21 16
7.1367188 12.8203125 09 21 16
8.191406 12.9140625 09 21 16
9.105469 11.3671875 09 21 17
5.0273438 14.0390625 09 21 17
26.683594 -6.1171875 09 22 12
25.699219 -4.7109375 09 22 12
32.097656 -3.9140625 09 22 12
29.496094 -1.3828125 09 22 12
29.566406 -1.1953125 09 22 12
15.292969 1.1953125 09 22 12
18.527344 3.1171875 09 22 12
18.949219 2.7421875 09 22 12
19.441406 2.9765625 09 22 12
25.980469 3.2578125 09 22 12
25.980469 3.2578125 09 22 12
25.980469 3.2578125 09 22 12
25.980469 3.2578125 09 22 12
23.800781 3.5390625 09 22 12
25.980469 3.2578125 09 22 12
25.980469 3.2578125 09 22 12
17.121094 4.0546875 09 22 12
25.417969 3.6328125 09 22 12
18.316406 4.2890625 09 22 12
18.738281 3.5859375 09 22 12
25.417969 3.6328125 09 22 12
18.597656 3.7265625 09 22 12
29.566406 4.4765625 09 22 12
29.566406 4.4765625 09 22 12
26.402344 4.5703125 09 22 12
25.417969 4.2421875 09 22 12
33.85547 5.8359375 09 22 12
34.98047 6.6328125 09 22 12
10.371094 6.3515625 09 22 12
10.371094 7.1953125 09 22 12
10.371094 7.1953125 09 22 12
12.410156 8.5546875 09 22 12
12.691406 7.9921875 09 22 12
13.113281 8.2265625 09 22 12
13.113281 8.2265625 09 22 12
13.113281 8.2265625 09 22 12
13.324219 9.2578125 09 22 12
14.308594 9.2578125 09 22 12
12.410156 8.7890625 09 22 12
13.113281 9.0234375 09 22 12
13.113281 9.0234375 09 22 12
15.011719 9.7265625 09 22 12
28.019531 5.2734375 09 22 13
12.761719 6.0703125 09 22 13
12.761719 6.0703125 09 22 13
12.761719 6.0703125 09 22 13
22.113281 7.7578125 09 22 13
17.824219 11.5546875 09 22 13
23.730469 -8.2734375 09 22 14
23.589844 -8.2265625 09 22 14
23.308594 -7.5703125 09 22 14
21.058594 6.8203125 09 22 14
22.535156 6.5390625 09 22 14
21.128906 6.8203125 09 22 14
17.683594 11.5078125 09 22 14
18.949219 -8.0390625 09 22 15
18.386719 -7.1953125 09 22 15
26.050781 -6.5390625 09 22 15
14.378906 -2.3671875 09 22 15
11.496094 -1.5234375 09 22 15
11.496094 -1.5234375 09 22 15
11.496094 -1.5234375 09 22 15
11.425781 -0.5859375 09 22 15
18.738281 6.3984375 09 22 15
19.019531 8.1328125 09 22 15
11.566406 13.0546875 09 22 15
17.683594 -5.6953125 09 22 16
12.832031 -1.8515625 09 22 16
12.832031 -1.8515625 09 22 16
19.441406 4.4765625 09 22 16
18.667969 5.2265625 09 22 16
14.941406 11.4140625 09 22 16
14.941406 11.4140625 09 22 16
13.675781 12.2578125 09 22 16
13.675781 12.2578125 09 22 16
14.519531 12.2578125 09 22 16
15.433594 -1.8984375 09 23 12
29.144531 -1.3359375 09 23 12
28.652344 -1.3828125 09 23 12
29.214844 -0.0703125 09 23 12
21.761719 2.6015625 09 23 12
30.199219 3.6328125 09 23 12
28.371094 5.2734375 09 23 12
28.511719 5.4609375 09 23 12
28.300781 5.5078125 09 23 12
10.441406 6.3046875 09 23 12
35.683594 6.9609375 09 23 12
16.910156 7.3359375 09 23 12
16.910156 7.3359375 09 23 12
16.910156 7.3359375 09 23 12
19.300781 7.8515625 09 23 12
35.54297 7.7109375 09 23 12
35.89453 8.1796875 09 23 12
19.300781 7.8515625 09 23 12
19.300781 7.8515625 09 23 12
35.54297 7.7109375 09 23 12
23.800781 8.7890625 09 23 12
22.816406 8.6484375 09 23 12
25.980469 -6.6796875 09 23 13
23.167969 5.7890625 09 23 13
23.167969 5.7890625 09 23 13
34.910156 11.7421875 09 23 13
24.644531 -7.1015625 09 23 14
25.558594 -4.9921875 09 23 14
28.441406 1.9921875 09 23 14
27.878906 2.5078125 09 23 14
18.316406 5.0390625 09 23 14
18.316406 5.0390625 09 23 14
17.894531 9.2578125 09 23 14
19.792969 11.7421875 09 23 14
6.0117188 11.8359375 09 23 14
7.0664062 11.8828125 09 23 14
15.996094 -8.7890625 09 23 15
24.503906 -5.8828125 09 23 15
18.527344 -4.2890625 09 23 15
16.839844 -4.1953125 09 23 15
11.496094 5.6484375 09 23 15
11.496094 5.6484375 09 23 15
40.535156 5.6484375 09 23 15
11.496094 5.6484375 09 23 15
20.074219 10.7578125 09 23 15
17.261719 -5.1796875 09 23 16
15.925781 -3.4453125 09 23 16
23.941406 -3.5859375 09 23 16
15.996094 -3.3515625 09 23 16
23.941406 -2.7421875 09 23 16
11.425781 -1.5234375 09 23 16
15.152344 -1.0078125 09 23 16
15.574219 0.4921875 09 23 16
12.832031 0.4921875 09 23 16
23.097656 3.3984375 09 23 16
26.402344 4.2421875 09 23 16
15.785156 -10.5703125 09 23 17
24.785156 -3.5859375 09 23 17
26.894531 3.1171875 09 23 17
21.269531 4.4296875 09 23 17
40.67578 7.9453125 09 23 17
23.730469 -8.4140625 09 24 12
23.449219 -7.1484375 09 24 12
23.449219 -7.1484375 09 24 12
25.347656 -4.6640625 09 24 12
26.472656 -3.9140625 09 24 12
24.996094 -2.8359375 09 24 12
26.542969 -1.2421875 09 24 12
26.542969 -1.2421875 09 24 12
26.542969 -1.2421875 09 24 12
25.558594 0.3046875 09 24 12
25.769531 0.3984375 09 24 12
25.769531 0.3984375 09 24 12
26.191406 1.3828125 09 24 12
33.92578 2.3203125 09 24 12
26.261719 1.8984375 09 24 12
25.207031 2.5078125 09 24 12
33.92578 2.3203125 09 24 12
25.277344 3.4453125 09 24 12
25.699219 5.8359375 09 24 12
41.308594 8.9296875 09 24 12
43.277344 9.3046875 09 24 12
44.121094 9.3515625 09 24 12
43.277344 9.3046875 09 24 12
25.980469 5.3203125 09 24 13
23.871094 5.8828125 09 24 13
8.191406 11.4609375 09 24 14
47.285156 8.6015625 09 24 15
45.527344 9.1171875 09 24 16
8.472656 5.7421875 09 24 17
17.824219 1.8046875 09 25 12
18.878906 2.0859375 09 25 12
14.800781 3.0703125 09 25 12
14.800781 3.0703125 09 25 12
15.152344 3.8203125 09 25 12
34.20703 4.7578125 09 25 12
15.152344 3.8203125 09 25 12
34.347656 4.1015625 09 25 12
34.277344 4.7578125 09 25 12
9.105469 6.5390625 09 25 12
9.105469 6.5390625 09 25 12
9.386719 7.5703125 09 25 12
8.191406 7.5234375 09 25 12
9.386719 7.5703125 09 25 12
8.050781 7.5703125 09 25 12
41.871094 8.6953125 09 25 12
41.871094 8.6953125 09 25 12
43.347656 9.1640625 09 25 12
15.292969 -1.7109375 09 25 13
14.519531 -0.3515625 09 25 13
13.535156 -0.0234375 09 25 13
13.535156 -0.0234375 09 25 13
13.816406 1.1484375 09 25 13
27.949219 2.1796875 09 25 13
17.683594 1.8515625 09 25 13
13.605469 2.2265625 09 25 13
12.691406 3.8671875 09 25 13
13.675781 4.9453125 09 25 13
19.933594 10.0078125 09 25 13
34.13672 10.1484375 09 25 13
19.933594 10.0546875 09 25 13
17.964844 -6.2109375 09 25 14
21.199219 -2.6953125 09 25 14
21.269531 -2.6484375 09 25 14
15.363281 -2.3203125 09 25 14
12.550781 3.6796875 09 25 14
29.074219 4.9921875 09 25 14
31.535156 10.7109375 09 25 14
33.785156 10.9453125 09 25 14
31.535156 10.7109375 09 25 14
34.69922 11.6484375 09 25 14
34.69922 11.6484375 09 25 14
34.69922 11.6953125 09 25 14
33.785156 12.8671875 09 25 14
24.785156 -2.3203125 09 25 15
20.355469 -1.6171875 09 25 15
11.566406 2.6015625 09 25 15
11.566406 2.6015625 09 25 15
11.917969 7.9921875 09 25 15
18.949219 9.2578125 09 25 15
21.269531 9.8671875 09 25 15
18.035156 -0.5390625 09 25 16
19.230469 -0.3984375 09 25 16
18.035156 -0.5390625 09 25 16
1.9335938 10.8984375 09 25 16
1.9335938 10.8984375 09 25 16
24.292969 11.4609375 09 25 16
16.910156 -1.3359375 09 26 12
16.910156 -1.3359375 09 26 12
16.769531 -0.7734375 09 26 12
16.839844 -0.3515625 09 26 12
16.839844 -0.3515625 09 26 12
19.300781 2.0859375 09 26 12
18.035156 2.0859375 09 26 12
20.707031 2.2734375 09 26 12
19.441406 1.9921875 09 26 12
17.683594 2.8828125 09 26 12
20.425781 3.0234375 09 26 12
28.582031 3.0234375 09 26 12
26.191406 4.2421875 09 26 12
34.910156 9.4921875 09 26 12
19.019531 -9.0234375 09 26 13
19.019531 -9.0234375 09 26 13
19.019531 -9.0234375 09 26 13
18.035156 -6.1171875 09 26 13
18.035156 -5.4140625 09 26 13
25.839844 -3.4453125 09 26 13
17.683594 -2.9296875 09 26 13
15.855469 -2.4609375 09 26 13
15.855469 -2.4609375 09 26 13
19.160156 0.8203125 09 26 13
19.160156 0.8203125 09 26 13
15.433594 1.6640625 09 26 13
14.378906 1.3828125 09 26 13
15.292969 2.1796875 09 26 13
15.292969 2.1796875 09 26 13
15.152344 2.1796875 09 26 13
15.644531 2.8828125 09 26 13
19.582031 3.1640625 09 26 13
20.707031 3.9609375 09 26 13
32.660156 11.7890625 09 26 13
32.660156 11.7890625 09 26 13
19.160156 -7.5703125 09 26 14
21.761719 -2.8828125 09 26 14
21.410156 -2.6484375 09 26 14
21.199219 -2.6953125 09 26 14
21.410156 -2.6484375 09 26 14
22.183594 0.1640625 09 26 14
22.183594 0.1640625 09 26 14
20.707031 1.0078125 09 26 14
17.753906 -10.1484375 09 26 15
22.113281 -5.4140625 09 26 15
22.464844 -1.6171875 09 26 15
11.144531 -0.6328125 09 26 15
11.144531 -0.6328125 09 26 15
21.058594 -0.2578125 09 26 15
21.832031 5.6015625 09 26 15
33.503906 11.4140625 09 26 15
34.558594 12.0234375 09 26 15
22.886719 -8.3671875 09 26 16
14.449219 -2.9296875 09 26 16
20.496094 -0.9609375 09 26 16
20.496094 -0.9609375 09 26 16
12.410156 1.1953125 09 26 16
11.355469 2.8828125 09 26 16
40.464844 6.3984375 09 26 16
7.2773438 11.5078125 09 26 16
25.628906 -6.8671875 09 27 12
21.761719 -3.5859375 09 27 12
21.410156 -2.6484375 09 27 12
19.230469 -1.5234375 09 27 12
28.441406 -2.1328125 09 27 12
19.230469 -1.5234375 09 27 12
19.652344 -1.6640625 09 27 12
16.980469 -0.2109375 09 27 12
16.980469 -0.2109375 09 27 12
16.980469 -0.2109375 09 27 12
23.730469 0.8203125 09 27 12
21.832031 2.2734375 09 27 12
23.941406 0.6796875 09 27 12
22.957031 1.5234375 09 27 12
21.199219 1.7109375 09 27 12
25.347656 1.6640625 09 27 12
18.738281 1.8515625 09 27 12
21.832031 2.2734375 09 27 12
13.535156 2.5546875 09 27 12
19.300781 2.3671875 09 27 12
13.535156 2.5546875 09 27 12
20.917969 2.9765625 09 27 12
20.917969 2.9765625 09 27 12
20.566406 3.3515625 09 27 12
19.933594 3.3515625 09 27 12
19.933594 3.3515625 09 27 12
20.566406 3.3515625 09 27 12
12.058594 7.1484375 09 27 12
12.128906 7.1484375 09 27 12
22.957031 -9.2578125 09 27 13
20.636719 -8.4609375 09 27 13
19.652344 -8.0859375 09 27 13
20.917969 -7.8046875 09 27 13
25.347656 -3.4921875 09 27 13
26.402344 -2.6953125 09 27 13
27.738281 -2.2734375 09 27 13
9.738281 6.0234375 09 27 13
9.738281 6.0234375 09 27 13
20.074219 9.8671875 09 27 13
19.511719 -9.8671875 09 27 14
19.582031 -8.6484375 09 27 14
23.027344 -8.2734375 09 27 14
23.027344 -8.2734375 09 27 14
25.207031 -1.8515625 09 27 14
26.472656 -0.3046875 09 27 14
26.472656 -0.3046875 09 27 14
12.128906 2.7421875 09 27 14
19.089844 -6.5859375 09 27 15
19.089844 -6.5859375 09 27 15
24.996094 -6.5390625 09 27 15
12.128906 4.8984375 09 27 15
11.003906 5.0859375 09 27 15
2.4960938 12.3984375 09 27 15
2.4960938 12.3984375 09 27 15
3.3398438 12.3984375 09 27 15
3.3398438 12.3984375 09 27 15
18.457031 -6.3046875 09 27 16
15.644531 -3.6796875 09 27 16
15.644531 -3.5859375 09 27 16
21.621094 -4.7109375 09 28 12
21.621094 -4.7109375 09 28 12
21.902344 -3.7734375 09 28 12
21.902344 -3.7734375 09 28 12
21.902344 -3.7734375 09 28 12
21.902344 -3.7734375 09 28 12
21.902344 -3.7734375 09 28 12
14.941406 -2.4140625 09 28 12
14.097656 -2.1796875 09 28 12
13.394531 -1.8515625 09 28 12
13.394531 -1.8515625 09 28 12
14.660156 -1.7578125 09 28 12
14.660156 -1.7578125 09 28 12
12.058594 -1.4765625 09 28 12
12.550781 -0.6328125 09 28 12
12.058594 -1.4296875 09 28 12
12.972656 -1.2421875 09 28 12
12.972656 -1.2421875 09 28 12
27.035156 -0.4453125 09 28 12
12.550781 -0.6328125 09 28 12
26.824219 -0.6328125 09 28 12
26.332031 -0.7734375 09 28 12
27.035156 -0.4453125 09 28 12
12.902344 -0.1171875 09 28 12
27.035156 -0.4453125 09 28 12
12.480469 -0.2578125 09 28 12
12.480469 -0.2578125 09 28 12
24.855469 0.0234375 09 28 12
12.972656 -0.0234375 09 28 12
29.917969 4.5703125 09 28 12
7.3476562 5.7421875 09 28 12
34.066406 6.6328125 09 28 12
34.066406 9.0234375 09 28 12
14.238281 11.0859375 09 28 12
36.45703 12.9140625 09 28 12
33.29297 13.5234375 09 28 12
33.29297 13.5234375 09 28 12
23.730469 -9.2109375 09 28 13
19.441406 7.2421875 09 28 13
13.535156 10.2890625 09 28 13
21.410156 10.9453125 09 28 13
22.464844 11.5546875 09 28 13
21.339844 -11.6015625 09 28 14
21.339844 -11.6015625 09 28 14
25.347656 -7.8515625 09 28 14
26.191406 -7.2421875 09 28 14
25.699219 -6.2578125 09 28 14
26.472656 -6.3515625 09 28 14
25.699219 -6.2578125 09 28 14
46.089844 6.8671875 09 28 14
27.386719 6.9609375 09 28 14
11.847656 7.1484375 09 28 14
17.894531 8.6953125 09 28 14
17.894531 8.6953125 09 28 14
19.441406 9.3515625 09 28 14
21.902344 10.0078125 09 28 14
22.675781 -10.7109375 09 28 15
19.300781 -6.4921875 09 28 15
25.277344 -5.3203125 09 28 15
15.363281 9.4453125 09 28 15
20.566406 9.5859375 09 28 15
2.3554688 12.9140625 09 28 15
32.027344 -21.445312 09 28 16
32.16797 -20.929688 09 28 16
32.097656 -20.789062 09 28 16
23.027344 -10.0078125 09 28 16
19.722656 -9.2109375 09 28 16
18.808594 -4.1015625 09 28 16
12.269531 8.4140625 09 28 16
8.824219 9.4453125 09 28 16
23.167969 11.0859375 09 28 16
6.9960938 11.7890625 09 28 16
18.808594 -4.6640625 09 28 17
23.941406 -4.3359375 09 28 17
26.472656 -11.5546875 09 29 12
17.542969 -3.5859375 09 29 12
16.488281 -3.1640625 09 29 12
17.542969 -3.5859375 09 29 12
17.542969 -3.5859375 09 29 12
22.605469 -0.7734375 09 29 12
25.839844 3.4453125 09 29 12
33.714844 4.4765625 09 29 12
32.589844 3.9140625 09 29 12
43.910156 4.2421875 09 29 12
44.402344 4.3359375 09 29 12
29.285156 4.0078125 09 29 12
31.675781 3.8203125 09 29 12
44.33203 4.3359375 09 29 12
44.964844 4.3828125 09 29 12
29.144531 4.0078125 09 29 12
19.582031 4.4296875 09 29 12
43.98047 4.7109375 09 29 12
29.285156 4.0078125 09 29 12
29.285156 4.0078125 09 29 12
32.660156 3.9140625 09 29 12
44.402344 4.3359375 09 29 12
44.402344 4.3359375 09 29 12
33.222656 4.1015625 09 29 12
44.402344 4.3359375 09 29 12
34.69922 6.3515625 09 29 12
25.980469 6.2109375 09 29 12
35.683594 7.1015625 09 29 12
35.683594 7.1015625 09 29 12
35.964844 12.2578125 09 29 12
36.878906 12.5859375 09 29 12
36.878906 12.5859375 09 29 12
23.660156 -11.2734375 09 29 13
20.496094 -10.5703125 09 29 13
23.097656 -9.8203125 09 29 13
20.496094 -10.5703125 09 29 13
20.496094 -10.5703125 09 29 13
23.589844 -9.6796875 09 29 13
24.925781 -8.9296875 09 29 13
25.277344 -7.9921875 09 29 13
19.792969 -5.6484375 09 29 13
27.035156 -4.9453125 09 29 13
18.808594 -4.3828125 09 29 13
17.894531 5.7890625 09 29 13
9.949219 5.9296875 09 29 13
10.230469 6.1171875 09 29 13
44.402344 7.3359375 09 29 13
8.472656 9.6328125 09 29 13
32.378906 10.1484375 09 29 13
30.410156 11.2265625 09 29 13
34.277344 14.6015625 09 29 13
35.121094 14.6953125 09 29 13
21.480469 -9.3515625 09 29 14
15.996094 -8.6015625 09 29 14
20.425781 -4.8515625 09 29 14
17.542969 -0.5390625 09 29 14
25.207031 6.4921875 09 29 14
33.85547 10.5234375 09 29 14
34.628906 11.9765625 09 29 14
34.13672 13.3359375 09 29 14
34.20703 13.3359375 09 29 14
33.01172 14.0390625 09 29 14
17.683594 -10.1484375 09 29 15
20.988281 -8.4609375 09 29 15
14.308594 4.5703125 09 29 15
17.191406 5.3671875 09 29 15
17.191406 5.3671875 09 29 15
12.480469 10.1015625 09 29 15
9.035156 10.5703125 09 29 15
34.628906 10.7578125 09 29 15
15.082031 -2.7421875 09 29 16
14.167969 4.3828125 09 29 16
19.582031 7.0078125 09 29 16
1.5117188 9.9609375 09 29 16
1.5117188 10.0078125 09 29 16
18.246094 12.3984375 09 29 16
19.722656 -8.6015625 09 29 17
12.339844 -2.0390625 09 29 17
19.511719 -6.9140625 09 30 12
26.121094 -7.1953125 09 30 12
26.121094 -7.1953125 09 30 12
21.269531 -6.9140625 09 30 12
19.511719 -6.9140625 09 30 12
21.269531 -6.9140625 09 30 12
20.566406 -6.3046875 09 30 12
20.566406 -6.3046875 09 30 12
20.566406 -6.3046875 09 30 12
20.566406 -6.3046875 09 30 12
20.144531 -6.2578125 09 30 12
19.652344 -5.7421875 09 30 12
20.847656 -5.8359375 09 30 12
25.980469 -4.6640625 09 30 12
25.980469 -4.6640625 09 30 12
25.980469 -4.6640625 09 30 12
25.980469 -4.6640625 09 30 12
25.980469 -4.6640625 09 30 12
19.792969 -2.5078125 09 30 12
19.863281 -2.4140625 09 30 12
20.777344 -1.9921875 09 30 12
19.441406 -1.8984375 09 30 12
19.441406 -1.8984375 09 30 12
20.566406 -1.1015625 09 30 12
19.933594 -1.0546875 09 30 12
20.566406 -1.1015625 09 30 12
20.566406 -1.1015625 09 30 12
19.582031 -0.7265625 09 30 12
19.300781 0.2109375 09 30 12
19.300781 0.2109375 09 30 12
28.863281 -0.0703125 09 30 12
19.582031 0.8203125 09 30 12
21.832031 1.3828125 09 30 12
23.660156 0.9140625 09 30 12
21.832031 1.3828125 09 30 12
19.511719 1.5234375 09 30 12
21.832031 1.3828125 09 30 12
23.660156 0.9140625 09 30 12
19.511719 1.5234375 09 30 12
21.832031 1.3828125 09 30 12
19.511719 1.5234375 09 30 12
18.808594 2.1328125 09 30 12
18.878906 2.1328125 09 30 12
15.503906 3.2578125 09 30 12
15.503906 3.2578125 09 30 12
15.503906 3.2578125 09 30 12
20.425781 3.3046875 09 30 12
15.644531 4.0078125 09 30 12
16.839844 3.5390625 09 30 12
15.996094 3.2578125 09 30 12
2.7773438 7.4765625 09 30 12
14.027344 10.8046875 09 30 12
14.027344 10.8046875 09 30 12
26.121094 -9.5859375 09 30 13
24.082031 -2.6484375 09 30 13
24.082031 -2.6484375 09 30 13
24.503906 -1.4296875 09 30 13
24.503906 -1.4296875 09 30 13
24.363281 -1.2890625 09 30 13
24.785156 -0.7734375 09 30 13
25.910156 0.4921875 09 30 13
44.191406 4.9453125 09 30 13
44.33203 6.7265625 09 30 13
8.542969 9.6328125 09 30 13
23.097656 -0.1171875 09 30 14
45.17578 6.0234375 09 30 14
33.64453 10.2890625 09 30 14
8.472656 9.9609375 09 30 14
27.949219 9.6796875 09 30 15
35.26172 10.6171875 09 30 15
35.191406 10.7109375 09 30 15
7.6992188 11.8359375 09 30 15
7.6992188 11.8359375 09 30 15
43.20703 6.7734375 09 30 16
7.4179688 12.0234375 09 30 16
46.160156 5.1328125 09 30 17
