14.800781 8.4609375 04 01 12
14.800781 8.4609375 04 01 12
14.800781 8.4609375 04 01 12
14.871094 8.6015625 04 01 12
22.324219 -25.570312 04 01 14
22.324219 -25.570312 04 01 14
17.824219 -23.273438 04 01 14
17.824219 -23.273438 04 01 14
37.089844 15.5390625 04 01 14
23.871094 -28.851562 04 01 15
33.64453 14.1796875 04 01 16
35.191406 14.6015625 04 01 16
38.214844 14.1796875 04 01 17
15.574219 -5.2265625 04 02 13
15.574219 -5.2265625 04 02 13
16.488281 -5.6015625 04 02 14
17.964844 -27.070312 04 02 15
17.964844 -27.070312 04 02 15
17.753906 -6.2109375 04 03 12
22.042969 -5.4140625 04 03 12
18.035156 -4.3828125 04 03 12
22.042969 -5.4140625 04 03 12
16.066406 -4.8984375 04 03 12
16.207031 -4.7578125 04 03 12
22.394531 -4.1015625 04 03 12
15.222656 -4.0546875 04 03 12
16.347656 -4.3359375 04 03 12
18.035156 -4.3828125 04 03 12
19.371094 -4.1484375 04 03 12
16.347656 -4.3359375 04 03 12
19.371094 -4.1484375 04 03 12
15.222656 -4.0546875 04 03 12
15.222656 -4.0546875 04 03 12
15.152344 -4.0546875 04 03 12
14.589844 -1.6640625 04 03 12
14.589844 -1.6640625 04 03 12
14.589844 -1.6640625 04 03 12
13.535156 0.1640625 04 03 12
14.378906 -0.5859375 04 03 12
13.253906 0.8203125 04 03 12
10.933594 6.3515625 04 03 12
30.128906 -28.195312 04 03 13
27.808594 4.4296875 04 03 13
17.824219 -10.2421875 04 03 14
21.902344 -7.9921875 04 03 17
24.785156 -7.8046875 04 04 12
22.042969 -8.1796875 04 04 12
24.574219 -7.9453125 04 04 12
26.402344 -5.6484375 04 04 12
27.035156 -5.2734375 04 04 12
18.949219 0.0703125 04 04 12
28.652344 5.7890625 04 04 12
11.988281 6.7734375 04 04 12
11.988281 6.7734375 04 04 12
25.628906 -10.0546875 04 04 13
25.628906 -10.0546875 04 04 13
22.113281 -9.2109375 04 04 13
22.113281 -9.2109375 04 04 13
22.113281 -9.2109375 04 04 13
22.113281 -9.2109375 04 04 13
21.339844 -8.5078125 04 04 13
21.832031 -8.0390625 04 04 13
26.542969 1.1484375 04 04 13
28.933594 -29.835938 04 04 14
30.199219 -25.617188 04 04 14
30.199219 -25.617188 04 04 14
17.472656 -2.1328125 04 04 14
27.878906 -29.226562 04 04 15
14.519531 1.2890625 04 04 16
15.503906 1.9453125 04 04 16
15.503906 1.9453125 04 04 16
33.996094 -23.179688 04 05 12
33.64453 -23.132812 04 05 12
24.011719 -10.9453125 04 05 12
25.628906 -10.2421875 04 05 12
22.605469 -10.1953125 04 05 12
22.605469 -10.1953125 04 05 12
26.332031 -9.3984375 04 05 12
26.824219 -8.7421875 04 05 12
26.824219 -8.7421875 04 05 12
17.753906 -7.9921875 04 05 12
17.753906 -7.9921875 04 05 12
24.292969 -7.8046875 04 05 12
16.277344 -7.5703125 04 05 12
15.503906 -7.8515625 04 05 12
22.957031 -6.5390625 04 05 12
16.136719 -7.1484375 04 05 12
16.066406 -7.1015625 04 05 12
15.082031 -5.4609375 04 05 12
14.871094 -5.4609375 04 05 12
15.433594 -4.6640625 04 05 12
15.503906 -3.4453125 04 05 12
15.503906 -3.4453125 04 05 12
16.207031 -3.3515625 04 05 12
24.363281 -1.2890625 04 05 12
16.277344 -1.4765625 04 05 12
24.363281 -1.2890625 04 05 12
24.363281 -1.2890625 04 05 12
24.363281 -1.2890625 04 05 12
23.941406 -0.3046875 04 05 12
26.753906 7.8515625 04 05 12
17.191406 -9.2578125 04 05 13
21.480469 -9.3984375 04 05 13
17.191406 -9.2578125 04 05 13
22.816406 -9.2578125 04 05 13
23.941406 -9.0703125 04 05 13
21.550781 -7.8046875 04 05 13
21.832031 -5.5078125 04 05 13
25.417969 -1.0546875 04 05 13
18.597656 -1.2890625 04 05 13
19.371094 -1.0078125 04 05 13
19.933594 0.1640625 04 05 13
28.792969 -23.507812 04 05 14
28.792969 -23.507812 04 05 14
16.839844 -5.6484375 04 05 14
27.667969 -29.320312 04 05 15
47.777344 -17.320312 04 06 12
47.777344 -17.320312 04 06 12
18.246094 -9.1640625 04 06 12
18.316406 -9.0703125 04 06 12
18.316406 -9.0703125 04 06 12
18.316406 -9.0703125 04 06 12
18.316406 -9.0703125 04 06 12
18.386719 -8.9765625 04 06 12
19.300781 -7.1015625 04 06 12
19.371094 -6.9609375 04 06 12
19.371094 -6.9609375 04 06 12
19.371094 -6.9609375 04 06 12
19.371094 -6.9609375 04 06 12
19.371094 -6.9609375 04 06 12
19.371094 -6.9609375 04 06 12
19.652344 -6.5390625 04 06 12
20.777344 -6.1640625 04 06 12
23.097656 -5.5546875 04 06 12
23.097656 -5.5546875 04 06 12
23.097656 -5.5546875 04 06 12
23.097656 -5.5546875 04 06 12
23.730469 -5.1796875 04 06 12
20.144531 -5.0390625 04 06 12
23.308594 -4.3828125 04 06 12
23.308594 -4.3828125 04 06 12
20.074219 -4.6640625 04 06 12
20.496094 -2.2265625 04 06 12
20.496094 -2.2265625 04 06 12
26.402344 1.7109375 04 06 12
26.402344 1.7578125 04 06 12
26.402344 1.9453125 04 06 12
19.089844 5.6484375 04 06 12
18.035156 -14.8359375 04 06 13
18.035156 -14.8359375 04 06 13
16.207031 -13.9453125 04 06 13
18.738281 -13.5234375 04 06 13
18.738281 -13.5234375 04 06 13
19.089844 -12.5859375 04 06 13
14.941406 -6.4921875 04 06 13
14.941406 -6.4921875 04 06 13
32.871094 10.8984375 04 06 13
20.566406 -31.617188 04 06 14
20.214844 -31.476562 04 06 14
20.214844 -31.476562 04 06 14
19.933594 -11.6015625 04 06 14
19.933594 -11.6015625 04 06 14
22.253906 -6.9609375 04 06 14
22.957031 -6.2578125 04 06 14
15.644531 -5.6953125 04 06 14
15.574219 -5.6953125 04 06 14
19.863281 -11.3203125 04 06 15
19.582031 7.7578125 04 06 15
28.933594 9.7265625 04 06 17
28.863281 -28.757812 04 07 12
27.246094 -25.664062 04 07 12
37.371094 -9.1640625 04 07 12
37.371094 -9.1640625 04 07 12
37.86328 -8.3671875 04 07 12
16.347656 -1.5703125 04 07 12
17.964844 -1.0546875 04 07 12
16.347656 -1.5703125 04 07 12
17.964844 -1.0546875 04 07 12
15.222656 -0.3046875 04 07 12
30.128906 -1.2421875 04 07 12
17.964844 -1.0546875 04 07 12
15.011719 -0.1640625 04 07 12
29.003906 -0.2109375 04 07 12
15.152344 -0.2578125 04 07 12
16.277344 0.4921875 04 07 12
31.816406 7.6640625 04 07 12
31.886719 7.6171875 04 07 12
30.902344 8.4609375 04 07 12
31.394531 9.6796875 04 07 12
31.394531 9.6796875 04 07 12
32.308594 9.4921875 04 07 12
14.941406 -9.2578125 04 07 13
15.925781 -1.6171875 04 07 13
14.449219 -14.1796875 04 07 15
18.667969 -8.2734375 04 07 15
23.238281 6.2578125 04 07 15
16.136719 -13.8984375 04 07 16
24.574219 6.4921875 04 07 16
24.574219 6.4921875 04 07 16
24.433594 -30.914062 04 08 12
28.019531 -30.257812 04 08 12
29.144531 -28.757812 04 08 12
19.652344 -14.3203125 04 08 12
28.652344 5.2734375 04 08 12
34.839844 6.3515625 04 08 12
29.355469 6.2109375 04 08 12
34.839844 6.3515625 04 08 12
34.839844 6.3515625 04 08 12
34.839844 6.3515625 04 08 12
22.113281 6.3515625 04 08 12
35.753906 7.1015625 04 08 12
21.410156 7.1953125 04 08 12
21.410156 7.2421875 04 08 12
24.433594 8.7421875 04 08 12
24.292969 8.8359375 04 08 12
28.582031 10.0078125 04 08 12
31.746094 8.3203125 04 08 13
20.214844 -14.8828125 04 08 14
13.957031 -16.007812 04 08 16
13.957031 -16.007812 04 08 16
19.160156 -10.2421875 04 09 12
24.363281 -8.7421875 04 09 12
24.222656 -8.7421875 04 09 12
24.363281 -8.7421875 04 09 12
24.363281 -8.7421875 04 09 12
24.363281 -8.6953125 04 09 12
27.105469 -7.8984375 04 09 12
23.519531 -4.5703125 04 09 12
22.957031 -2.4140625 04 09 12
22.886719 -2.3671875 04 09 12
28.722656 -0.5859375 04 09 12
34.558594 1.5234375 04 09 12
28.160156 3.2109375 04 09 12
27.949219 10.0546875 04 09 12
19.792969 -9.0234375 04 09 13
20.917969 -8.3203125 04 09 13
20.917969 -5.1796875 04 09 13
13.675781 -4.4296875 04 09 13
28.019531 0.0703125 04 09 13
24.644531 -27.023438 04 09 14
22.183594 -9.0703125 04 09 14
15.785156 -8.8828125 04 09 14
15.785156 -8.8828125 04 09 14
15.925781 -6.5390625 04 09 14
21.832031 -3.7734375 04 09 14
21.832031 -3.7734375 04 09 14
18.527344 -5.1796875 04 09 15
14.308594 -4.7109375 04 09 15
27.386719 6.5859375 04 09 15
34.20703 2.6953125 04 10 12
32.44922 4.4296875 04 10 12
34.20703 8.7421875 04 10 12
34.13672 8.9765625 04 10 12
41.589844 9.8203125 04 10 12
34.48828 10.2890625 04 10 12
34.48828 10.2890625 04 10 12
20.425781 -9.6796875 04 10 13
21.902344 -8.2265625 04 10 13
14.730469 -6.2109375 04 10 13
24.996094 -4.3359375 04 10 13
14.378906 -14.3203125 04 10 14
18.246094 -9.1640625 04 10 14
19.160156 -9.2578125 04 10 14
19.089844 -8.2265625 04 10 14
22.746094 -5.0859375 04 10 14
19.722656 -4.7578125 04 10 15
19.722656 -10.6640625 04 11 12
26.542969 -9.0234375 04 11 12
22.605469 -9.3515625 04 11 12
26.542969 -9.0234375 04 11 12
24.222656 -8.7890625 04 11 12
25.207031 -7.0546875 04 11 12
25.207031 -7.0546875 04 11 12
25.839844 -6.5390625 04 11 12
27.035156 -5.1328125 04 11 12
34.41797 2.2734375 04 11 12
33.08203 8.0390625 04 11 12
41.941406 10.1484375 04 11 12
41.941406 10.1484375 04 11 12
22.675781 -8.9296875 04 11 13
22.675781 -8.4140625 04 11 13
15.855469 -7.0546875 04 11 13
15.433594 -3.8671875 04 11 13
10.160156 6.0703125 04 11 13
19.582031 -30.445312 04 11 14
24.785156 -9.2109375 04 11 14
11.144531 6.3984375 04 11 14
26.121094 -32.179688 04 11 15
13.394531 -0.0234375 04 11 15
13.394531 -0.0234375 04 11 15
28.511719 3.5390625 04 11 17
21.269531 -11.7421875 04 12 12
34.48828 -3.8671875 04 12 12
35.472656 7.4765625 04 12 12
34.347656 8.1796875 04 12 12
34.98047 8.8828125 04 12 12
36.10547 9.5859375 04 12 12
36.10547 9.5859375 04 12 12
17.542969 -16.476562 04 12 13
19.089844 -11.2265625 04 12 13
15.574219 -11.2265625 04 12 13
15.574219 -11.2265625 04 12 13
15.574219 -11.2265625 04 12 13
17.894531 -10.1015625 04 12 13
32.80078 -5.6953125 04 12 13
22.605469 -5.8359375 04 12 13
11.003906 6.4453125 04 12 13
18.597656 -27.914062 04 12 14
20.707031 -22.945312 04 12 14
19.582031 -21.398438 04 12 14
16.066406 -16.335938 04 12 14
25.769531 -24.539062 04 12 16
16.980469 -17.789062 04 12 16
15.644531 -5.6015625 04 12 16
15.503906 -3.2109375 04 12 17
15.152344 -2.2265625 04 12 17
30.339844 -24.023438 04 13 12
30.339844 -24.023438 04 13 12
24.855469 -8.9765625 04 13 12
43.20703 7.5703125 04 13 12
41.660156 8.5546875 04 13 12
41.660156 8.5546875 04 13 12
41.16797 8.6015625 04 13 12
41.589844 8.6953125 04 13 12
41.589844 8.8828125 04 13 12
21.269531 -11.1796875 04 13 13
19.792969 -10.4296875 04 13 13
22.113281 -10.0078125 04 13 14
15.925781 -3.4453125 04 13 14
16.417969 -3.5859375 04 13 14
30.339844 5.5078125 04 13 14
20.214844 9.4453125 04 13 14
16.699219 -9.8671875 04 13 15
28.160156 4.7109375 04 13 15
26.050781 -9.8671875 04 14 12
25.980469 -9.8203125 04 14 12
25.980469 -9.8203125 04 14 12
23.238281 -9.0234375 04 14 12
23.308594 -8.9296875 04 14 12
23.730469 -8.6484375 04 14 12
19.300781 -2.7890625 04 14 12
27.878906 -2.2265625 04 14 12
27.878906 -2.2265625 04 14 12
28.300781 -1.0078125 04 14 12
26.824219 1.4296875 04 14 12
26.824219 1.4296875 04 14 12
35.402344 7.2421875 04 14 12
35.61328 7.0546875 04 14 12
36.878906 7.3359375 04 14 12
14.097656 0.8671875 04 14 13
25.417969 2.0390625 04 14 13
21.269531 -9.6796875 04 14 15
21.058594 -9.3515625 04 14 16
19.089844 -4.6171875 04 15 12
19.089844 -4.6171875 04 15 12
28.722656 -1.3828125 04 15 12
28.582031 -1.3828125 04 15 12
11.707031 5.2265625 04 15 12
42.503906 5.3671875 04 15 12
42.433594 5.4609375 04 15 12
42.433594 5.7890625 04 15 12
20.847656 -9.5859375 04 15 13
20.777344 -9.5859375 04 15 13
18.878906 -9.1640625 04 15 13
21.902344 -8.3203125 04 15 13
21.902344 -8.3203125 04 15 13
23.378906 -6.5859375 04 15 13
20.917969 -6.4921875 04 15 13
25.207031 -4.0078125 04 15 13
24.082031 -5.6953125 04 15 14
28.089844 4.4765625 04 15 15
26.332031 5.4140625 04 15 16
28.230469 -0.9140625 04 16 12
28.160156 -0.5390625 04 16 12
26.894531 -0.1171875 04 16 12
26.894531 -0.1171875 04 16 12
28.230469 -0.2578125 04 16 12
44.89453 6.3515625 04 16 12
45.316406 6.7734375 04 16 12
46.58203 6.7734375 04 16 12
45.38672 6.7265625 04 16 12
46.58203 6.7734375 04 16 12
25.207031 -1.3828125 04 17 12
13.042969 -0.1171875 04 17 12
17.613281 2.1328125 04 17 12
41.16797 3.7265625 04 17 12
43.13672 3.7734375 04 17 12
43.13672 3.7734375 04 17 12
18.949219 -7.9921875 04 17 13
16.558594 0.8671875 04 17 13
23.167969 -4.5703125 04 17 14
23.308594 -4.5703125 04 17 14
23.238281 -4.5703125 04 17 14
24.011719 -4.9453125 04 17 14
22.394531 -4.4296875 04 17 14
21.621094 -3.8203125 04 17 14
20.777344 -2.4609375 04 17 14
24.292969 -2.9765625 04 17 15
21.902344 -2.1328125 04 17 15
22.746094 -0.6328125 04 17 15
20.285156 -0.4921875 04 17 15
21.691406 -3.0234375 04 17 16
22.464844 -2.9296875 04 17 16
18.878906 -1.8046875 04 17 17
24.292969 -2.7421875 04 18 12
23.660156 -2.2734375 04 18 12
23.660156 -2.2734375 04 18 12
23.730469 -2.3671875 04 18 12
24.714844 -1.8046875 04 18 12
23.660156 -2.2734375 04 18 12
21.972656 -0.3984375 04 18 12
22.605469 -0.6796875 04 18 12
22.605469 -0.6796875 04 18 12
22.535156 -4.6171875 04 18 13
22.535156 -4.6171875 04 18 13
23.871094 -3.3984375 04 18 14
21.199219 -4.8046875 04 18 15
20.074219 -4.4296875 04 18 15
21.550781 -3.4453125 04 18 15
20.214844 -3.8203125 04 18 15
26.332031 0.3515625 04 19 12
26.332031 0.3515625 04 19 12
26.332031 0.3515625 04 19 12
10.019531 6.4453125 04 19 12
9.105469 7.6171875 04 19 12
10.089844 7.6171875 04 19 12
9.316406 7.6640625 04 19 12
29.355469 9.3984375 04 19 12
26.613281 10.0546875 04 19 12
26.613281 10.0546875 04 19 12
31.324219 -3.8203125 04 19 14
17.542969 -3.2109375 04 19 15
17.542969 -3.1640625 04 19 15
25.769531 7.3828125 04 19 15
26.050781 7.4765625 04 19 15
13.816406 18.492188 04 19 15
20.214844 -11.6484375 04 19 16
21.761719 -3.8671875 04 19 16
20.566406 -3.9609375 04 19 17
13.746094 2.7421875 04 20 12
13.886719 3.3046875 04 20 12
34.277344 8.8359375 04 20 12
16.417969 -9.3515625 04 20 13
15.152344 -7.6171875 04 20 13
17.824219 -1.0078125 04 20 13
19.371094 0.0703125 04 20 13
19.371094 0.0703125 04 20 13
19.371094 0.0703125 04 20 13
16.277344 -23.226562 04 20 14
16.628906 -0.3046875 04 20 14
36.17578 -6.5859375 04 20 15
14.660156 -6.7734375 04 21 12
14.660156 -6.7734375 04 21 12
14.660156 -6.7734375 04 21 12
14.660156 -6.7734375 04 21 12
25.207031 -5.4609375 04 21 12
26.472656 -5.5546875 04 21 12
25.769531 -5.4609375 04 21 12
15.011719 -5.3203125 04 21 12
14.871094 -5.2734375 04 21 12
15.292969 -4.6640625 04 21 12
14.308594 -4.7578125 04 21 12
17.261719 -3.6796875 04 21 12
15.292969 -4.6640625 04 21 12
17.261719 -3.1171875 04 21 12
17.050781 -2.4140625 04 21 12
23.800781 -2.3671875 04 21 12
16.417969 -2.5078125 04 21 12
17.050781 -2.4140625 04 21 12
24.152344 -1.5703125 04 21 12
23.800781 -2.3671875 04 21 12
27.667969 -2.0859375 04 21 12
28.792969 -1.3828125 04 21 12
24.855469 -0.5859375 04 21 12
27.035156 -0.6328125 04 21 12
27.105469 0.1640625 04 21 12
27.175781 0.1640625 04 21 12
27.105469 0.1640625 04 21 12
29.566406 6.0234375 04 21 12
30.761719 7.4296875 04 21 12
24.644531 8.6953125 04 21 12
17.753906 -10.1015625 04 21 13
17.753906 -10.1015625 04 21 13
19.019531 -8.8359375 04 21 13
36.878906 -8.3203125 04 21 13
19.089844 -10.1015625 04 21 14
19.019531 -10.0546875 04 21 14
15.011719 -8.5546875 04 21 14
18.597656 -7.5703125 04 21 14
18.597656 -7.5703125 04 21 14
18.457031 -7.5234375 04 21 14
22.605469 -4.7578125 04 21 14
24.363281 -3.2109375 04 21 14
21.832031 -2.2265625 04 21 14
20.074219 -5.9296875 04 21 16
24.574219 -8.9296875 04 22 12
24.574219 -8.9296875 04 22 12
24.574219 -8.9296875 04 22 12
32.23828 -5.5078125 04 22 12
32.23828 -5.5078125 04 22 12
23.308594 -3.5859375 04 22 12
24.574219 -3.9140625 04 22 12
23.308594 -3.5859375 04 22 12
24.292969 -2.8359375 04 22 12
23.449219 -1.9453125 04 22 12
24.503906 -2.2265625 04 22 12
23.449219 -1.9453125 04 22 12
23.449219 -1.9453125 04 22 12
22.324219 -1.4296875 04 22 12
22.324219 -1.4296875 04 22 12
21.691406 -0.3046875 04 22 12
23.097656 -0.3046875 04 22 12
23.097656 -0.3046875 04 22 12
22.746094 -0.0703125 04 22 12
41.589844 3.3515625 04 22 12
41.589844 3.3515625 04 22 12
41.44922 3.5859375 04 22 12
34.839844 8.0390625 04 22 12
34.628906 9.1171875 04 22 12
3.1992188 9.5859375 04 22 12
3.4101562 10.5234375 04 22 12
3.4101562 10.5234375 04 22 12
3.4101562 10.5234375 04 22 12
3.4101562 10.5234375 04 22 12
3.6210938 11.2265625 04 22 12
3.6210938 11.2265625 04 22 12
23.730469 -7.6640625 04 22 13
14.589844 -6.3515625 04 22 13
14.941406 -5.5546875 04 22 13
14.941406 -5.5078125 04 22 13
15.011719 -5.5078125 04 22 13
24.996094 -5.1796875 04 22 13
15.644531 -5.3203125 04 22 13
21.832031 -3.7734375 04 22 13
21.128906 -3.3046875 04 22 13
21.128906 -3.3046875 04 22 13
24.503906 -2.0390625 04 22 13
26.121094 -0.9140625 04 22 13
26.121094 -0.9140625 04 22 13
26.683594 -0.7265625 04 22 13
22.886719 -6.5859375 04 22 14
22.886719 -6.5859375 04 22 14
19.722656 -2.0859375 04 22 14
19.722656 -1.9921875 04 22 14
18.808594 -2.1328125 04 22 14
19.722656 -1.9921875 04 22 14
13.816406 -1.3828125 04 22 14
13.816406 -1.3828125 04 22 14
15.996094 -6.6796875 04 22 16
19.160156 -1.8984375 04 22 16
17.894531 -2.3203125 04 22 17
36.10547 -9.1640625 04 23 12
24.785156 -8.5078125 04 23 12
24.785156 -8.5078125 04 23 12
19.511719 -7.2421875 04 23 12
18.246094 -7.3828125 04 23 12
19.511719 -7.2421875 04 23 12
17.472656 -6.5390625 04 23 12
18.808594 -6.6796875 04 23 12
16.136719 -4.7109375 04 23 12
16.136719 -4.7109375 04 23 12
36.316406 -3.7734375 04 23 12
28.511719 -0.5390625 04 23 12
35.121094 8.0390625 04 23 12
48.339844 9.9140625 04 23 12
48.339844 9.9140625 04 23 12
37.23047 -5.7890625 04 23 13
15.714844 -4.7109375 04 23 13
36.808594 -8.3203125 04 23 14
24.011719 -2.4140625 04 23 15
24.785156 -2.1796875 04 23 15
26.191406 -1.8515625 04 23 15
22.324219 -1.7109375 04 23 15
22.324219 -1.7109375 04 23 15
21.691406 -9.5390625 04 24 12
36.316406 -9.1640625 04 24 12
32.027344 -6.1171875 04 24 12
24.433594 -6.3515625 04 24 12
32.308594 -5.6484375 04 24 12
32.308594 -5.6015625 04 24 12
22.886719 -3.7734375 04 24 12
10.652344 5.2265625 04 24 12
34.558594 8.8828125 04 24 12
34.558594 8.8828125 04 24 12
18.949219 -11.7421875 04 24 13
23.167969 -6.8671875 04 24 13
22.675781 -7.8046875 04 24 14
22.324219 -7.0546875 04 24 14
18.316406 -7.1484375 04 24 15
20.777344 -7.8515625 04 24 16
20.777344 -7.8515625 04 24 16
15.292969 -8.7421875 04 24 17
27.738281 -29.601562 04 25 12
25.417969 -6.5859375 04 25 12
28.441406 -1.5703125 04 25 12
28.722656 -1.1953125 04 25 12
25.488281 -0.5390625 04 25 12
25.488281 -0.5390625 04 25 12
25.417969 1.3828125 04 25 12
25.558594 1.5234375 04 25 12
26.261719 1.2421875 04 25 12
13.464844 2.9765625 04 25 12
12.691406 3.6328125 04 25 12
13.535156 4.7578125 04 25 12
12.621094 4.5234375 04 25 12
13.535156 4.7578125 04 25 12
13.394531 5.4609375 04 25 12
14.800781 5.6015625 04 25 12
12.550781 8.0390625 04 25 12
34.558594 8.9296875 04 25 12
19.089844 -18.867188 04 25 13
19.511719 -5.9765625 04 25 13
18.667969 -5.6484375 04 25 13
19.511719 -5.9765625 04 25 13
11.144531 6.6328125 04 25 13
34.347656 10.1953125 04 25 13
23.589844 12.2578125 04 25 13
17.894531 -6.8671875 04 25 14
19.300781 -6.1640625 04 25 14
19.441406 -5.6015625 04 25 14
21.058594 -3.8671875 04 25 14
22.464844 -3.0234375 04 25 14
21.480469 -19.429688 04 25 15
17.050781 -18.164062 04 25 15
24.222656 -4.3359375 04 25 15
11.636719 7.4296875 04 25 15
13.816406 -15.9609375 04 25 16
18.878906 -10.9921875 04 25 16
26.894531 -8.6015625 04 26 12
24.785156 -7.0078125 04 26 12
24.785156 -7.0078125 04 26 12
24.996094 -7.0546875 04 26 12
14.871094 -6.0234375 04 26 12
17.683594 -5.5078125 04 26 12
29.074219 -2.4140625 04 26 12
28.441406 -1.6171875 04 26 12
23.449219 -1.6171875 04 26 12
29.566406 -1.5234375 04 26 12
11.496094 -0.3046875 04 26 12
20.566406 -0.1640625 04 26 12
20.636719 1.0546875 04 26 12
11.988281 7.1953125 04 26 12
34.558594 8.4140625 04 26 12
34.277344 9.3515625 04 26 12
16.066406 -8.2734375 04 26 13
22.746094 -8.2734375 04 26 13
15.785156 -8.2734375 04 26 13
22.746094 -8.2734375 04 26 13
22.746094 -8.2734375 04 26 13
22.746094 -7.8984375 04 26 13
18.808594 -7.9921875 04 26 13
22.042969 -6.9140625 04 26 13
24.574219 -7.0078125 04 26 13
24.222656 -4.3359375 04 26 13
24.292969 -4.3359375 04 26 13
24.011719 -3.5859375 04 26 13
23.238281 -2.8359375 04 26 13
23.238281 -2.8359375 04 26 13
13.886719 7.8984375 04 26 13
21.269531 -7.7109375 04 26 14
25.839844 -1.3359375 04 26 14
27.527344 1.8515625 04 26 14
26.121094 -4.0546875 04 26 15
1.7226562 10.9453125 04 26 15
23.730469 7.3359375 04 26 16
12.832031 -1.1484375 04 26 17
20.847656 -9.5859375 04 27 12
14.519531 -6.2578125 04 27 12
31.324219 -3.6796875 04 27 12
31.324219 -3.6796875 04 27 12
5.6601562 7.8046875 04 27 12
17.542969 -10.0546875 04 27 13
20.003906 -9.5390625 04 27 13
20.003906 -9.5390625 04 27 13
22.957031 -9.1640625 04 27 13
22.957031 -9.1640625 04 27 13
19.019531 -9.3046875 04 27 14
19.019531 -9.3046875 04 27 14
26.894531 -25.054688 04 27 16
33.08203 -4.7578125 04 27 17
31.253906 -24.960938 04 28 12
21.691406 0.9609375 04 28 12
21.480469 2.4609375 04 28 12
21.480469 1.5703125 04 28 12
21.691406 0.9609375 04 28 12
21.339844 2.3203125 04 28 12
21.691406 0.9609375 04 28 12
22.957031 1.4296875 04 28 12
21.339844 2.4609375 04 28 12
21.339844 2.5546875 04 28 12
30.972656 -25.476562 04 28 13
22.042969 -7.1015625 04 28 13
21.902344 -7.0546875 04 28 13
20.917969 -7.2890625 04 28 13
21.621094 -7.3828125 04 28 14
23.800781 -7.5703125 04 28 14
18.738281 -6.7265625 04 28 14
18.527344 -6.8671875 04 28 15
16.558594 1.8984375 04 28 15
14.589844 1.1015625 04 28 16
17.121094 -1.6171875 04 28 17
23.660156 -7.9453125 04 29 12
23.660156 -7.9453125 04 29 12
23.660156 -7.9453125 04 29 12
23.660156 -7.9453125 04 29 12
23.238281 -6.7265625 04 29 12
23.238281 -6.7265625 04 29 12
13.957031 -4.3359375 04 29 12
14.660156 -3.8671875 04 29 12
16.136719 -4.1015625 04 29 12
13.886719 -4.2890625 04 29 12
13.886719 -4.2421875 04 29 12
28.652344 -2.1328125 04 29 12
28.722656 -0.8203125 04 29 12
28.933594 -0.2109375 04 29 12
23.589844 -0.4453125 04 29 12
28.019531 -0.3046875 04 29 12
28.792969 1.3828125 04 29 12
28.652344 1.3359375 04 29 12
35.82422 11.1328125 04 29 12
24.011719 -5.7890625 04 29 13
22.324219 -5.2734375 04 29 13
22.324219 -5.2734375 04 29 13
22.324219 -5.2734375 04 29 13
24.574219 -3.4453125 04 29 13
21.339844 -2.9765625 04 29 13
21.902344 -2.6015625 04 29 13
19.863281 -1.9453125 04 29 13
16.839844 0.3046875 04 29 13
33.92578 2.4140625 04 29 13
22.464844 2.6015625 04 29 13
22.464844 2.6015625 04 29 13
25.417969 -8.8828125 04 29 14
19.933594 -5.5546875 04 29 14
20.707031 -5.4609375 04 29 14
22.746094 -3.3046875 04 29 14
22.253906 -0.5390625 04 29 14
19.371094 -0.3046875 04 29 14
22.253906 -0.5390625 04 29 14
18.808594 0.5390625 04 29 14
18.808594 0.5390625 04 29 14
18.808594 0.5390625 04 29 14
21.691406 0.8203125 04 29 14
22.535156 1.0546875 04 29 14
18.386719 -5.1796875 04 29 15
23.308594 -2.9296875 04 29 15
23.660156 -2.1328125 04 29 15
21.128906 -1.8984375 04 29 15
22.324219 -1.8046875 04 29 15
20.425781 1.5234375 04 29 15
23.238281 -7.3828125 04 30 12
23.238281 -7.3828125 04 30 12
22.746094 -6.2578125 04 30 12
21.972656 -6.1171875 04 30 12
23.167969 -6.1640625 04 30 12
21.972656 -6.0703125 04 30 12
22.605469 -6.1171875 04 30 12
21.972656 -6.0703125 04 30 12
21.972656 -6.0703125 04 30 12
26.683594 -5.5078125 04 30 12
21.199219 -5.4140625 04 30 12
18.035156 -4.3359375 04 30 12
20.847656 -4.1953125 04 30 12
18.035156 -4.3359375 04 30 12
19.441406 -3.8203125 04 30 12
19.441406 -3.8203125 04 30 12
17.894531 -3.1171875 04 30 12
15.996094 -3.3984375 04 30 12
23.871094 -1.9453125 04 30 12
30.058594 -0.3515625 04 30 12
16.839844 -1.0078125 04 30 12
33.996094 2.3203125 04 30 12
17.191406 3.6796875 04 30 12
33.714844 3.3515625 04 30 12
32.027344 3.4921875 04 30 12
17.191406 4.8046875 04 30 12
36.10547 11.7890625 04 30 12
36.10547 11.7890625 04 30 12
16.699219 -5.6953125 04 30 13
16.699219 -5.6953125 04 30 13
16.699219 -5.6953125 04 30 13
16.628906 -4.7109375 04 30 13
16.417969 -3.9140625 04 30 13
15.433594 -2.1328125 04 30 13
17.542969 -2.6484375 04 30 13
42.57422 3.1171875 04 30 13
22.253906 4.0546875 04 30 13
11.917969 11.9296875 04 30 13
11.917969 11.9296875 04 30 13
11.003906 12.9140625 04 30 13
16.628906 -9.1640625 04 30 14
20.777344 -8.7421875 04 30 14
21.972656 -8.9765625 04 30 14
20.496094 -8.5546875 04 30 14
20.496094 -8.5546875 04 30 14
23.308594 -8.5546875 04 30 14
23.308594 -8.5546875 04 30 14
17.964844 -7.1015625 04 30 14
18.527344 -7.5703125 04 30 14
17.964844 -7.1015625 04 30 14
18.527344 -7.5703125 04 30 14
17.894531 -6.5390625 04 30 14
17.894531 -6.5390625 04 30 14
18.597656 -6.4921875 04 30 14
17.894531 -6.5390625 04 30 14
27.597656 -0.8203125 04 30 14
13.324219 1.5234375 04 30 14
11.425781 2.7890625 04 30 14
18.949219 -8.5078125 04 30 15
20.355469 -8.5078125 04 30 15
18.949219 -8.5078125 04 30 15
13.605469 4.9921875 04 30 15
27.316406 -2.1796875 04 30 17
12.410156 4.4296875 04 30 17
26.332031 -9.4453125 05 01 12
34.20703 -4.7578125 05 01 12
31.605469 -3.7265625 05 01 12
31.605469 -3.7265625 05 01 12
29.355469 -0.0703125 05 01 12
39.339844 1.6640625 05 01 12
39.410156 2.3203125 05 01 12
41.589844 3.0703125 05 01 12
44.89453 3.9140625 05 01 12
25.769531 -10.1484375 05 01 13
20.214844 7.0078125 05 01 13
19.933594 7.0078125 05 01 13
7.5585938 11.3203125 05 01 13
7.5585938 11.3203125 05 01 13
20.636719 6.0234375 05 01 14
19.371094 -6.4453125 05 01 15
19.582031 -6.3515625 05 01 15
18.035156 -7.1953125 05 01 15
16.558594 -5.7890625 05 01 15
22.042969 5.5078125 05 01 15
36.45703 -4.9453125 05 01 17
16.488281 -4.4765625 05 01 17
24.925781 -4.1953125 05 01 17
25.628906 -4.2421875 05 01 17
18.667969 -7.9453125 05 02 12
20.566406 -8.2734375 05 02 12
25.769531 -7.4296875 05 02 12
21.972656 -7.3359375 05 02 12
19.652344 2.1328125 05 02 12
42.08203 2.7890625 05 02 12
42.08203 2.7890625 05 02 12
10.933594 7.0546875 05 02 12
10.019531 6.4921875 05 02 12
12.972656 7.1015625 05 02 12
10.933594 7.0546875 05 02 12
11.074219 6.6796875 05 02 12
12.691406 6.8203125 05 02 12
11.144531 6.6328125 05 02 12
5.7304688 13.1953125 05 02 12
21.410156 -8.9765625 05 02 13
22.324219 -8.9296875 05 02 13
24.152344 -8.6953125 05 02 13
23.589844 -8.2734375 05 02 13
24.644531 -7.6171875 05 02 13
24.644531 -7.5703125 05 02 13
22.746094 -7.7109375 05 02 13
20.144531 -7.4765625 05 02 13
15.082031 -7.2421875 05 02 13
14.800781 -6.2109375 05 02 13
15.644531 -5.8359375 05 02 13
17.261719 -4.7578125 05 02 13
11.636719 5.5078125 05 02 13
36.73828 12.4453125 05 02 13
23.449219 -8.9765625 05 02 14
17.964844 -5.2734375 05 02 14
17.121094 -4.6640625 05 02 14
19.230469 -5.2265625 05 02 14
4.2539062 9.4921875 05 02 14
16.839844 -2.8359375 05 02 15
1.5820312 10.7109375 05 02 15
16.066406 -0.0234375 05 03 12
22.675781 1.5703125 05 03 12
22.675781 1.5703125 05 03 12
21.621094 1.8515625 05 03 12
33.57422 3.5859375 05 03 12
44.191406 4.1015625 05 03 12
43.69922 4.4765625 05 03 12
32.660156 4.0078125 05 03 12
44.26172 4.1015625 05 03 12
44.191406 4.1015625 05 03 12
34.41797 5.9296875 05 03 12
34.41797 5.9296875 05 03 12
34.48828 5.9765625 05 03 12
13.746094 7.7578125 05 03 12
32.51953 8.2265625 05 03 12
26.191406 9.1171875 05 03 12
26.191406 9.1171875 05 03 12
26.332031 9.3046875 05 03 12
10.019531 5.8828125 05 03 13
28.089844 9.6796875 05 03 13
24.363281 10.0078125 05 03 13
11.636719 -0.4921875 05 03 14
11.636719 -0.4921875 05 03 14
17.824219 -0.1171875 05 03 14
12.199219 7.6640625 05 03 14
32.660156 5.8359375 05 03 15
32.027344 14.8828125 05 03 15
31.535156 4.2421875 05 03 17
26.894531 -8.6484375 05 04 12
15.503906 -4.8046875 05 04 12
19.160156 -4.0546875 05 04 12
31.464844 -3.8203125 05 04 12
19.300781 -3.4453125 05 04 12
31.464844 -3.8203125 05 04 12
15.503906 -2.9296875 05 04 12
16.136719 -2.7421875 05 04 12
18.808594 -2.5546875 05 04 12
18.808594 -2.5546875 05 04 12
34.347656 4.3359375 05 04 12
41.308594 4.8046875 05 04 12
41.097656 4.9921875 05 04 12
36.17578 10.2890625 05 04 12
35.26172 10.0546875 05 04 12
36.17578 10.2890625 05 04 12
36.17578 10.2890625 05 04 12
36.17578 10.2890625 05 04 12
36.246094 11.0390625 05 04 12
37.089844 12.0234375 05 04 12
6.9257812 23.976562 05 04 12
36.527344 -8.6953125 05 04 13
36.316406 -8.2734375 05 05 12
23.378906 1.0546875 05 05 12
23.097656 2.5078125 05 05 12
18.738281 2.8828125 05 05 12
18.738281 2.8828125 05 05 12
12.480469 4.8515625 05 05 12
12.480469 4.8515625 05 05 12
44.05078 5.6953125 05 05 12
35.402344 8.7890625 05 05 12
36.808594 9.1640625 05 05 12
36.878906 9.3515625 05 05 12
37.160156 9.8203125 05 05 12
37.01953 9.8671875 05 05 12
36.38672 10.5234375 05 05 12
36.17578 11.3203125 05 05 12
37.089844 11.6015625 05 05 12
14.800781 13.7578125 05 05 12
14.800781 13.7578125 05 05 12
19.160156 -10.1015625 05 05 13
36.316406 -2.7421875 05 05 13
24.996094 0.1640625 05 05 13
37.86328 13.9921875 05 05 13
16.769531 -10.1953125 05 05 14
20.566406 -9.2578125 05 05 14
18.808594 -8.5078125 05 05 14
21.339844 -8.6953125 05 05 14
18.808594 -8.5078125 05 05 14
17.753906 -7.2421875 05 05 14
17.753906 -7.2421875 05 05 14
24.292969 -2.2734375 05 05 14
24.292969 -2.2734375 05 05 14
34.20703 13.3828125 05 05 14
22.394531 -9.0234375 05 05 15
20.496094 -8.6015625 05 05 15
20.355469 -7.9921875 05 05 15
19.230469 -7.1953125 05 05 15
22.464844 -6.5859375 05 05 15
22.324219 -4.4765625 05 05 15
22.253906 -4.4296875 05 05 15
18.738281 1.2890625 05 05 15
44.753906 4.4296875 05 05 15
28.722656 -20.085938 05 05 16
19.652344 -3.8671875 05 05 16
20.988281 -7.4765625 05 06 12
24.363281 -4.2890625 05 06 12
35.472656 -3.9140625 05 06 12
25.347656 -2.2265625 05 06 12
36.808594 -1.4765625 05 06 12
29.074219 -0.5390625 05 06 12
36.878906 9.4921875 05 06 12
36.527344 11.7890625 05 06 12
36.527344 11.7890625 05 06 12
18.527344 -6.4921875 05 06 13
17.261719 -5.6484375 05 06 13
23.238281 -3.9140625 05 06 13
23.238281 -3.9140625 05 06 13
22.113281 -3.8671875 05 06 13
23.238281 -3.9140625 05 06 13
13.324219 -0.3515625 05 06 13
45.597656 6.3046875 05 06 13
19.089844 -9.8671875 05 06 14
18.808594 -8.6484375 05 06 14
19.441406 -7.5234375 05 06 14
19.441406 -7.5234375 05 06 14
20.214844 -6.4921875 05 06 14
43.41797 7.9453125 05 06 14
5.7304688 18.164062 05 06 14
5.7304688 18.164062 05 06 14
11.636719 -1.6640625 05 06 15
11.636719 -1.6640625 05 06 15
11.636719 -1.6640625 05 06 15
11.214844 -0.7734375 05 06 15
32.23828 4.3359375 05 06 15
14.238281 7.8515625 05 06 15
15.292969 -5.6484375 05 06 16
17.753906 -9.7265625 05 06 17
37.441406 -3.1640625 05 07 12
29.777344 -1.0078125 05 07 12
29.988281 -0.6796875 05 07 12
26.753906 1.1953125 05 07 12
10.863281 5.9296875 05 07 12
35.121094 8.6484375 05 07 12
35.33203 8.6015625 05 07 12
35.33203 8.6015625 05 07 12
35.61328 10.3359375 05 07 12
35.61328 10.3359375 05 07 12
1.7929688 11.6953125 05 07 12
2.9882812 12.7734375 05 07 12
2.9882812 12.7734375 05 07 12
3.4804688 13.1953125 05 07 12
3.4804688 13.1953125 05 07 12
22.886719 -6.5859375 05 07 13
12.972656 1.9453125 05 07 13
9.597656 6.1640625 05 07 13
9.597656 6.1640625 05 07 13
32.589844 7.8984375 05 07 13
32.589844 7.8984375 05 07 13
31.464844 8.1796875 05 07 13
26.542969 -3.3046875 05 07 14
11.566406 1.1953125 05 07 14
12.199219 2.5546875 05 07 14
2.4257812 10.1015625 05 07 14
2.7070312 9.7265625 05 07 14
2.4257812 10.1015625 05 07 14
17.472656 -6.4453125 05 07 15
18.808594 -6.3515625 05 07 15
18.808594 -6.3515625 05 07 15
4.9570312 11.0390625 05 07 15
4.9570312 11.1328125 05 07 15
4.9570312 11.2265625 05 07 15
18.175781 -7.1953125 05 07 16
20.144531 -6.9140625 05 07 16
20.144531 -6.9140625 05 07 16
17.050781 -5.5078125 05 07 16
22.324219 -4.4765625 05 07 16
24.292969 -3.1640625 05 07 16
23.378906 -3.8671875 05 07 17
24.433594 1.5703125 05 08 12
35.33203 1.3359375 05 08 12
15.363281 1.8515625 05 08 12
13.675781 2.4609375 05 08 12
12.621094 2.6953125 05 08 12
14.449219 2.7890625 05 08 12
13.394531 3.3984375 05 08 12
13.394531 3.3984375 05 08 12
13.886719 3.3515625 05 08 12
38.70703 6.1640625 05 08 12
34.839844 9.2109375 05 08 12
34.839844 9.2109375 05 08 12
35.89453 10.3359375 05 08 12
36.316406 10.9453125 05 08 12
29.636719 -1.1015625 05 08 13
23.730469 -4.0078125 05 08 14
24.855469 -2.3203125 05 08 15
25.769531 -2.1328125 05 08 15
24.855469 -2.3203125 05 08 15
24.785156 -2.3203125 05 08 15
25.769531 -2.1328125 05 08 15
24.855469 -2.3203125 05 08 15
20.214844 8.3671875 05 08 15
21.972656 -3.6328125 05 08 16
22.816406 -3.5390625 05 08 16
29.496094 -2.1328125 05 08 16
17.753906 -1.1015625 05 08 16
15.082031 -2.9296875 05 09 12
13.253906 -2.6015625 05 09 12
13.253906 -2.6015625 05 09 12
35.753906 -1.7578125 05 09 12
36.73828 -0.8203125 05 09 12
36.808594 -0.7265625 05 09 12
36.45703 -0.8671875 05 09 12
36.808594 -0.7265625 05 09 12
35.753906 7.8046875 05 09 12
34.628906 9.0703125 05 09 12
35.61328 8.8828125 05 09 12
34.628906 9.0703125 05 09 12
34.628906 9.0703125 05 09 12
34.628906 9.0703125 05 09 12
36.316406 9.4453125 05 09 12
46.01953 7.1953125 05 09 13
22.535156 7.5703125 05 09 13
15.222656 -6.4921875 05 09 14
17.613281 -5.3671875 05 09 14
18.667969 -5.0859375 05 09 14
25.136719 -2.4609375 05 09 14
14.660156 -0.3984375 05 09 14
20.003906 -0.5390625 05 09 14
23.449219 -0.1640625 05 09 14
19.019531 -4.3359375 05 09 15
20.847656 -4.3828125 05 09 15
25.417969 -3.1171875 05 09 15
17.683594 -3.2109375 05 09 15
21.269531 -3.0234375 05 09 15
25.417969 -3.1171875 05 09 15
28.511719 -2.3203125 05 09 15
28.511719 -2.3203125 05 09 15
20.988281 -0.8671875 05 09 15
20.003906 -0.7734375 05 09 15
21.480469 -0.5390625 05 09 15
21.480469 -0.5390625 05 09 15
22.113281 -0.4921875 05 09 15
16.839844 -2.7890625 05 09 16
20.988281 -1.0078125 05 09 16
35.33203 6.7734375 05 09 16
2.9179688 21.210938 05 09 16
25.910156 0.8671875 05 10 12
25.910156 0.8671875 05 10 12
24.925781 1.3359375 05 10 12
15.785156 2.1796875 05 10 12
24.996094 1.4765625 05 10 12
12.410156 3.1171875 05 10 12
45.878906 5.5546875 05 10 12
15.011719 1.8046875 05 10 13
45.94922 4.7578125 05 10 13
35.26172 7.8046875 05 10 13
35.26172 7.8046875 05 10 13
24.082031 8.0390625 05 10 13
34.910156 9.0703125 05 10 13
34.910156 9.0703125 05 10 13
34.910156 9.0703125 05 10 13
34.910156 9.0703125 05 10 13
13.605469 0.8671875 05 10 14
45.035156 6.4921875 05 10 14
44.683594 4.8984375 05 10 15
12.550781 -2.2265625 05 10 16
12.550781 -2.2265625 05 10 16
14.097656 -4.2421875 05 11 12
16.277344 -4.1953125 05 11 12
35.26172 9.6328125 05 11 12
35.121094 10.0078125 05 11 12
35.191406 10.1015625 05 11 12
12.480469 -1.7109375 05 11 13
11.425781 -1.5234375 05 11 13
35.61328 8.6015625 05 11 13
15.222656 -2.2265625 05 11 14
15.574219 -6.0234375 05 11 15
15.363281 -3.1640625 05 11 15
11.074219 -0.6328125 05 11 15
11.496094 0.1640625 05 11 15
15.363281 8.3203125 05 11 15
13.605469 10.1484375 05 11 15
13.324219 -2.5078125 05 11 16
13.324219 -2.5078125 05 11 16
13.324219 -0.2578125 05 11 16
14.027344 -4.4296875 05 11 17
14.800781 -4.2421875 05 11 17
13.464844 -3.4921875 05 11 17
16.066406 -3.3515625 05 12 12
15.574219 -2.7421875 05 12 12
15.574219 -2.6953125 05 12 12
14.941406 -2.3671875 05 12 12
15.503906 -2.6953125 05 12 12
28.019531 -1.8046875 05 12 12
28.019531 -1.8046875 05 12 12
14.660156 -1.3359375 05 12 12
39.058594 1.6640625 05 12 12
45.38672 5.3671875 05 12 12
34.69922 9.5390625 05 12 12
34.69922 9.5390625 05 12 12
34.69922 9.5390625 05 12 12
48.902344 10.1953125 05 12 12
12.128906 -2.1328125 05 12 13
12.128906 -2.1328125 05 12 13
17.824219 -0.8671875 05 12 13
15.363281 7.0546875 05 12 13
15.363281 7.0546875 05 12 13
14.167969 7.0546875 05 12 13
14.167969 7.6640625 05 12 13
14.167969 -3.4453125 05 12 14
12.761719 -1.8984375 05 12 14
20.636719 -0.2109375 05 12 14
20.636719 -0.2109375 05 12 14
12.058594 0.1171875 05 12 14
13.605469 6.8203125 05 12 15
22.675781 -29.273438 05 12 16
15.363281 -6.5859375 05 12 16
22.253906 -0.5859375 05 12 17
24.574219 -3.4921875 05 13 12
24.574219 -3.4921875 05 13 12
24.574219 -3.4921875 05 13 12
28.652344 -2.4140625 05 13 12
26.613281 -1.7109375 05 13 12
36.10547 10.0078125 05 13 12
26.824219 -3.5859375 05 13 13
16.136719 -2.6015625 05 13 13
23.449219 -2.3671875 05 13 13
24.644531 -2.0390625 05 13 13
13.746094 -4.9921875 05 13 14
17.683594 -3.7265625 05 13 14
22.042969 -2.6484375 05 13 14
22.042969 -2.6484375 05 13 14
45.17578 4.2890625 05 13 14
15.503906 -3.9609375 05 13 15
15.503906 -3.9609375 05 13 15
28.019531 -1.8046875 05 13 15
17.683594 -1.5703125 05 13 15
13.605469 -2.6015625 05 13 16
12.832031 -2.2734375 05 13 16
24.152344 7.7578125 05 13 16
34.277344 5.8359375 05 14 12
36.316406 -3.8671875 05 14 14
29.074219 10.8984375 05 14 16
25.839844 3.6796875 05 15 12
25.980469 3.9140625 05 15 12
26.191406 3.9140625 05 15 12
24.714844 5.0859375 05 15 12
24.363281 5.1328125 05 15 12
24.785156 5.1328125 05 15 12
34.76953 10.4765625 05 15 12
34.628906 -3.6328125 05 15 13
33.92578 3.9140625 05 15 13
33.92578 3.9140625 05 15 13
33.29297 4.3828125 05 15 13
33.92578 3.9140625 05 15 13
32.941406 -4.1015625 05 15 14
45.316406 6.6796875 05 15 14
40.32422 6.3515625 05 15 15
23.449219 -3.6328125 05 16 12
24.574219 -2.8359375 05 16 12
24.714844 -2.2734375 05 16 12
23.730469 -2.4140625 05 16 12
23.167969 -2.5078125 05 16 12
23.519531 -2.0390625 05 16 12
22.957031 -2.6015625 05 16 12
23.167969 -2.5078125 05 16 12
23.871094 -1.9921875 05 16 12
24.714844 -2.2734375 05 16 12
23.519531 -2.0390625 05 16 12
23.378906 -2.0390625 05 16 12
23.238281 -2.0859375 05 16 12
23.519531 -2.0390625 05 16 12
23.167969 -2.0859375 05 16 12
22.886719 -1.3359375 05 16 12
28.863281 0.0234375 05 16 12
28.863281 0.0234375 05 16 12
28.933594 0.0703125 05 16 12
28.863281 0.0234375 05 16 12
28.863281 0.0234375 05 16 12
28.863281 0.0234375 05 16 12
28.863281 0.1171875 05 16 12
36.94922 9.1171875 05 16 12
36.878906 9.2578125 05 16 12
35.61328 10.1015625 05 16 12
35.683594 10.1484375 05 16 12
36.66797 10.1484375 05 16 12
35.54297 10.2890625 05 16 12
36.808594 10.9921875 05 16 12
37.441406 11.2734375 05 16 12
37.371094 12.0234375 05 16 12
37.51172 13.1015625 05 16 12
27.105469 -5.4140625 05 16 13
22.183594 -3.7265625 05 16 13
22.183594 -3.7265625 05 16 13
18.878906 -4.0078125 05 16 14
18.878906 -4.0078125 05 16 14
20.777344 -2.1796875 05 16 15
14.238281 -0.5390625 05 16 15
18.949219 1.2890625 05 16 15
15.011719 0.3046875 05 16 16
17.332031 0.1171875 05 16 17
18.246094 -5.1796875 05 17 12
18.035156 -2.0859375 05 17 12
36.45703 8.6484375 05 17 12
22.675781 10.4765625 05 17 12
35.82422 10.1015625 05 17 12
35.121094 10.8515625 05 17 12
35.54297 11.7890625 05 17 12
35.54297 11.7890625 05 17 12
34.910156 12.4921875 05 17 12
27.597656 -1.9921875 05 17 13
27.527344 -1.9921875 05 17 13
28.371094 -1.2890625 05 17 13
33.785156 12.3515625 05 17 13
20.917969 -5.0859375 05 17 14
37.30078 -0.9609375 05 17 14
22.324219 8.3671875 05 17 14
17.121094 -3.2109375 05 17 15
25.769531 -3.0234375 05 17 15
26.542969 -1.8515625 05 17 15
20.003906 -2.5546875 05 17 16
20.003906 -2.5546875 05 17 16
20.003906 -2.5546875 05 17 16
19.582031 -4.7109375 05 17 17
21.832031 0.8671875 05 18 12
21.339844 1.0078125 05 18 12
21.480469 1.1015625 05 18 12
21.761719 2.3671875 05 18 12
29.214844 3.0234375 05 18 12
26.683594 2.6953125 05 18 12
10.230469 6.2109375 05 18 12
19.933594 -0.6796875 05 18 13
20.074219 1.7109375 05 18 13
13.675781 1.5703125 05 18 13
12.128906 1.9453125 05 18 13
26.191406 -2.6484375 05 18 14
33.85547 9.5390625 05 18 14
33.85547 9.5390625 05 18 14
20.214844 -2.9296875 05 18 15
11.917969 22.992188 05 18 15
21.550781 -1.1484375 05 18 16
16.628906 -2.6953125 05 18 17
45.38672 9.2109375 05 18 17
16.980469 -3.3515625 05 19 12
16.628906 -2.0390625 05 19 12
16.628906 -2.0390625 05 19 12
17.472656 -1.0546875 05 19 12
27.667969 1.2421875 05 19 12
35.753906 8.4140625 05 19 12
34.76953 8.5546875 05 19 12
42.57422 8.6015625 05 19 12
43.628906 8.8828125 05 19 12
43.628906 8.8828125 05 19 12
43.628906 8.8828125 05 19 12
43.628906 8.8828125 05 19 12
31.042969 9.4453125 05 19 12
31.957031 9.1640625 05 19 12
30.972656 9.5859375 05 19 12
34.76953 10.0546875 05 19 12
29.144531 11.0859375 05 19 12
29.214844 11.0859375 05 19 12
27.246094 0.0234375 05 19 13
29.566406 8.0859375 05 19 13
14.308594 7.8046875 05 19 13
30.128906 8.6484375 05 19 13
31.535156 8.1796875 05 19 13
45.17578 8.5078125 05 19 13
34.48828 9.3046875 05 19 13
26.894531 -0.7265625 05 19 14
25.910156 -0.3046875 05 19 14
27.457031 1.1484375 05 19 14
14.167969 7.6640625 05 19 14
3.1289062 9.4453125 05 19 16
12.691406 0.8203125 05 20 12
12.691406 0.8203125 05 20 12
28.019531 2.0859375 05 20 12
28.371094 2.0390625 05 20 12
28.371094 2.0390625 05 20 12
28.371094 2.0390625 05 20 12
28.019531 2.1796875 05 20 12
12.480469 4.0546875 05 20 12
12.480469 4.0546875 05 20 12
12.480469 4.1953125 05 20 12
8.261719 7.0546875 05 20 12
37.933594 7.2421875 05 20 12
8.261719 7.0546875 05 20 12
35.89453 7.2890625 05 20 12
43.20703 9.0703125 05 20 13
43.20703 9.0703125 05 20 13
28.933594 0.5859375 05 20 14
23.027344 2.3671875 05 20 14
17.332031 -2.9296875 05 20 15
17.332031 -2.9296875 05 20 15
17.332031 -2.9296875 05 20 15
12.550781 0.1171875 05 20 15
22.535156 1.1953125 05 20 15
22.535156 1.1953125 05 20 15
22.535156 1.1953125 05 20 15
22.183594 1.6171875 05 20 15
15.996094 -3.9609375 05 20 16
15.644531 -3.3046875 05 20 16
17.894531 -2.3671875 05 20 16
23.027344 -1.9921875 05 20 16
15.433594 -0.7265625 05 20 17
36.246094 7.1953125 05 21 12
36.246094 7.1953125 05 21 12
38.003906 7.1953125 05 21 12
34.910156 8.3671875 05 21 12
5.8007812 22.898438 05 21 12
26.824219 0.3515625 05 21 13
26.824219 0.3515625 05 21 13
26.824219 0.3515625 05 21 13
34.98047 7.1484375 05 21 13
27.667969 8.0859375 05 21 13
22.675781 8.5078125 05 21 13
17.824219 12.2578125 05 21 13
11.636719 -1.5703125 05 21 14
26.332031 -0.5859375 05 21 14
43.98047 9.2109375 05 21 14
43.98047 9.2109375 05 21 14
44.472656 9.1171875 05 21 15
38.14453 7.1953125 05 22 12
24.433594 8.6953125 05 22 12
34.76953 8.4140625 05 22 12
24.433594 8.7421875 05 22 12
24.433594 8.7421875 05 22 12
26.683594 -3.3984375 05 22 13
27.175781 -1.8515625 05 22 14
44.26172 9.3046875 05 22 14
44.26172 9.3046875 05 22 14
28.230469 -2.4140625 05 22 15
25.980469 7.0546875 05 22 15
26.261719 -2.6015625 05 22 16
24.222656 -1.8515625 05 22 16
24.222656 -1.8515625 05 22 16
24.222656 -1.8515625 05 22 16
28.511719 -1.9921875 05 22 17
14.449219 3.8203125 05 23 12
14.519531 3.9140625 05 23 12
34.628906 8.5546875 05 23 12
43.910156 9.2578125 05 23 12
8.402344 16.429688 05 23 15
8.261719 19.148438 05 23 15
24.996094 -2.2734375 05 24 12
24.644531 1.8984375 05 24 12
21.339844 2.8828125 05 24 12
35.54297 6.8203125 05 24 12
32.660156 8.8359375 05 24 12
8.964844 20.179688 05 24 12
32.308594 7.4296875 05 24 13
8.542969 18.445312 05 24 13
8.542969 18.445312 05 24 13
18.527344 1.8046875 05 24 14
11.003906 6.8671875 05 24 14
26.542969 7.1484375 05 24 14
25.699219 7.9921875 05 24 14
26.613281 7.1953125 05 24 14
9.386719 18.773438 05 24 14
8.753906 18.960938 05 24 14
23.027344 8.2734375 05 24 15
4.9570312 18.023438 05 24 15
24.011719 6.8203125 05 24 16
5.3085938 18.023438 05 24 16
21.621094 -3.0234375 05 25 12
21.621094 -3.0234375 05 25 12
9.808594 6.1171875 05 25 12
32.23828 6.9140625 05 25 12
25.699219 -5.4140625 05 25 13
23.097656 -2.4609375 05 25 13
23.097656 -2.4609375 05 25 13
30.832031 4.9921875 05 25 13
32.027344 6.9609375 05 25 13
24.363281 -4.7109375 05 25 14
24.292969 -3.5859375 05 25 15
24.292969 -3.5859375 05 25 15
3.0585938 18.679688 05 25 17
5.5195312 18.726562 05 25 17
11.566406 7.2890625 05 26 12
11.566406 7.2890625 05 26 12
22.816406 8.5546875 05 26 12
22.816406 8.5546875 05 26 12
24.292969 8.5546875 05 26 12
22.816406 8.5546875 05 26 12
9.878906 6.3046875 05 26 13
23.378906 7.1015625 05 26 13
21.339844 9.9140625 05 26 13
21.339844 9.9140625 05 26 13
24.292969 -5.3671875 05 26 14
17.964844 -2.3671875 05 26 14
21.621094 -2.4609375 05 26 14
19.019531 -1.9453125 05 26 14
19.019531 -1.9453125 05 26 14
19.019531 -1.9453125 05 26 14
10.511719 6.9609375 05 26 14
20.144531 -2.1328125 05 26 15
20.144531 -2.1328125 05 26 15
30.832031 4.7578125 05 26 15
22.746094 6.7734375 05 26 15
4.7460938 14.6484375 05 26 15
3.2695312 15.0234375 05 26 15
3.3398438 15.0234375 05 26 15
3.9726562 14.9296875 05 26 15
5.3789062 16.289062 05 26 15
5.3789062 16.289062 05 26 15
14.027344 -1.2421875 05 26 16
29.074219 4.3828125 05 26 16
16.558594 8.0859375 05 26 16
28.582031 -1.3828125 05 27 12
28.722656 -0.3515625 05 27 12
28.722656 -0.3515625 05 27 12
12.902344 2.4140625 05 27 12
19.230469 -5.0390625 05 27 13
14.097656 7.8515625 05 27 13
9.035156 10.3828125 05 27 13
7.4179688 11.3671875 05 27 13
6.7851562 10.3828125 05 27 14
5.7304688 11.5546875 05 27 14
8.402344 11.9296875 05 27 14
1.7929688 12.7265625 05 27 14
1.7929688 12.7265625 05 27 14
4.6054688 11.4140625 05 27 15
4.6054688 11.4140625 05 27 15
5.5195312 11.6015625 05 27 15
9.175781 12.9609375 05 27 15
28.511719 -1.3359375 05 28 12
28.722656 -0.6796875 05 28 12
34.76953 8.6484375 05 28 12
19.511719 -5.5546875 05 28 16
26.542969 0.3984375 05 29 12
27.035156 1.7109375 05 29 12
26.753906 1.5234375 05 29 12
7.7695312 6.0703125 05 29 12
37.371094 7.2421875 05 29 12
25.980469 0.5390625 05 29 13
22.324219 -3.0703125 05 29 14
23.308594 -5.6484375 05 29 15
19.863281 -4.6171875 05 29 15
25.136719 -2.3203125 05 29 15
19.652344 -4.6171875 05 29 17
22.675781 -2.7890625 05 29 17
25.488281 -3.6796875 05 30 12
29.214844 -0.0234375 05 30 12
29.214844 -0.0234375 05 30 12
16.066406 2.8828125 05 30 12
16.136719 2.8828125 05 30 12
35.26172 9.1171875 05 30 12
35.121094 9.3984375 05 30 12
35.402344 9.9140625 05 30 12
34.277344 2.2265625 05 31 12
34.277344 2.2265625 05 31 12
36.597656 8.6484375 05 31 12
36.597656 8.6484375 05 31 12
35.89453 10.0078125 05 31 12
36.878906 9.3984375 05 31 12
35.89453 10.0078125 05 31 12
37.86328 11.2265625 05 31 12
35.191406 10.1953125 05 31 13
34.98047 11.5078125 05 31 13
26.542969 -2.6484375 05 31 14
19.863281 -5.6015625 05 31 15
24.503906 -4.3828125 05 31 15
24.503906 -4.3828125 05 31 15
24.925781 -3.8203125 05 31 15
19.019531 -2.4140625 05 31 15
18.035156 -5.2265625 05 31 16
16.980469 10.7109375 05 31 16
24.292969 -5.4609375 06 01 12
24.292969 -5.4609375 06 01 12
15.292969 -2.0390625 06 01 12
27.527344 2.4140625 06 01 12
29.144531 2.6484375 06 01 12
38.003906 8.2265625 06 01 12
38.003906 8.2265625 06 01 12
34.48828 8.5078125 06 01 12
34.41797 9.1640625 06 01 12
43.066406 9.3515625 06 01 12
17.964844 9.3984375 06 01 12
18.246094 9.5859375 06 01 12
17.191406 10.0546875 06 01 12
35.61328 8.9765625 06 01 13
21.972656 -0.8203125 06 01 14
22.746094 -3.4921875 06 01 17
15.433594 7.1015625 06 01 17
16.417969 0.1171875 06 02 12
14.660156 0.7265625 06 02 12
16.417969 0.1171875 06 02 12
16.417969 0.1171875 06 02 12
14.871094 0.7265625 06 02 12
14.660156 0.7265625 06 02 12
14.730469 1.6640625 06 02 12
15.714844 2.1796875 06 02 12
35.121094 8.5546875 06 02 12
26.753906 -3.3515625 06 02 13
24.996094 -3.1171875 06 02 14
25.628906 -3.3046875 06 02 15
23.800781 -3.1640625 06 02 15
26.753906 -2.6015625 06 02 15
8.050781 13.5703125 06 02 15
29.074219 3.3984375 06 03 12
34.69922 1.7109375 06 03 12
34.277344 2.7421875 06 03 12
34.13672 2.9296875 06 03 12
27.175781 2.6484375 06 03 12
29.074219 3.3984375 06 03 12
29.074219 3.3984375 06 03 12
15.785156 10.6171875 06 03 13
15.222656 10.8046875 06 03 13
15.785156 10.6171875 06 03 13
21.058594 -4.1015625 06 03 14
21.058594 -4.1015625 06 03 14
22.324219 -2.6953125 06 03 14
19.722656 -3.6328125 06 03 15
19.722656 -3.6328125 06 03 15
22.394531 -3.5390625 06 03 15
19.722656 -3.6328125 06 03 15
20.636719 -2.9765625 06 03 15
20.636719 -2.9765625 06 03 15
24.503906 -1.7578125 06 03 15
24.503906 -1.7578125 06 03 15
15.082031 9.2578125 06 03 15
27.246094 -3.1171875 06 04 12
27.246094 -3.1171875 06 04 12
27.246094 -3.1171875 06 04 12
27.246094 -3.1171875 06 04 12
35.33203 1.2421875 06 04 12
34.98047 1.8515625 06 04 12
34.98047 1.8515625 06 04 12
38.285156 7.9921875 06 04 12
3.6914062 12.5859375 06 04 12
4.1132812 12.6328125 06 04 12
3.9023438 12.7265625 06 04 12
12.410156 2.4609375 06 04 13
12.128906 2.4609375 06 04 13
12.410156 2.4609375 06 04 13
2.7773438 12.3046875 06 04 13
14.871094 -3.5390625 06 04 14
11.636719 7.2890625 06 04 15
20.214844 2.9296875 06 05 12
20.214844 2.9296875 06 05 12
14.519531 3.5859375 06 05 12
14.519531 3.5859375 06 05 12
36.10547 11.1328125 06 05 12
14.097656 1.7578125 06 05 13
14.097656 1.7578125 06 05 13
18.597656 1.8046875 06 05 13
13.464844 2.4609375 06 05 13
15.644531 2.9765625 06 05 13
14.800781 8.0390625 06 05 13
36.597656 12.0703125 06 05 13
21.621094 1.0546875 06 05 14
13.324219 2.4140625 06 05 14
27.457031 0.5390625 06 06 12
26.894531 -1.6640625 06 06 17
17.824219 1.1015625 06 07 12
33.64453 4.0546875 06 07 12
26.472656 -0.6328125 06 08 12
26.402344 -0.4921875 06 08 12
27.457031 0.5390625 06 08 12
27.738281 0.6796875 06 08 12
28.160156 1.0078125 06 08 12
36.73828 9.1640625 06 08 12
36.73828 9.1640625 06 08 12
36.73828 9.1640625 06 08 12
36.73828 9.1640625 06 08 12
37.23047 10.3359375 06 08 12
23.519531 -2.1328125 06 08 13
37.652344 -0.4921875 06 08 13
11.917969 7.2421875 06 08 13
22.183594 -1.8046875 06 08 14
13.816406 7.7109375 06 08 14
20.074219 -1.2421875 06 08 16
45.035156 9.2578125 06 08 16
34.76953 5.8828125 06 09 12
37.089844 8.6953125 06 09 12
37.160156 8.6953125 06 09 12
37.86328 9.0703125 06 09 12
37.160156 8.7421875 06 09 12
36.73828 9.3046875 06 09 12
23.519531 9.0234375 06 09 13
39.058594 10.7578125 06 09 14
13.464844 9.9609375 06 09 15
13.464844 9.9609375 06 09 15
28.371094 -1.7109375 06 09 17
36.878906 -0.7734375 06 10 12
36.878906 -0.3984375 06 10 12
38.285156 6.1640625 06 10 12
41.44922 8.8828125 06 10 12
39.26953 8.8359375 06 10 12
39.26953 8.8359375 06 10 12
42.785156 9.3046875 06 10 12
36.808594 9.3984375 06 10 12
14.097656 7.0546875 06 10 13
22.394531 0.8203125 06 10 14
11.847656 7.1015625 06 10 14
15.292969 7.1015625 06 10 14
37.441406 8.6484375 06 10 14
29.777344 5.9765625 06 10 16
36.73828 -0.7265625 06 11 12
36.808594 -0.6796875 06 11 12
26.964844 3.1171875 06 11 12
36.878906 7.6171875 06 11 12
35.89453 7.9453125 06 11 12
37.86328 7.5703125 06 11 12
37.30078 7.8984375 06 11 12
37.51172 8.4609375 06 11 12
34.558594 9.2109375 06 11 12
32.80078 10.2890625 06 11 12
32.80078 10.2890625 06 11 12
32.80078 10.2890625 06 11 12
24.785156 2.4609375 06 11 13
24.785156 2.4609375 06 11 13
42.785156 9.1640625 06 11 13
31.464844 9.6796875 06 11 13
36.45703 -1.2890625 06 11 14
45.66797 8.5546875 06 11 17
38.07422 7.6171875 06 12 12
23.589844 9.1171875 06 12 12
23.589844 9.1640625 06 12 12
23.519531 9.2109375 06 12 12
26.964844 -1.3828125 06 12 14
26.964844 -1.3828125 06 12 14
12.972656 6.7734375 06 12 15
31.253906 3.5859375 06 12 17
20.425781 6.6328125 06 12 17
20.425781 6.6328125 06 12 17
23.800781 7.5234375 06 12 17
47.07422 9.5390625 06 12 17
39.48047 6.5390625 06 13 12
39.48047 6.5390625 06 13 12
39.058594 7.2890625 06 13 12
38.003906 7.7578125 06 13 12
38.003906 7.7578125 06 13 12
28.863281 0.2578125 06 13 15
28.933594 0.3046875 06 13 15
23.167969 7.4296875 06 13 16
35.472656 1.1953125 06 14 12
18.597656 2.8828125 06 14 12
38.98828 6.7265625 06 14 12
35.402344 7.3359375 06 14 12
38.42578 7.4296875 06 14 12
35.402344 7.3359375 06 14 12
35.402344 7.3359375 06 14 12
38.42578 7.4296875 06 14 12
34.628906 8.5078125 06 14 12
34.628906 8.5078125 06 14 12
34.628906 9.3046875 06 14 13
26.050781 3.7265625 06 15 12
39.128906 7.3828125 06 15 12
32.027344 3.6796875 06 16 12
34.41797 4.0546875 06 16 12
35.472656 9.2109375 06 16 12
35.472656 9.2109375 06 16 12
24.785156 2.8828125 06 16 14
23.378906 3.0703125 06 16 14
25.488281 3.3046875 06 16 14
24.011719 3.3515625 06 16 14
25.488281 3.3046875 06 16 14
21.480469 11.3203125 06 16 14
32.941406 4.0078125 06 16 15
27.316406 2.7421875 06 16 17
28.863281 -0.3515625 06 17 12
33.785156 2.6484375 06 17 12
25.839844 3.2109375 06 17 12
25.699219 3.2109375 06 17 12
16.699219 4.5234375 06 17 12
16.699219 4.5234375 06 17 12
37.160156 8.6953125 06 17 12
38.91797 8.6953125 06 17 12
27.949219 -2.0859375 06 17 13
16.136719 3.3984375 06 17 13
13.535156 8.3203125 06 17 13
12.761719 8.5546875 06 17 13
14.097656 10.0546875 06 17 13
12.058594 1.5703125 06 17 14
14.308594 1.8984375 06 17 14
13.113281 2.6015625 06 17 14
33.01172 3.1171875 06 17 14
14.238281 3.2578125 06 17 14
8.964844 10.5703125 06 17 14
15.082031 4.0078125 06 17 15
13.324219 1.4296875 06 17 16
14.800781 2.5078125 06 17 16
10.652344 9.3046875 06 17 17
10.652344 9.3046875 06 17 17
10.722656 9.3515625 06 17 17
11.496094 1.1953125 06 18 12
15.363281 2.4140625 06 18 12
34.69922 2.2734375 06 18 12
15.363281 2.4140625 06 18 12
15.082031 2.4609375 06 18 12
32.73047 4.7109375 06 18 12
33.152344 5.4140625 06 18 12
33.996094 5.5078125 06 18 12
34.277344 5.4609375 06 18 12
36.73828 9.0703125 06 18 12
35.05078 9.6796875 06 18 12
11.074219 6.8671875 06 18 13
9.457031 10.8046875 06 18 14
14.378906 3.5859375 06 18 16
12.128906 -1.6171875 06 18 17
32.16797 4.4296875 06 19 12
32.16797 4.4296875 06 19 12
37.01953 8.9765625 06 19 12
36.246094 9.6328125 06 19 12
37.30078 10.2890625 06 19 12
33.222656 4.2890625 06 19 14
27.457031 -0.6796875 06 20 12
28.300781 -0.3984375 06 20 12
28.300781 -0.3984375 06 20 12
20.636719 3.3984375 06 20 12
21.550781 3.5390625 06 20 12
32.16797 4.2421875 06 20 12
30.058594 4.1484375 06 20 12
33.152344 4.3828125 06 20 12
33.152344 4.3828125 06 20 12
33.29297 4.4296875 06 20 12
20.917969 4.7109375 06 20 12
20.917969 5.5078125 06 20 12
38.98828 7.3828125 06 20 12
35.964844 8.4609375 06 20 12
36.10547 9.4453125 06 20 12
24.503906 0.1171875 06 20 13
24.011719 0.9609375 06 20 13
24.011719 0.9609375 06 20 13
23.941406 0.9609375 06 20 13
22.816406 1.9921875 06 20 13
22.816406 1.9921875 06 20 13
20.425781 2.9765625 06 20 13
21.972656 2.7421875 06 20 13
30.761719 4.5234375 06 20 13
29.214844 4.7109375 06 20 13
31.886719 5.5078125 06 20 13
24.433594 0.6328125 06 20 14
33.996094 2.6484375 06 20 17
25.839844 0.4921875 06 21 12
30.832031 3.5390625 06 21 12
34.20703 3.4453125 06 21 12
37.089844 8.6015625 06 21 12
36.17578 9.0703125 06 21 12
36.878906 9.7265625 06 21 12
36.878906 9.7265625 06 21 12
36.878906 9.7265625 06 21 12
36.878906 9.7265625 06 21 12
24.011719 11.4609375 06 21 12
24.011719 11.4609375 06 21 12
23.167969 0.0703125 06 21 13
22.113281 0.2578125 06 21 13
22.605469 1.0078125 06 21 13
26.613281 10.4765625 06 21 13
23.871094 1.1484375 06 21 14
23.519531 0.9140625 06 21 14
23.871094 1.1484375 06 21 14
23.519531 0.9140625 06 21 14
10.582031 6.5390625 06 21 14
10.582031 6.5390625 06 21 14
10.582031 6.5390625 06 21 14
33.92578 3.7734375 06 21 15
37.01953 8.0859375 06 21 15
38.003906 8.8359375 06 21 15
24.925781 1.8046875 06 22 12
22.183594 2.7421875 06 22 12
22.253906 2.6953125 06 22 12
26.191406 2.4609375 06 22 12
22.816406 4.8046875 06 22 12
22.746094 4.8515625 06 22 12
23.238281 5.2265625 06 22 12
22.816406 4.8046875 06 22 12
38.42578 7.1015625 06 22 12
38.285156 7.1484375 06 22 12
38.35547 7.1484375 06 22 12
38.07422 8.1328125 06 22 12
38.07422 8.1328125 06 22 12
32.308594 8.4609375 06 22 12
36.597656 -0.7265625 06 22 13
26.753906 4.0546875 06 22 15
20.777344 0.3046875 06 22 16
31.113281 10.3359375 06 22 17
37.01953 0.9609375 06 23 12
36.035156 6.0703125 06 23 12
27.105469 8.7421875 06 23 12
38.566406 8.9765625 06 23 12
38.07422 9.5390625 06 23 12
23.308594 9.4921875 06 23 12
36.246094 10.7109375 06 23 12
36.246094 10.7109375 06 23 12
28.933594 9.0234375 06 23 13
28.933594 -0.4453125 06 23 14
28.933594 -0.4453125 06 23 14
23.167969 10.3828125 06 23 14
33.85547 3.3984375 06 23 15
24.574219 7.0078125 06 23 15
14.097656 7.8984375 06 23 15
15.855469 7.9921875 06 23 15
21.410156 7.0078125 06 23 16
46.441406 9.0703125 06 23 17
32.660156 3.6796875 06 24 12
24.925781 9.3046875 06 24 12
23.800781 9.3046875 06 24 12
37.01953 10.1484375 06 24 12
12.199219 11.0859375 06 24 13
12.199219 11.0859375 06 24 13
33.92578 1.9921875 06 24 14
13.746094 8.7421875 06 24 15
45.66797 9.0234375 06 24 16
36.527344 8.8359375 06 25 12
35.121094 10.3828125 06 25 12
31.324219 11.0859375 06 25 12
31.253906 11.0859375 06 25 12
45.17578 9.3046875 06 25 17
28.722656 3.3984375 06 26 12
28.582031 3.5390625 06 26 12
29.074219 4.1015625 06 26 12
25.699219 4.1015625 06 26 12
37.01953 9.3046875 06 26 12
27.316406 11.4609375 06 26 12
29.003906 11.8828125 06 26 12
19.371094 11.9765625 06 26 13
18.457031 10.6171875 06 26 14
34.347656 6.3984375 06 26 17
19.300781 3.6328125 06 27 12
19.160156 3.6328125 06 27 12
30.480469 11.5078125 06 27 13
30.480469 11.5078125 06 27 13
34.41797 1.2421875 06 28 12
37.51172 6.5390625 06 28 12
37.51172 6.5859375 06 28 12
37.58203 6.5859375 06 28 12
36.66797 6.4921875 06 28 12
36.73828 6.4921875 06 28 12
35.472656 6.4453125 06 28 12
36.66797 6.5390625 06 28 12
37.30078 7.6640625 06 28 12
38.98828 9.1171875 06 28 12
39.55078 10.3828125 06 28 12
35.402344 10.4296875 06 28 12
30.339844 11.9296875 06 28 12
31.394531 11.9765625 06 28 12
26.121094 3.4453125 06 28 14
27.808594 2.1796875 06 28 15
27.105469 2.7421875 06 28 15
27.105469 2.7421875 06 28 15
38.91797 11.1796875 06 28 15
27.527344 2.6484375 06 29 13
32.660156 11.1796875 06 29 13
16.347656 12.6796875 06 29 15
17.261719 14.4140625 06 29 15
17.261719 14.4609375 06 29 15
39.19922 10.7578125 06 29 16
11.214844 6.8671875 06 30 12
37.23047 9.1171875 06 30 12
27.316406 9.3984375 06 30 12
26.542969 9.5390625 06 30 12
26.542969 9.5390625 06 30 12
26.542969 9.5390625 06 30 12
26.332031 10.0546875 06 30 12
28.300781 10.7109375 06 30 12
28.300781 10.7109375 06 30 12
34.20703 11.6015625 06 30 12
14.871094 11.8828125 06 30 13
27.246094 -0.6796875 06 30 14
27.246094 -0.6796875 06 30 14
37.51172 10.2421875 07 01 12
36.527344 10.5234375 07 01 12
25.839844 11.6953125 07 01 12
25.769531 11.7890625 07 01 12
38.777344 11.0390625 07 01 15
15.222656 8.0859375 07 02 12
15.222656 8.0859375 07 02 12
21.480469 1.0078125 07 03 12
21.480469 1.0078125 07 03 12
35.33203 1.2421875 07 03 12
22.394531 2.2265625 07 03 12
21.269531 2.7421875 07 03 12
20.074219 2.6953125 07 03 12
21.269531 2.8828125 07 03 12
34.628906 5.6953125 07 03 12
34.628906 5.6953125 07 03 12
15.574219 6.5859375 07 03 12
37.652344 13.0078125 07 03 12
32.80078 4.0078125 07 03 14
9.035156 13.5234375 07 03 14
15.644531 11.1796875 07 03 17
25.769531 3.3046875 07 04 12
25.769531 3.3046875 07 04 12
26.402344 4.3359375 07 04 12
26.402344 4.3359375 07 04 12
25.910156 4.5234375 07 04 12
24.574219 5.0859375 07 04 12
24.574219 5.0859375 07 04 12
5.2382812 7.3828125 07 04 12
38.07422 10.8984375 07 04 12
37.722656 11.5546875 07 04 12
27.808594 0.9609375 07 04 13
26.261719 1.1953125 07 04 13
25.347656 0.2109375 07 04 15
26.261719 0.2578125 07 04 15
8.050781 7.0546875 07 04 16
28.371094 -0.6328125 07 05 12
27.949219 0.2578125 07 05 12
27.949219 0.2578125 07 05 12
27.246094 0.2578125 07 05 12
26.472656 0.4453125 07 05 12
26.753906 0.5390625 07 05 12
35.121094 1.2421875 07 05 12
22.746094 3.6796875 07 05 12
32.308594 7.0546875 07 05 12
38.566406 10.6640625 07 05 12
30.691406 9.4921875 07 05 12
39.26953 12.6328125 07 05 12
38.847656 13.8984375 07 05 12
21.761719 0.2109375 07 05 13
23.871094 1.9921875 07 05 13
22.042969 3.3984375 07 05 13
31.746094 4.5234375 07 05 13
24.925781 5.6484375 07 05 13
27.457031 8.0859375 07 05 13
27.878906 9.5859375 07 05 13
24.363281 -1.3359375 07 05 14
22.816406 7.4765625 07 05 14
25.980469 7.8515625 07 05 14
24.785156 -2.3671875 07 05 15
24.152344 -1.1484375 07 05 15
16.769531 4.2890625 07 05 15
18.808594 5.6484375 07 05 15
23.730469 -1.1953125 07 05 17
19.089844 0.4453125 07 05 17
23.519531 0.8671875 07 05 17
12.269531 5.8359375 07 05 17
29.003906 0.2109375 07 06 12
35.05078 1.2421875 07 06 12
24.433594 2.5078125 07 06 12
22.535156 2.6953125 07 06 12
32.941406 4.1484375 07 06 12
33.29297 4.3359375 07 06 12
33.152344 4.4765625 07 06 12
34.910156 5.6953125 07 06 12
34.910156 5.7421875 07 06 12
35.472656 5.6015625 07 06 12
36.10547 5.7890625 07 06 12
33.222656 5.5078125 07 06 12
33.57422 6.2578125 07 06 12
38.003906 11.3671875 07 06 12
38.566406 10.6640625 07 06 12
38.003906 11.3671875 07 06 12
37.79297 11.4140625 07 06 12
37.58203 12.3515625 07 06 12
39.19922 13.2421875 07 06 12
37.933594 13.1953125 07 06 12
39.19922 13.2890625 07 06 12
23.871094 -2.6015625 07 06 13
26.332031 -1.7109375 07 06 13
22.464844 0.6796875 07 06 13
22.253906 1.7578125 07 06 13
15.925781 3.3984375 07 06 13
15.925781 3.3984375 07 06 13
38.70703 13.7109375 07 06 13
21.480469 -3.9140625 07 06 14
21.761719 -3.0703125 07 06 14
23.167969 -3.0234375 07 06 14
21.972656 -0.4453125 07 06 14
21.972656 -0.4453125 07 06 14
20.777344 0.3046875 07 06 14
20.777344 0.3046875 07 06 14
22.394531 3.1640625 07 06 14
18.457031 12.7734375 07 06 14
18.457031 12.7734375 07 06 14
26.613281 1.9453125 07 06 16
26.613281 2.8828125 07 06 16
26.613281 2.8828125 07 06 16
36.527344 -0.3515625 07 07 12
36.597656 -0.3515625 07 07 12
30.199219 3.7265625 07 07 12
32.73047 3.9609375 07 07 12
29.988281 3.7265625 07 07 12
30.832031 4.4296875 07 07 12
29.847656 5.0859375 07 07 12
15.222656 6.1171875 07 07 12
15.925781 6.7734375 07 07 12
36.45703 7.2890625 07 07 12
38.07422 6.9609375 07 07 12
12.339844 8.3671875 07 07 12
39.128906 10.4765625 07 07 12
42.08203 9.0703125 07 07 12
42.08203 9.0703125 07 07 12
39.128906 10.4765625 07 07 12
33.92578 3.1640625 07 07 13
33.92578 3.1640625 07 07 13
33.92578 3.1640625 07 07 13
32.44922 3.9140625 07 07 13
30.199219 5.9765625 07 07 13
32.097656 14.9296875 07 07 13
34.13672 15.3515625 07 07 13
35.33203 15.3046875 07 07 13
34.13672 15.3515625 07 07 13
28.933594 -0.4453125 07 07 14
28.933594 -0.4453125 07 07 14
21.410156 1.0546875 07 07 14
21.410156 1.0546875 07 07 14
20.777344 10.6171875 07 07 14
20.707031 10.7109375 07 07 14
36.66797 1.0078125 07 07 15
39.48047 6.6328125 07 07 15
13.886719 7.8046875 07 08 12
24.152344 8.3203125 07 08 12
13.886719 7.8515625 07 08 12
36.878906 11.0859375 07 08 12
38.003906 11.9765625 07 08 12
37.933594 11.9765625 07 08 12
38.35547 12.0703125 07 08 12
38.14453 12.0703125 07 08 12
38.14453 12.0703125 07 08 12
38.14453 12.0703125 07 08 12
37.371094 12.8671875 07 08 12
37.371094 12.8671875 07 08 12
37.30078 13.7109375 07 08 12
37.30078 13.7109375 07 08 12
37.30078 13.7109375 07 08 12
37.30078 13.7109375 07 08 12
37.441406 13.7109375 07 08 12
35.472656 6.8203125 07 08 13
39.621094 10.3828125 07 08 13
39.26953 13.3828125 07 08 13
39.76172 6.7734375 07 08 14
39.76172 6.7734375 07 08 14
15.996094 4.3828125 07 08 15
24.011719 3.6328125 07 09 12
24.082031 4.0078125 07 09 12
23.730469 4.7109375 07 09 12
24.082031 4.0078125 07 09 12
24.082031 4.0078125 07 09 12
28.441406 5.3671875 07 09 12
22.324219 5.0390625 07 09 12
25.628906 4.7109375 07 09 12
23.730469 4.7578125 07 09 12
23.730469 4.7578125 07 09 12
28.441406 5.3671875 07 09 12
36.527344 6.3984375 07 09 12
10.792969 6.2109375 07 09 12
39.339844 6.5390625 07 09 12
38.91797 6.5859375 07 09 12
36.527344 6.3984375 07 09 12
36.527344 6.3984375 07 09 12
36.527344 6.3984375 07 09 12
39.691406 6.4921875 07 09 12
10.792969 6.2109375 07 09 12
36.45703 7.1015625 07 09 12
35.121094 7.7109375 07 09 12
7.5585938 8.5078125 07 09 12
39.55078 10.2890625 07 09 12
39.55078 10.2890625 07 09 12
38.70703 10.8046875 07 09 12
38.496094 11.7421875 07 09 12
39.339844 13.1484375 07 09 12
39.339844 13.5703125 07 09 12
19.441406 5.6484375 07 09 13
24.363281 5.6484375 07 09 14
24.363281 5.6484375 07 09 14
21.902344 13.2421875 07 09 14
27.035156 5.2734375 07 09 16
27.738281 7.1953125 07 09 16
11.636719 6.8203125 07 10 12
11.636719 6.8203125 07 10 12
11.636719 6.8203125 07 10 12
11.777344 6.8671875 07 10 12
38.496094 11.5546875 07 10 12
37.30078 12.4453125 07 10 12
37.23047 13.6640625 07 10 12
22.464844 13.8515625 07 10 12
22.394531 14.9765625 07 10 13
24.996094 -2.3203125 07 10 14
22.113281 -0.6328125 07 10 15
23.238281 -2.2265625 07 10 16
24.996094 -0.9140625 07 10 16
24.644531 0.4921875 07 10 16
27.527344 1.5234375 07 10 16
41.16797 4.8046875 07 10 16
26.402344 -1.5234375 07 11 12
26.683594 -2.0390625 07 11 12
19.722656 1.6640625 07 11 12
24.925781 2.5078125 07 11 12
20.425781 2.9765625 07 11 12
20.425781 2.9765625 07 11 12
20.425781 2.9765625 07 11 12
21.972656 3.3515625 07 11 12
39.48047 9.2578125 07 11 12
42.57422 9.5390625 07 11 12
42.57422 9.5390625 07 11 12
42.57422 9.5390625 07 11 12
42.503906 9.5859375 07 11 12
39.83203 12.5390625 07 11 12
40.11328 12.9609375 07 11 12
37.51172 14.7890625 07 11 12
22.042969 0.5390625 07 11 13
25.347656 1.8046875 07 11 13
19.722656 2.7890625 07 11 13
26.894531 2.8828125 07 11 13
29.074219 13.4765625 07 11 13
20.074219 4.3828125 07 11 14
23.238281 10.4765625 07 11 16
24.785156 12.2109375 07 11 16
26.332031 3.9140625 07 11 17
11.074219 5.5546875 07 11 17
12.550781 6.9609375 07 11 17
23.871094 12.2109375 07 11 17
37.722656 4.8046875 07 12 12
37.86328 6.0703125 07 12 12
37.933594 6.1171875 07 12 12
39.76172 6.7265625 07 12 12
26.613281 6.6796875 07 12 12
39.76172 6.7265625 07 12 12
40.67578 7.9453125 07 12 12
39.76172 7.9453125 07 12 12
40.67578 7.9453125 07 12 12
23.238281 8.6015625 07 12 12
25.769531 7.6640625 07 12 12
23.730469 8.4140625 07 12 12
24.996094 9.0703125 07 12 12
41.378906 9.3515625 07 12 12
23.871094 8.5546875 07 12 12
24.996094 9.0703125 07 12 12
41.378906 9.3515625 07 12 12
41.378906 9.3515625 07 12 12
32.027344 9.4921875 07 12 12
32.027344 9.8671875 07 12 12
21.621094 11.2265625 07 12 12
19.511719 14.5078125 07 12 12
19.371094 5.7890625 07 12 13
20.355469 6.6328125 07 12 13
20.355469 6.6328125 07 12 13
20.355469 14.5546875 07 12 13
22.886719 3.7265625 07 12 14
21.480469 6.1171875 07 12 14
10.652344 6.2109375 07 12 14
10.652344 6.2109375 07 12 14
18.105469 6.9140625 07 12 14
12.128906 7.1484375 07 12 15
7.4882812 6.1640625 07 12 16
10.441406 5.6953125 07 12 17
38.285156 5.8828125 07 13 12
39.621094 6.5390625 07 13 12
33.433594 7.8984375 07 13 12
39.691406 7.9921875 07 13 12
33.433594 7.8984375 07 13 12
38.98828 13.5234375 07 13 12
38.847656 13.5703125 07 13 12
39.19922 5.3671875 07 13 13
11.285156 6.5859375 07 13 13
11.285156 6.5859375 07 13 13
40.535156 7.1484375 07 13 13
40.535156 7.1484375 07 13 13
16.558594 3.3046875 07 13 14
17.542969 4.8515625 07 13 14
41.027344 5.5546875 07 13 16
12.480469 6.1640625 07 13 16
8.824219 16.898438 07 13 16
40.535156 10.8046875 07 13 17
27.035156 -0.0234375 07 14 12
31.183594 3.5859375 07 14 12
34.066406 4.4296875 07 14 12
24.363281 9.4921875 07 14 12
41.80078 9.6328125 07 14 12
41.80078 9.6328125 07 14 12
40.253906 10.2890625 07 14 12
4.4648438 10.5703125 07 14 12
4.8867188 10.6640625 07 14 12
4.2539062 11.7421875 07 14 12
39.55078 6.0234375 07 14 13
22.605469 9.8671875 07 14 13
8.332031 18.960938 07 14 13
24.503906 -0.4453125 07 14 14
26.613281 1.1015625 07 14 14
19.019531 4.1953125 07 14 14
25.277344 6.9609375 07 14 14
25.277344 6.9609375 07 14 14
16.277344 11.1796875 07 14 14
26.050781 0.9140625 07 14 15
27.738281 2.4140625 07 14 15
28.019531 2.4140625 07 14 15
18.105469 6.6796875 07 14 15
10.019531 10.8984375 07 14 15
19.441406 11.0859375 07 14 15
24.433594 11.3203125 07 14 15
19.441406 11.0859375 07 14 15
15.503906 11.4140625 07 14 15
18.878906 11.2734375 07 14 15
15.152344 12.1171875 07 14 15
24.644531 -0.4453125 07 14 16
24.644531 -0.4453125 07 14 16
15.363281 3.7265625 07 14 16
15.574219 3.9140625 07 14 16
21.480469 5.0859375 07 14 16
21.480469 12.9609375 07 14 16
19.582031 3.1171875 07 15 12
19.582031 3.1171875 07 15 12
17.191406 3.9140625 07 15 12
17.121094 3.9140625 07 15 12
17.964844 3.6328125 07 15 12
19.582031 3.1171875 07 15 12
20.144531 3.3515625 07 15 12
17.191406 3.9140625 07 15 12
19.511719 3.1640625 07 15 12
21.269531 3.8203125 07 15 12
16.628906 3.8671875 07 15 12
17.121094 3.9140625 07 15 12
16.417969 4.7109375 07 15 12
14.941406 5.6484375 07 15 12
37.01953 5.9765625 07 15 12
14.941406 5.7421875 07 15 12
13.746094 5.9296875 07 15 12
36.94922 6.0703125 07 15 12
10.230469 6.0703125 07 15 12
13.746094 5.9296875 07 15 12
38.63672 6.2578125 07 15 12
11.285156 6.5390625 07 15 12
12.902344 6.6796875 07 15 12
11.988281 7.1484375 07 15 12
12.058594 7.1484375 07 15 12
11.285156 6.5390625 07 15 12
24.574219 8.6484375 07 15 12
25.417969 8.8359375 07 15 12
24.574219 8.6484375 07 15 12
24.574219 8.6484375 07 15 12
24.574219 8.6484375 07 15 12
25.417969 8.8359375 07 15 12
24.574219 8.6484375 07 15 12
14.378906 2.2734375 07 15 13
22.394531 3.1640625 07 15 13
22.394531 3.1640625 07 15 13
27.949219 3.8671875 07 15 13
19.652344 4.3828125 07 15 13
21.972656 4.7578125 07 15 13
24.082031 6.1640625 07 15 13
39.76172 6.6328125 07 15 13
42.01172 9.4453125 07 15 13
38.63672 9.6328125 07 15 13
23.589844 -2.2265625 07 15 14
23.589844 -2.2265625 07 15 14
21.761719 -1.5234375 07 15 14
26.542969 -1.4765625 07 15 14
20.074219 0.1640625 07 15 14
15.152344 1.3359375 07 15 14
15.152344 1.3359375 07 15 14
25.277344 2.5546875 07 15 14
21.902344 -2.8828125 07 15 15
25.066406 -1.8984375 07 15 15
24.925781 -1.8984375 07 15 15
24.503906 -1.0078125 07 15 15
19.863281 -0.0234375 07 15 15
27.597656 3.7265625 07 15 15
24.785156 4.2421875 07 15 15
22.113281 4.6171875 07 15 15
21.832031 1.4765625 07 15 16
27.527344 1.3359375 07 15 16
22.746094 1.7109375 07 15 16
21.691406 8.0859375 07 15 16
14.308594 1.2890625 07 15 17
25.839844 3.2109375 07 15 17
18.175781 0.9609375 07 16 12
26.050781 4.1953125 07 16 12
14.449219 3.1640625 07 16 12
14.449219 3.1640625 07 16 12
14.449219 3.1640625 07 16 12
26.050781 4.1953125 07 16 12
14.449219 3.1640625 07 16 12
15.433594 4.1484375 07 16 12
15.503906 4.2421875 07 16 12
17.542969 5.2734375 07 16 12
31.324219 5.1328125 07 16 12
31.394531 5.8359375 07 16 12
31.394531 5.8359375 07 16 12
19.582031 5.9765625 07 16 12
32.16797 6.2109375 07 16 12
32.16797 6.2109375 07 16 12
32.16797 6.2109375 07 16 12
39.621094 6.6328125 07 16 12
39.621094 6.6328125 07 16 12
32.378906 6.9140625 07 16 12
33.714844 7.2421875 07 16 12
33.714844 7.2421875 07 16 12
39.55078 6.6328125 07 16 12
39.972656 7.4296875 07 16 12
39.972656 7.4296875 07 16 12
39.972656 7.4296875 07 16 12
33.714844 7.2421875 07 16 12
33.08203 7.8984375 07 16 12
34.13672 7.8046875 07 16 12
41.941406 8.7421875 07 16 12
35.753906 9.6328125 07 16 12
39.410156 13.7109375 07 16 12
36.73828 -0.2578125 07 16 13
36.878906 0.4921875 07 16 13
19.722656 0.8671875 07 16 13
26.332031 8.1796875 07 16 13
26.753906 7.7578125 07 16 13
26.472656 8.3203125 07 16 13
27.035156 4.8984375 07 16 14
27.386719 5.5546875 07 16 14
27.386719 5.5546875 07 16 14
21.691406 -3.0234375 07 16 15
13.957031 11.2734375 07 16 15
15.433594 11.3203125 07 16 15
14.519531 11.8828125 07 16 15
14.519531 11.8828125 07 16 15
20.496094 -1.0078125 07 16 16
21.480469 5.1796875 07 16 17
15.011719 4.5703125 07 17 12
15.011719 4.5703125 07 17 12
34.839844 5.9765625 07 17 12
34.839844 5.9765625 07 17 12
14.167969 7.0546875 07 17 12
35.472656 6.4453125 07 17 12
14.167969 7.0546875 07 17 12
34.13672 7.1484375 07 17 12
26.753906 7.7578125 07 17 12
14.027344 7.0546875 07 17 12
14.167969 7.0546875 07 17 12
36.45703 7.8515625 07 17 12
34.839844 8.6953125 07 17 12
27.738281 8.5078125 07 17 12
27.738281 8.5078125 07 17 12
41.027344 9.1171875 07 17 12
27.738281 8.5546875 07 17 12
41.027344 9.1171875 07 17 12
16.628906 1.8984375 07 17 13
17.894531 2.7890625 07 17 13
32.51953 6.1640625 07 17 13
32.73047 6.7734375 07 17 13
25.980469 7.4765625 07 17 13
2.2148438 18.914062 07 17 13
17.542969 1.8046875 07 17 14
34.277344 4.8515625 07 17 14
11.214844 6.5390625 07 17 14
23.730469 9.0234375 07 17 14
44.05078 9.3984375 07 17 14
40.183594 11.2734375 07 17 14
28.933594 2.2734375 07 17 15
20.285156 2.2734375 07 17 15
27.808594 4.5703125 07 17 15
36.808594 6.5390625 07 17 15
22.957031 -0.3515625 07 17 16
6.9960938 15.0703125 07 17 16
27.105469 3.3046875 07 17 17
30.339844 5.1796875 07 18 12
30.339844 5.1796875 07 18 12
30.339844 5.1796875 07 18 12
29.074219 6.5859375 07 18 12
43.41797 6.8671875 07 18 12
45.316406 7.6171875 07 18 12
40.535156 8.3671875 07 18 12
40.535156 8.3671875 07 18 12
40.60547 8.5078125 07 18 12
39.339844 13.2421875 07 18 12
39.339844 13.2421875 07 18 12
22.324219 -0.5390625 07 18 15
2.0039062 18.585938 07 18 15
2.0039062 18.585938 07 18 15
14.871094 0.9140625 07 18 16
24.011719 0.9140625 07 18 16
27.386719 9.9140625 07 18 16
27.386719 9.9140625 07 18 16
27.386719 9.9140625 07 18 16
14.027344 0.7265625 07 18 17
25.066406 1.7109375 07 19 12
6.9960938 6.3046875 07 19 12
33.92578 6.9140625 07 19 12
7.0664062 6.3046875 07 19 12
33.222656 7.9921875 07 19 12
6.9960938 6.3515625 07 19 12
6.9257812 6.4921875 07 19 12
8.402344 7.0546875 07 19 12
7.9804688 6.8671875 07 19 12
40.04297 7.6171875 07 19 12
40.04297 7.6171875 07 19 12
34.98047 7.1015625 07 19 12
38.214844 7.8984375 07 19 12
34.41797 8.2265625 07 19 12
38.285156 7.8984375 07 19 12
40.04297 7.6171875 07 19 12
34.98047 7.1015625 07 19 12
40.04297 7.6171875 07 19 12
32.027344 7.9921875 07 19 12
33.29297 8.1796875 07 19 12
40.04297 7.6171875 07 19 12
30.972656 7.9453125 07 19 12
33.222656 8.1796875 07 19 12
42.996094 8.8359375 07 19 12
3.9023438 9.4921875 07 19 12
37.30078 8.6484375 07 19 12
38.847656 13.8046875 07 19 12
31.324219 3.8671875 07 19 13
2.2148438 8.6015625 07 19 13
41.871094 8.1328125 07 19 14
21.902344 4.3359375 07 19 16
27.527344 4.9921875 07 19 16
27.527344 4.9921875 07 19 16
30.832031 5.4140625 07 19 16
21.550781 5.8359375 07 19 16
37.79297 8.4609375 07 20 12
39.902344 7.6171875 07 20 12
39.19922 8.1328125 07 20 12
38.91797 13.8984375 07 20 12
38.91797 13.8984375 07 20 12
12.058594 7.1015625 07 20 13
40.88672 12.2578125 07 20 13
39.19922 13.1953125 07 20 14
30.550781 5.6484375 07 21 12
39.76172 6.6796875 07 21 12
10.652344 6.3046875 07 21 12
39.76172 6.6796875 07 21 12
38.42578 8.2734375 07 21 12
39.621094 8.1328125 07 21 12
40.253906 8.6484375 07 21 12
37.79297 8.7421875 07 21 12
40.60547 8.8828125 07 21 12
39.972656 8.8828125 07 21 12
37.79297 8.7421875 07 21 12
37.79297 8.7421875 07 21 12
39.26953 9.2109375 07 21 12
39.26953 13.5703125 07 21 12
43.69922 9.4453125 07 21 13
39.26953 11.9765625 07 21 13
22.886719 7.6640625 07 21 15
8.191406 17.367188 07 21 15
21.972656 6.7734375 07 21 16
33.08203 8.8359375 07 21 17
27.316406 4.1953125 07 22 12
34.910156 5.6484375 07 22 12
36.246094 6.1640625 07 22 12
31.886719 7.6640625 07 22 12
31.886719 7.6640625 07 22 12
31.886719 7.6640625 07 22 12
35.33203 7.7578125 07 22 12
30.199219 8.3203125 07 22 12
10.300781 5.6015625 07 22 13
28.230469 5.6015625 07 22 13
30.339844 6.6796875 07 22 13
36.38672 7.7109375 07 22 13
18.738281 8.4140625 07 22 13
18.738281 8.4140625 07 22 13
23.941406 14.5078125 07 22 13
29.074219 5.8828125 07 22 14
29.074219 5.8828125 07 22 14
39.691406 6.7265625 07 22 14
12.480469 8.6015625 07 22 14
31.464844 9.0234375 07 22 14
31.324219 9.0234375 07 22 14
24.714844 14.6484375 07 22 14
26.472656 4.3828125 07 22 15
34.839844 5.9765625 07 22 15
8.894531 10.8984375 07 22 15
26.472656 6.0234375 07 22 16
30.902344 3.8671875 07 23 12
30.902344 3.8671875 07 23 12
24.363281 10.5234375 07 23 12
24.363281 10.5234375 07 23 12
28.019531 1.7109375 07 23 13
38.847656 5.5078125 07 23 13
38.847656 5.5078125 07 23 13
29.707031 6.0703125 07 23 13
30.621094 6.8203125 07 23 13
34.41797 7.1953125 07 23 13
31.605469 6.8203125 07 23 13
37.722656 7.6171875 07 23 13
34.41797 7.2890625 07 23 13
33.785156 8.0859375 07 23 13
8.824219 9.0703125 07 23 14
28.863281 3.0703125 07 23 15
28.863281 3.0703125 07 23 15
28.863281 3.0703125 07 23 15
32.871094 4.2421875 07 23 15
32.871094 4.2421875 07 23 15
8.613281 7.2421875 07 23 16
3.0585938 14.9765625 07 23 16
3.0585938 14.9765625 07 23 16
2.2148438 15.6328125 07 23 16
2.4257812 15.7734375 07 23 16
38.214844 5.0859375 07 24 12
39.76172 5.7421875 07 24 12
36.66797 5.9765625 07 24 12
35.683594 6.1171875 07 24 12
39.76172 5.7421875 07 24 12
38.214844 6.3515625 07 24 12
32.80078 7.7578125 07 24 12
34.13672 7.6171875 07 24 12
37.30078 7.8515625 07 24 12
39.83203 7.7578125 07 24 12
33.85547 7.7578125 07 24 12
34.277344 8.0859375 07 24 12
39.83203 7.7578125 07 24 12
37.441406 7.8515625 07 24 12
36.73828 8.4140625 07 24 12
38.566406 8.4140625 07 24 12
34.277344 8.0859375 07 24 12
39.48047 8.6015625 07 24 12
39.48047 8.6015625 07 24 12
36.94922 9.3515625 07 24 12
38.566406 10.6640625 07 24 12
37.933594 10.7578125 07 24 12
38.07422 10.9453125 07 24 12
38.42578 12.0234375 07 24 12
39.058594 12.3515625 07 24 12
38.70703 13.8515625 07 24 12
38.70703 13.8515625 07 24 12
11.777344 7.5703125 07 24 13
22.183594 7.7578125 07 24 14
15.855469 7.4765625 07 24 15
15.855469 7.4765625 07 24 15
18.386719 7.6171875 07 24 15
15.855469 7.4765625 07 24 15
18.386719 7.6171875 07 24 15
20.988281 8.8828125 07 24 15
20.988281 8.8828125 07 24 15
23.167969 7.7109375 07 24 16
15.574219 8.6953125 07 24 16
14.800781 17.835938 07 24 17
34.48828 1.2890625 07 25 12
22.675781 1.6171875 07 25 12
34.76953 5.6953125 07 25 12
35.121094 6.3984375 07 25 12
35.121094 6.3984375 07 25 12
28.230469 7.2890625 07 25 12
26.683594 7.3359375 07 25 12
24.222656 8.5546875 07 25 12
24.292969 8.5078125 07 25 12
31.535156 8.6484375 07 25 12
39.19922 13.7578125 07 25 12
39.19922 13.7578125 07 25 12
39.19922 13.7578125 07 25 12
6.7851562 16.476562 07 25 12
6.5742188 16.898438 07 25 12
10.652344 6.1171875 07 25 13
39.691406 6.3984375 07 25 13
19.792969 6.1640625 07 25 13
19.582031 7.5234375 07 25 13
13.464844 8.3203125 07 25 13
19.511719 13.0546875 07 25 13
19.371094 13.1015625 07 25 13
19.019531 -0.1171875 07 25 14
19.019531 -0.1171875 07 25 14
11.566406 6.3984375 07 25 14
14.449219 7.6640625 07 25 14
17.332031 11.2734375 07 25 14
24.011719 13.1484375 07 25 14
22.605469 -1.3828125 07 25 15
20.144531 -0.4921875 07 25 15
22.253906 0.3046875 07 25 15
16.136719 6.2578125 07 25 15
13.675781 7.0546875 07 25 15
11.285156 7.3828125 07 25 15
8.683594 10.2421875 07 25 15
22.535156 -0.4453125 07 25 16
22.324219 -1.8515625 07 25 17
18.035156 -1.5234375 07 26 12
18.035156 -1.5234375 07 26 12
18.035156 -1.5234375 07 26 12
18.035156 -1.5234375 07 26 12
17.613281 -0.6328125 07 26 12
34.277344 1.3359375 07 26 12
34.277344 1.3359375 07 26 12
34.277344 1.3359375 07 26 12
34.628906 2.2734375 07 26 12
34.628906 2.2734375 07 26 12
24.222656 3.1171875 07 26 12
19.511719 2.7421875 07 26 12
24.082031 4.7578125 07 26 12
15.222656 5.7421875 07 26 12
16.699219 5.2734375 07 26 12
14.027344 5.7890625 07 26 12
22.535156 5.5546875 07 26 12
30.550781 5.9765625 07 26 12
30.550781 5.9765625 07 26 12
34.839844 6.0703125 07 26 12
30.550781 5.9765625 07 26 12
30.550781 5.9765625 07 26 12
31.394531 6.5390625 07 26 12
31.394531 6.5390625 07 26 12
30.621094 6.9140625 07 26 12
30.621094 6.9140625 07 26 12
30.621094 6.9140625 07 26 12
31.464844 6.5859375 07 26 12
30.621094 6.9140625 07 26 12
30.621094 6.9140625 07 26 12
30.621094 6.9140625 07 26 12
30.902344 7.1484375 07 26 12
31.183594 8.1328125 07 26 12
30.902344 8.3671875 07 26 12
30.902344 8.3671875 07 26 12
31.253906 8.1328125 07 26 12
25.910156 10.3359375 07 26 12
25.910156 10.3359375 07 26 12
25.910156 10.3359375 07 26 12
1.5820312 11.0390625 07 26 12
25.910156 10.3359375 07 26 12
38.98828 12.1171875 07 26 12
38.98828 12.1171875 07 26 12
39.410156 12.3046875 07 26 12
39.339844 13.7578125 07 26 12
2.4960938 14.6484375 07 26 12
1.6523438 15.5390625 07 26 12
25.488281 3.4921875 07 26 13
19.722656 3.3984375 07 26 13
24.855469 5.4140625 07 26 13
22.675781 8.5546875 07 26 13
6.9960938 10.8046875 07 26 13
16.839844 -1.8984375 07 26 14
21.199219 5.0859375 07 26 14
26.683594 6.3046875 07 26 14
34.628906 6.7265625 07 26 14
6.7851562 7.8984375 07 26 14
2.9179688 9.5859375 07 26 14
3.1992188 10.4765625 07 26 14
6.7851562 6.6796875 07 26 15
7.8398438 13.7578125 07 26 15
6.4335938 14.6015625 07 26 15
8.964844 5.8828125 07 26 16
6.6445312 12.0234375 07 26 16
7.2070312 12.2109375 07 26 16
14.660156 4.0546875 07 27 12
30.128906 5.6953125 07 27 12
32.73047 6.6328125 07 27 12
32.73047 6.6328125 07 27 12
12.339844 7.2421875 07 27 12
32.73047 6.6328125 07 27 12
32.73047 6.6328125 07 27 12
21.199219 7.3359375 07 27 12
32.73047 6.6328125 07 27 12
12.339844 7.2421875 07 27 12
20.777344 7.2421875 07 27 12
3.9726562 9.7265625 07 27 12
4.1835938 10.3359375 07 27 12
1.4414062 10.5703125 07 27 12
39.410156 13.6640625 07 27 12
39.339844 13.7578125 07 27 12
27.738281 -1.7578125 07 27 13
34.277344 3.3515625 07 27 13
34.277344 3.3515625 07 27 13
28.160156 7.3828125 07 27 13
38.214844 8.9765625 07 27 13
43.628906 9.3515625 07 27 13
43.76953 9.3515625 07 27 13
40.39453 11.4609375 07 27 13
28.792969 7.8515625 07 27 15
16.628906 5.2734375 07 27 16
7.1367188 8.5078125 07 27 17
38.003906 9.8671875 07 27 17
35.05078 7.0546875 07 28 12
20.707031 7.9921875 07 28 12
21.199219 7.8046875 07 28 12
20.707031 7.9921875 07 28 12
21.621094 8.2265625 07 28 12
23.449219 8.7890625 07 28 12
19.371094 8.9296875 07 28 12
21.621094 8.2265625 07 28 12
21.621094 8.2734375 07 28 12
38.003906 11.4140625 07 28 12
38.003906 11.4140625 07 28 12
39.410156 11.9765625 07 28 12
38.777344 10.4765625 07 28 13
39.410156 13.6171875 07 28 13
14.730469 7.0546875 07 28 14
18.105469 13.4765625 07 28 14
18.949219 13.5703125 07 28 14
34.277344 4.8984375 07 28 16
10.933594 6.2578125 07 28 16
21.199219 -1.6640625 07 28 17
16.628906 16.570312 07 28 17
15.925781 16.617188 07 28 17
38.003906 5.4609375 07 29 12
15.082031 5.5546875 07 29 12
17.683594 5.6015625 07 29 12
17.683594 5.6015625 07 29 12
15.785156 6.3046875 07 29 12
40.32422 5.7421875 07 29 12
38.847656 6.6328125 07 29 12
30.902344 9.3046875 07 29 12
32.589844 9.4921875 07 29 12
32.589844 9.4921875 07 29 12
40.746094 10.0078125 07 29 14
24.925781 -0.4921875 07 29 15
24.925781 -0.4921875 07 29 15
17.261719 1.5703125 07 29 15
14.238281 7.6640625 07 29 15
15.011719 1.1953125 07 29 16
17.683594 2.5078125 07 29 16
15.644531 3.4921875 07 29 16
11.707031 7.2421875 07 29 16
44.472656 9.2578125 07 29 16
8.542969 17.273438 07 29 16
14.800781 -1.9921875 07 29 17
16.980469 -0.3046875 07 29 17
18.808594 6.2109375 07 29 17
16.839844 10.4296875 07 30 12
39.76172 12.0703125 07 30 12
39.19922 13.6171875 07 30 12
14.238281 7.8515625 07 30 13
15.714844 9.7734375 07 30 13
2.9179688 19.757812 07 30 14
15.011719 8.4609375 07 30 15
34.558594 9.6796875 07 30 15
2.4960938 18.585938 07 30 16
34.066406 1.3359375 07 30 17
27.527344 -1.8984375 08 01 12
26.683594 -1.8046875 08 01 12
22.746094 3.5390625 08 01 12
22.253906 3.3046875 08 01 12
22.746094 3.5390625 08 01 12
23.238281 4.1953125 08 01 12
22.394531 4.5234375 08 01 12
38.214844 5.7890625 08 01 12
9.808594 5.9296875 08 01 12
28.511719 5.4609375 08 01 12
30.199219 6.5859375 08 01 12
39.972656 7.1015625 08 01 12
30.832031 7.2421875 08 01 12
31.042969 7.1015625 08 01 12
37.23047 7.1015625 08 01 12
39.902344 7.1953125 08 01 12
26.402344 7.7578125 08 01 12
39.902344 7.2890625 08 01 12
31.183594 8.1328125 08 01 12
32.80078 8.2265625 08 01 12
32.589844 8.1796875 08 01 12
9.316406 9.2109375 08 01 12
9.316406 9.2109375 08 01 12
39.76172 13.1953125 08 01 12
39.410156 13.7578125 08 01 12
35.683594 15.8203125 08 01 12
35.683594 15.8203125 08 01 12
8.121094 9.4453125 08 01 13
24.011719 14.3203125 08 01 13
35.33203 16.054688 08 01 13
27.808594 8.2265625 08 01 14
27.808594 8.2265625 08 01 14
7.6992188 9.4453125 08 01 14
9.457031 10.5234375 08 01 14
8.753906 7.6640625 08 01 15
6.7148438 8.1796875 08 01 15
6.8554688 6.4921875 08 01 16
6.8554688 6.4921875 08 01 16
2.2148438 14.6953125 08 01 16
6.9257812 7.6640625 08 01 17
25.488281 3.3984375 08 02 12
18.738281 5.2265625 08 02 12
18.667969 5.2265625 08 02 12
35.402344 6.0703125 08 02 12
39.621094 6.6796875 08 02 12
21.550781 6.2578125 08 02 12
35.89453 6.6796875 08 02 12
20.917969 6.7265625 08 02 12
22.324219 7.3828125 08 02 12
23.308594 6.9140625 08 02 12
22.324219 7.3828125 08 02 12
20.636719 8.1328125 08 02 12
20.636719 8.1328125 08 02 12
20.636719 8.1328125 08 02 12
20.636719 8.1328125 08 02 12
6.5742188 9.0703125 08 02 12
20.566406 9.0234375 08 02 12
31.957031 9.5859375 08 02 12
32.44922 9.2109375 08 02 12
31.394531 9.9609375 08 02 12
31.394531 9.9609375 08 02 12
31.394531 9.9609375 08 02 12
27.878906 5.1328125 08 02 13
27.878906 5.1328125 08 02 13
10.722656 6.1171875 08 02 13
8.121094 7.8984375 08 02 13
39.48047 9.5390625 08 02 13
34.347656 16.429688 08 02 13
25.980469 4.8984375 08 02 14
24.363281 6.9140625 08 02 14
24.363281 6.9140625 08 02 14
38.285156 6.6796875 08 02 14
4.4648438 7.4765625 08 02 14
4.4648438 7.4765625 08 02 14
4.4648438 7.4765625 08 02 14
25.699219 4.0078125 08 02 15
23.097656 8.5546875 08 02 15
22.253906 -1.4296875 08 02 16
21.480469 -0.9609375 08 02 16
1.4414062 8.3203125 08 02 16
2.0742188 9.0234375 08 02 16
29.144531 8.6953125 08 02 16
29.144531 8.6953125 08 02 16
23.027344 -1.2421875 08 02 17
29.566406 6.2578125 08 02 17
14.941406 7.9921875 08 02 17
35.402344 5.8828125 08 03 12
21.902344 6.8671875 08 03 12
34.839844 7.9453125 08 03 12
35.05078 7.9921875 08 03 12
36.316406 7.8046875 08 03 12
36.38672 7.8046875 08 03 12
35.05078 7.9921875 08 03 12
33.29297 8.5078125 08 03 12
38.214844 9.1171875 08 03 12
38.214844 9.1171875 08 03 12
12.339844 9.1171875 08 03 12
18.878906 9.2578125 08 03 12
35.402344 9.6328125 08 03 12
15.855469 10.0078125 08 03 12
35.402344 9.6328125 08 03 12
34.277344 9.6328125 08 03 12
34.76953 10.2421875 08 03 12
38.35547 10.7109375 08 03 12
35.683594 10.5234375 08 03 12
38.35547 10.7109375 08 03 12
33.64453 13.0546875 08 03 12
6.9257812 6.7265625 08 03 13
22.394531 8.8828125 08 03 13
22.394531 8.8828125 08 03 13
24.574219 13.1015625 08 03 13
37.160156 5.7890625 08 03 14
28.160156 13.0546875 08 03 14
29.496094 13.5234375 08 03 14
27.597656 2.1796875 08 03 15
30.691406 14.4609375 08 03 15
22.183594 9.1171875 08 03 16
2.7070312 10.1484375 08 03 16
26.542969 13.1484375 08 03 16
26.542969 13.1484375 08 03 16
37.01953 -0.0234375 08 04 12
37.01953 -0.0234375 08 04 12
36.94922 0.2578125 08 04 12
36.316406 7.5234375 08 04 12
31.464844 7.8984375 08 04 12
29.917969 12.8671875 08 04 12
24.644531 13.8046875 08 04 12
35.33203 15.5390625 08 04 12
35.402344 15.5859375 08 04 12
28.933594 11.1796875 08 04 13
27.527344 7.2890625 08 04 15
15.433594 14.7890625 08 04 15
8.332031 17.273438 08 04 15
29.144531 6.1171875 08 04 16
26.402344 7.1484375 08 04 16
26.402344 7.1484375 08 04 16
22.675781 15.6328125 08 04 16
29.214844 3.5859375 08 05 12
29.707031 4.4765625 08 05 12
29.566406 4.4296875 08 05 12
37.371094 5.7421875 08 05 12
26.121094 6.2109375 08 05 12
26.121094 6.2109375 08 05 12
26.121094 6.2109375 08 05 12
26.542969 6.4453125 08 05 12
20.496094 8.6484375 08 05 12
18.808594 8.9296875 08 05 12
26.121094 9.2109375 08 05 12
20.425781 9.4453125 08 05 12
33.92578 3.7265625 08 05 13
33.996094 4.4296875 08 05 13
33.996094 4.4296875 08 05 13
34.76953 5.8828125 08 05 13
22.746094 8.1796875 08 05 13
24.925781 8.7890625 08 05 13
21.761719 9.3046875 08 05 13
21.691406 10.3359375 08 05 14
26.753906 13.1953125 08 05 14
26.753906 13.1953125 08 05 14
19.019531 14.3203125 08 05 14
23.167969 7.4296875 08 05 15
23.730469 10.0546875 08 05 15
23.730469 10.0546875 08 05 15
17.964844 14.4140625 08 05 15
17.894531 14.4140625 08 05 15
15.222656 7.1953125 08 05 16
6.5039062 18.539062 08 05 16
24.292969 1.8046875 08 05 17
24.785156 1.6171875 08 05 17
6.7148438 18.445312 08 05 17
34.910156 9.1640625 08 06 12
18.667969 10.1015625 08 06 12
18.667969 10.1015625 08 06 12
14.167969 7.9453125 08 06 13
41.589844 9.4453125 08 06 13
16.980469 11.2734375 08 06 13
16.980469 11.2734375 08 06 13
16.980469 11.2734375 08 06 13
23.167969 16.992188 08 06 13
6.5742188 17.085938 08 06 13
17.542969 9.9140625 08 06 14
14.167969 10.6640625 08 06 14
16.207031 11.2265625 08 06 14
14.167969 10.6640625 08 06 14
14.167969 11.2734375 08 06 14
16.769531 11.8828125 08 06 14
14.871094 8.0859375 08 06 15
6.1523438 15.7734375 08 06 15
35.472656 6.0234375 08 06 17
22.464844 -2.7890625 08 07 12
18.597656 0.7265625 08 07 12
10.652344 6.3046875 08 07 12
36.246094 6.7265625 08 07 12
17.613281 6.7265625 08 07 12
40.32422 7.1484375 08 07 12
17.613281 6.7265625 08 07 12
40.32422 7.1484375 08 07 12
36.246094 6.7734375 08 07 12
32.308594 7.6171875 08 07 12
39.83203 7.2890625 08 07 12
40.04297 7.3359375 08 07 12
41.941406 9.3984375 08 07 12
39.76172 10.2421875 08 07 12
38.777344 10.8984375 08 07 12
38.777344 10.8984375 08 07 12
39.48047 13.6171875 08 07 12
27.316406 -1.9453125 08 07 13
28.300781 4.1015625 08 07 13
22.113281 5.0859375 08 07 13
28.230469 6.3515625 08 07 13
22.464844 7.6171875 08 07 13
20.496094 10.0546875 08 07 13
21.761719 -2.1328125 08 07 14
20.285156 -1.3828125 08 07 14
18.667969 0.0703125 08 07 14
18.246094 5.3671875 08 07 14
28.722656 6.1640625 08 07 14
18.386719 6.4921875 08 07 14
21.410156 7.7109375 08 07 14
18.527344 8.0859375 08 07 14
28.792969 13.6171875 08 07 14
33.785156 7.3828125 08 07 15
18.527344 6.8671875 08 07 15
12.128906 8.8359375 08 07 15
3.7617188 13.7109375 08 07 15
3.7617188 13.7109375 08 07 15
37.23047 7.2890625 08 07 16
32.660156 4.9453125 08 07 17
19.933594 1.3828125 08 08 12
25.066406 4.3359375 08 08 12
25.066406 4.3359375 08 08 12
26.050781 5.0390625 08 08 12
27.667969 5.4140625 08 08 12
27.667969 5.4140625 08 08 12
28.160156 5.4140625 08 08 12
26.332031 7.1953125 08 08 12
40.11328 7.8046875 08 08 12
33.714844 8.3203125 08 08 12
33.714844 8.3203125 08 08 12
40.11328 7.8046875 08 08 12
33.714844 8.3203125 08 08 12
34.066406 8.0390625 08 08 12
39.972656 8.0390625 08 08 12
39.55078 8.9296875 08 08 12
25.980469 9.0234375 08 08 12
39.48047 9.6328125 08 08 12
39.128906 11.5078125 08 08 12
38.847656 11.5546875 08 08 12
37.722656 11.5546875 08 08 12
38.847656 11.5546875 08 08 12
21.691406 -2.1328125 08 08 13
22.605469 -0.4453125 08 08 13
23.378906 0.3515625 08 08 13
23.378906 0.3515625 08 08 13
33.57422 1.7578125 08 08 13
25.277344 2.4140625 08 08 13
25.277344 2.4140625 08 08 13
25.277344 2.4140625 08 08 13
25.277344 2.4140625 08 08 13
24.574219 4.4765625 08 08 13
16.136719 5.6015625 08 08 13
17.472656 5.5546875 08 08 13
17.753906 9.0234375 08 08 13
23.589844 12.6796875 08 08 13
21.832031 14.2734375 08 08 13
21.410156 -0.8203125 08 08 14
26.894531 -0.2109375 08 08 14
22.605469 1.6640625 08 08 14
23.871094 1.9921875 08 08 14
21.339844 13.5703125 08 08 14
21.339844 13.5703125 08 08 14
22.394531 -2.8359375 08 08 15
16.769531 0.3515625 08 08 15
20.425781 13.7109375 08 08 15
25.699219 -2.5078125 08 08 16
27.386719 4.2890625 08 08 16
21.691406 -0.7734375 08 09 12
23.167969 0.0234375 08 09 12
20.917969 0.4453125 08 09 12
20.917969 0.4453125 08 09 12
27.175781 4.6171875 08 09 12
39.76172 6.8671875 08 09 12
40.04297 7.2421875 08 09 12
40.04297 7.2421875 08 09 12
34.69922 10.2890625 08 09 12
34.628906 10.6640625 08 09 12
19.863281 0.6796875 08 09 13
34.20703 2.4140625 08 09 13
29.285156 4.9453125 08 09 13
31.605469 7.4296875 08 09 13
23.660156 11.3671875 08 09 13
23.660156 11.3671875 08 09 13
24.011719 12.0703125 08 09 13
29.636719 13.6640625 08 09 13
29.636719 13.6640625 08 09 13
29.636719 13.6640625 08 09 13
34.910156 15.6328125 08 09 13
34.910156 15.6328125 08 09 13
26.261719 0.1171875 08 09 14
28.441406 3.0703125 08 09 14
29.074219 3.9609375 08 09 14
22.605469 12.8203125 08 09 14
16.839844 15.9140625 08 09 14
29.988281 8.3671875 08 09 15
19.652344 13.8515625 08 09 15
26.613281 -2.7890625 08 10 12
32.589844 4.1484375 08 10 12
30.972656 4.7578125 08 10 12
39.621094 7.7109375 08 10 12
16.207031 8.6015625 08 10 12
39.621094 7.7109375 08 10 12
15.503906 8.8359375 08 10 12
10.863281 10.1484375 08 10 12
11.214844 10.5703125 08 10 12
11.214844 10.5703125 08 10 12
29.144531 13.6171875 08 10 12
29.496094 13.8046875 08 10 12
29.144531 13.6640625 08 10 12
24.996094 -2.3203125 08 10 15
21.691406 -0.1640625 08 10 15
21.691406 -0.1640625 08 10 15
33.503906 4.2890625 08 10 15
17.683594 8.5546875 08 10 15
7.2773438 16.476562 08 10 15
7.2773438 16.476562 08 10 15
22.535156 0.6328125 08 11 12
22.535156 0.6328125 08 11 12
16.347656 1.4765625 08 11 12
21.339844 1.1484375 08 11 12
21.691406 1.6640625 08 11 12
32.097656 4.1015625 08 11 12
30.199219 8.0390625 08 11 12
12.902344 8.0390625 08 11 12
29.636719 9.2109375 08 11 12
29.214844 9.5390625 08 11 12
23.027344 12.4921875 08 11 12
22.324219 12.8203125 08 11 12
22.253906 12.8203125 08 11 12
24.363281 12.9140625 08 11 12
22.253906 12.8203125 08 11 12
22.253906 12.8203125 08 11 12
20.496094 -0.4921875 08 11 13
23.800781 9.6796875 08 11 13
22.816406 -0.5390625 08 11 14
22.816406 -0.5390625 08 11 14
22.253906 9.8671875 08 11 14
21.480469 3.1640625 08 11 15
24.925781 -0.3515625 08 11 16
27.527344 0.5390625 08 11 16
20.988281 2.4609375 08 11 16
25.839844 -0.9140625 08 11 17
16.136719 -1.9453125 08 12 12
16.980469 -1.6171875 08 12 12
16.417969 3.7265625 08 12 12
16.488281 3.7734375 08 12 12
16.347656 3.8671875 08 12 12
16.558594 3.9609375 08 12 12
23.941406 5.7890625 08 12 12
33.01172 7.0078125 08 12 12
33.01172 7.0078125 08 12 12
33.01172 7.0078125 08 12 12
33.01172 7.0078125 08 12 12
34.98047 8.1796875 08 12 12
34.910156 8.1796875 08 12 12
34.98047 8.7421875 08 12 12
34.98047 8.1796875 08 12 12
34.910156 8.8828125 08 12 12
13.113281 9.1171875 08 12 12
13.113281 9.1171875 08 12 12
13.113281 9.1171875 08 12 12
35.191406 9.9140625 08 12 12
35.26172 9.9140625 08 12 12
34.910156 10.3828125 08 12 12
34.910156 10.3828125 08 12 12
23.941406 6.1171875 08 12 13
15.433594 7.0078125 08 12 13
15.714844 7.3828125 08 12 13
22.957031 7.1484375 08 12 13
15.714844 7.3828125 08 12 13
25.488281 7.7109375 08 12 13
15.714844 7.3828125 08 12 13
24.222656 7.9921875 08 12 13
22.253906 8.2265625 08 12 13
25.488281 7.8046875 08 12 13
31.886719 8.6484375 08 12 13
24.363281 10.7578125 08 12 13
28.933594 13.0546875 08 12 13
29.707031 13.2421875 08 12 13
29.707031 13.2421875 08 12 13
33.08203 14.9765625 08 12 13
33.08203 14.9765625 08 12 13
21.761719 -3.5390625 08 12 14
21.621094 -2.0859375 08 12 14
21.621094 -2.0859375 08 12 14
26.683594 7.1953125 08 12 14
20.425781 8.6953125 08 12 14
8.050781 8.9296875 08 12 14
20.847656 9.3046875 08 12 14
20.003906 9.5859375 08 12 14
25.066406 9.6328125 08 12 14
19.441406 9.9140625 08 12 14
20.003906 9.5859375 08 12 14
20.003906 9.5859375 08 12 14
29.285156 13.8984375 08 12 14
22.183594 -0.7265625 08 12 15
22.113281 0.0703125 08 12 15
22.183594 5.5546875 08 12 15
19.441406 8.5546875 08 12 15
22.113281 9.7265625 08 12 15
26.824219 -0.9140625 08 12 16
22.253906 4.6171875 08 12 16
22.886719 -0.4453125 08 12 17
23.660156 4.0078125 08 12 17
36.527344 -0.1171875 08 13 12
32.660156 4.1953125 08 13 12
22.394531 4.4296875 08 13 12
29.636719 4.6171875 08 13 12
17.753906 5.5546875 08 13 12
17.753906 5.5546875 08 13 12
35.89453 6.9140625 08 13 12
35.89453 6.9140625 08 13 12
16.699219 7.4296875 08 13 12
15.152344 8.1328125 08 13 12
31.886719 12.9140625 08 13 12
29.003906 12.8671875 08 13 12
32.097656 13.0078125 08 13 12
30.550781 13.3828125 08 13 12
22.183594 -4.9453125 08 13 13
25.207031 0.8671875 08 13 13
28.300781 2.7421875 08 13 13
29.917969 3.3984375 08 13 13
25.699219 4.3828125 08 13 13
35.26172 9.3984375 08 13 13
24.855469 10.8046875 08 13 13
25.558594 11.6015625 08 13 13
24.855469 10.8984375 08 13 13
25.066406 11.4140625 08 13 13
21.058594 12.2109375 08 13 13
21.058594 12.2109375 08 13 13
29.074219 12.7734375 08 13 13
21.058594 12.2109375 08 13 13
32.51953 13.1015625 08 13 13
32.51953 13.1015625 08 13 13
35.402344 15.2578125 08 13 13
35.402344 15.2578125 08 13 13
36.035156 15.4453125 08 13 13
24.011719 -4.1484375 08 13 14
23.941406 -3.4453125 08 13 14
21.902344 -2.8828125 08 13 14
23.941406 -3.4453125 08 13 14
21.832031 -2.8359375 08 13 14
21.832031 -2.8359375 08 13 14
25.347656 -1.0078125 08 13 14
25.347656 -1.0078125 08 13 14
25.347656 -1.0078125 08 13 14
25.347656 -1.0078125 08 13 14
23.800781 1.8984375 08 13 14
23.800781 1.8984375 08 13 14
26.613281 4.6171875 08 13 14
22.253906 11.6015625 08 13 14
21.691406 11.7421875 08 13 14
22.253906 11.6484375 08 13 14
24.082031 -0.1640625 08 13 15
22.183594 0.3515625 08 13 15
24.925781 2.9296875 08 13 15
33.785156 3.6796875 08 13 15
23.660156 -0.2109375 08 13 16
18.808594 2.2734375 08 13 16
19.863281 2.0859375 08 13 16
20.003906 -4.6640625 08 13 17
15.925781 -1.4765625 08 14 12
15.785156 5.2734375 08 14 12
31.816406 6.4453125 08 14 12
14.167969 7.0078125 08 14 12
30.339844 6.8203125 08 14 12
12.058594 7.2421875 08 14 12
31.394531 7.4765625 08 14 12
31.535156 7.4765625 08 14 12
31.324219 7.4765625 08 14 12
31.394531 7.4765625 08 14 12
34.20703 9.6796875 08 14 12
30.761719 11.9765625 08 14 12
30.199219 13.2890625 08 14 12
30.199219 13.2890625 08 14 12
39.26953 13.8046875 08 14 12
33.85547 13.8515625 08 14 12
30.691406 13.7578125 08 14 12
32.73047 14.1328125 08 14 12
33.785156 13.8984375 08 14 12
33.01172 14.8359375 08 14 12
35.05078 14.8359375 08 14 12
37.371094 14.9296875 08 14 12
23.660156 9.7265625 08 14 13
24.292969 9.9140625 08 14 13
35.89453 15.1171875 08 14 13
15.855469 7.3828125 08 14 14
26.964844 12.3046875 08 14 14
26.964844 12.3046875 08 14 14
26.964844 12.3046875 08 14 14
27.316406 12.6328125 08 14 14
26.261719 10.4765625 08 14 15
40.464844 9.5390625 08 14 16
15.574219 13.7109375 08 14 16
15.574219 13.7109375 08 14 16
41.097656 10.3359375 08 14 17
22.464844 1.2890625 08 15 12
24.644531 0.8203125 08 15 12
36.10547 7.7578125 08 15 12
36.10547 7.7578125 08 15 12
36.246094 7.8515625 08 15 12
36.808594 8.3203125 08 15 12
35.61328 8.1328125 08 15 12
36.17578 8.6015625 08 15 12
22.886719 10.7109375 08 15 12
38.98828 12.4921875 08 15 12
38.98828 12.4921875 08 15 12
19.300781 11.8828125 08 15 13
23.097656 -4.1484375 08 15 14
22.535156 -2.7421875 08 15 14
22.535156 -2.7421875 08 15 14
22.535156 -2.7421875 08 15 14
22.535156 -2.7421875 08 15 14
20.636719 -0.0703125 08 15 14
20.003906 11.1328125 08 15 14
20.074219 11.1328125 08 15 14
20.777344 11.5546875 08 15 14
21.480469 -3.7734375 08 15 15
21.199219 -0.9609375 08 15 15
36.808594 10.6640625 08 15 16
17.191406 1.8046875 08 16 12
16.277344 3.7265625 08 16 12
16.417969 3.7265625 08 16 12
16.417969 3.7265625 08 16 12
39.55078 6.9140625 08 16 12
39.55078 6.9140625 08 16 12
11.355469 7.5234375 08 16 12
15.152344 7.4765625 08 16 12
15.152344 7.4765625 08 16 12
34.20703 10.0078125 08 16 12
34.277344 10.0546875 08 16 12
34.98047 10.1484375 08 16 12
37.51172 11.5078125 08 16 12
16.699219 -2.0390625 08 16 13
11.144531 7.4296875 08 16 13
36.94922 7.9453125 08 16 14
35.26172 15.6328125 08 16 14
11.144531 7.0078125 08 16 15
8.542969 7.4765625 08 16 16
6.5039062 8.1796875 08 16 16
39.902344 8.9296875 08 16 16
14.730469 3.4921875 08 16 17
13.183594 -0.4453125 08 17 12
11.566406 -0.6796875 08 17 12
11.566406 -0.6796875 08 17 12
22.042969 0.5859375 08 17 12
22.535156 0.5859375 08 17 12
22.253906 0.7265625 08 17 12
29.777344 3.6796875 08 17 12
11.214844 6.5390625 08 17 12
11.214844 6.5390625 08 17 12
34.347656 9.7734375 08 17 12
34.347656 9.7734375 08 17 12
34.347656 9.7734375 08 17 12
37.089844 12.5390625 08 17 12
19.582031 -0.3515625 08 17 13
21.902344 -0.2578125 08 17 13
8.964844 6.0234375 08 17 13
8.964844 6.0234375 08 17 13
13.886719 7.8984375 08 17 13
38.566406 13.9453125 08 17 13
23.730469 12.1640625 08 17 14
23.589844 12.1640625 08 17 14
22.464844 12.7734375 08 17 14
19.933594 2.2265625 08 17 15
16.839844 2.7890625 08 17 17
31.324219 7.2421875 08 17 17
7.9804688 6.1640625 08 18 12
31.746094 8.1796875 08 18 12
7.9804688 6.1640625 08 18 12
31.886719 7.0078125 08 18 12
21.621094 6.9140625 08 18 12
38.214844 11.0390625 08 18 12
38.14453 11.1328125 08 18 12
37.23047 15.8671875 08 18 12
19.652344 -0.8671875 08 18 13
34.76953 1.8046875 08 18 13
24.082031 13.2421875 08 18 13
34.558594 15.6796875 08 18 13
18.386719 14.2265625 08 18 14
24.363281 -1.2421875 08 18 15
24.363281 -1.2421875 08 18 15
24.363281 -1.2421875 08 18 15
20.917969 1.1484375 08 18 15
21.691406 2.2265625 08 18 15
18.878906 0.1640625 08 18 16
19.371094 1.2421875 08 18 17
34.76953 6.8671875 08 19 12
34.76953 6.8671875 08 19 12
11.636719 7.0078125 08 19 12
11.636719 7.0078125 08 19 12
39.691406 7.7109375 08 19 12
32.23828 9.8671875 08 19 12
31.253906 9.4921875 08 19 12
32.23828 9.8671875 08 19 12
24.292969 13.4765625 08 19 12
24.363281 13.6171875 08 19 12
25.066406 0.8203125 08 19 13
25.558594 2.1328125 08 19 13
28.511719 7.2890625 08 19 13
24.222656 1.4765625 08 19 14
24.222656 1.4765625 08 19 14
22.324219 13.8515625 08 19 14
26.121094 1.6171875 08 20 12
26.121094 1.6171875 08 20 12
26.402344 2.1796875 08 20 12
32.027344 7.1484375 08 20 12
11.777344 9.3984375 08 20 12
11.777344 9.4453125 08 20 12
33.64453 10.9921875 08 20 12
32.73047 11.1328125 08 20 12
38.63672 14.1328125 08 20 12
38.63672 14.1328125 08 20 12
29.003906 7.7109375 08 20 14
16.839844 -21.351562 08 20 15
33.08203 4.0078125 08 20 16
26.191406 -3.9609375 08 21 12
26.472656 -3.4921875 08 21 12
24.152344 -3.8671875 08 21 12
26.894531 -0.8671875 08 21 12
26.894531 -0.8671875 08 21 12
28.441406 -0.2109375 08 21 12
16.839844 2.2734375 08 21 12
24.785156 3.1171875 08 21 12
27.738281 4.4296875 08 21 12
24.714844 3.5390625 08 21 12
24.714844 3.5390625 08 21 12
27.949219 4.3828125 08 21 12
27.949219 4.3828125 08 21 12
27.949219 4.3828125 08 21 12
30.480469 5.5078125 08 21 12
23.097656 8.3203125 08 21 12
23.097656 8.3203125 08 21 12
37.79297 11.1328125 08 21 12
37.652344 11.1796875 08 21 12
39.26953 13.0078125 08 21 12
24.503906 13.6171875 08 21 12
38.70703 14.0390625 08 21 12
21.339844 -3.9140625 08 21 13
21.339844 -3.9140625 08 21 13
30.199219 3.3515625 08 21 13
30.199219 3.3515625 08 21 13
16.136719 6.5859375 08 21 13
14.871094 6.8203125 08 21 13
24.855469 -3.1640625 08 21 14
28.160156 1.9453125 08 21 14
16.347656 8.7421875 08 21 15
23.167969 -0.5390625 08 21 16
24.503906 0.1171875 08 21 16
23.519531 1.2421875 08 21 16
22.605469 5.6015625 08 21 16
20.355469 3.7265625 08 21 17
19.652344 3.8203125 08 21 17
21.480469 6.4921875 08 21 17
16.699219 0.4921875 08 22 12
16.628906 0.3984375 08 22 12
16.699219 0.4921875 08 22 12
16.628906 0.3984375 08 22 12
16.699219 0.4921875 08 22 12
16.699219 0.4921875 08 22 12
17.542969 1.1953125 08 22 12
17.542969 1.1953125 08 22 12
17.542969 1.1953125 08 22 12
17.542969 1.1953125 08 22 12
18.457031 2.3203125 08 22 12
18.246094 2.3203125 08 22 12
18.457031 2.3203125 08 22 12
12.761719 2.2734375 08 22 12
18.457031 2.3203125 08 22 12
14.097656 7.8046875 08 22 13
14.941406 7.9453125 08 22 13
13.324219 8.2265625 08 22 13
29.074219 8.0859375 08 22 13
27.949219 2.1796875 08 22 14
27.105469 8.0390625 08 22 14
27.105469 8.0390625 08 22 14
21.480469 9.6328125 08 22 14
18.386719 10.6171875 08 22 14
14.660156 13.5234375 08 22 14
14.660156 13.5234375 08 22 14
13.957031 -0.2578125 08 22 15
16.839844 9.3984375 08 22 15
17.753906 11.6484375 08 22 15
15.925781 12.0703125 08 22 15
7.6289062 18.257812 08 22 15
18.386719 -4.1015625 08 22 16
19.300781 -3.7734375 08 22 16
11.425781 15.3046875 08 22 16
31.394531 5.1796875 08 23 12
31.394531 5.2265625 08 23 12
31.816406 6.2109375 08 23 12
13.464844 7.3828125 08 23 12
34.98047 7.9453125 08 23 12
35.753906 7.8984375 08 23 12
35.753906 7.8984375 08 23 12
36.17578 7.8984375 08 23 12
34.98047 7.9921875 08 23 12
34.910156 9.3046875 08 23 12
36.10547 8.8828125 08 23 12
34.910156 9.3046875 08 23 12
37.089844 8.4609375 08 23 12
33.08203 9.1640625 08 23 12
38.214844 9.1640625 08 23 12
33.08203 9.1640625 08 23 12
36.597656 9.0703125 08 23 12
38.07422 9.2109375 08 23 12
35.402344 10.9453125 08 23 12
35.683594 11.0390625 08 23 12
9.597656 13.7578125 08 23 14
9.597656 13.7578125 08 23 14
15.855469 13.6640625 08 23 14
15.855469 13.6640625 08 23 14
9.597656 13.7578125 08 23 14
9.878906 14.0390625 08 23 14
25.136719 -3.1640625 08 23 15
23.800781 9.5390625 08 23 15
22.816406 10.4765625 08 23 15
16.277344 12.3984375 08 23 15
16.277344 12.3984375 08 23 15
8.542969 13.2890625 08 23 15
11.425781 14.1328125 08 23 15
2.2148438 17.226562 08 23 15
2.9882812 18.164062 08 23 16
11.496094 3.8671875 08 23 17
32.097656 6.4921875 08 24 12
33.08203 7.5234375 08 24 12
33.64453 7.6640625 08 24 12
11.847656 7.2890625 08 24 12
33.64453 7.6640625 08 24 12
33.996094 8.6015625 08 24 12
34.277344 8.8359375 08 24 12
33.152344 9.4921875 08 24 12
19.582031 10.7578125 08 24 12
23.097656 11.9296875 08 24 12
23.097656 11.9296875 08 24 12
23.097656 11.9296875 08 24 12
33.92578 13.9453125 08 24 12
12.199219 7.2421875 08 24 13
11.496094 7.3828125 08 24 13
19.089844 8.6484375 08 24 13
19.863281 8.8828125 08 24 13
19.089844 9.7265625 08 24 13
19.089844 9.7265625 08 24 13
22.535156 -2.2265625 08 24 14
22.535156 -2.2265625 08 24 14
28.863281 -0.2109375 08 25 12
16.558594 1.7578125 08 25 12
15.925781 2.0390625 08 25 12
17.542969 2.4609375 08 25 12
19.019531 2.6015625 08 25 12
16.699219 2.8828125 08 25 12
19.863281 2.8359375 08 25 12
17.542969 2.4609375 08 25 12
10.722656 6.4453125 08 25 12
11.214844 6.5390625 08 25 12
11.214844 6.5390625 08 25 12
36.17578 7.7578125 08 25 12
36.17578 7.7578125 08 25 12
36.878906 9.3515625 08 25 12
37.58203 9.4921875 08 25 12
35.26172 9.7265625 08 25 12
35.54297 12.0234375 08 25 12
39.26953 13.5703125 08 25 12
39.26953 13.5703125 08 25 12
39.26953 13.5703125 08 25 12
21.550781 -2.1796875 08 25 13
11.917969 3.9140625 08 25 13
20.988281 6.9609375 08 25 13
21.972656 7.1953125 08 25 13
21.691406 9.7265625 08 25 13
30.761719 10.0546875 08 25 13
30.972656 11.6015625 08 25 13
30.972656 11.6015625 08 25 13
24.152344 -4.5703125 08 25 14
27.597656 0.0703125 08 25 14
20.425781 5.5546875 08 25 14
32.44922 10.0546875 08 25 14
32.44922 10.0546875 08 25 14
32.44922 10.0546875 08 25 14
21.832031 14.1328125 08 25 14
21.832031 14.1328125 08 25 14
21.832031 14.1328125 08 25 14
22.113281 -0.9609375 08 25 15
19.160156 6.1171875 08 25 16
14.660156 4.8515625 08 26 12
13.675781 7.8515625 08 26 12
15.082031 6.9140625 08 26 12
36.17578 7.2421875 08 26 12
33.714844 8.2265625 08 26 12
36.94922 8.9296875 08 26 12
27.667969 9.8671875 08 26 12
38.91797 13.1484375 08 26 12
38.91797 13.1484375 08 26 12
14.027344 2.2265625 08 26 14
24.503906 8.9765625 08 26 14
23.378906 9.3046875 08 26 14
9.527344 11.1328125 08 26 14
15.292969 4.6171875 08 26 16
15.292969 4.6171875 08 26 16
12.269531 5.7421875 08 26 16
6.7148438 6.5859375 08 27 12
6.7148438 6.6796875 08 27 12
7.4179688 6.0234375 08 27 12
6.7851562 6.6796875 08 27 12
36.38672 7.6640625 08 27 12
35.753906 7.7578125 08 27 12
36.38672 7.6640625 08 27 12
34.558594 8.6015625 08 27 12
37.652344 8.8359375 08 27 12
29.847656 9.0234375 08 27 12
24.644531 8.7421875 08 27 12
37.441406 12.7734375 08 27 12
37.441406 12.7734375 08 27 12
29.144531 5.1328125 08 27 13
37.86328 7.1484375 08 27 14
14.027344 7.8515625 08 27 14
14.027344 7.8515625 08 27 14
15.082031 7.9453125 08 27 15
3.6210938 7.4765625 08 27 16
17.964844 3.0234375 08 28 12
23.449219 2.6015625 08 28 12
33.29297 7.8515625 08 28 12
33.222656 7.8984375 08 28 12
34.066406 8.1328125 08 28 12
18.878906 8.4140625 08 28 12
31.324219 7.9453125 08 28 12
37.79297 8.7421875 08 28 12
37.79297 8.7421875 08 28 12
37.23047 11.5546875 08 28 12
38.70703 13.8984375 08 28 12
38.70703 13.8984375 08 28 12
25.839844 4.7578125 08 28 13
27.175781 5.6015625 08 28 13
24.222656 7.4765625 08 28 13
23.167969 8.7890625 08 28 13
23.167969 8.7890625 08 28 13
19.792969 11.6953125 08 28 13
28.019531 4.8515625 08 28 14
10.792969 5.7890625 08 28 14
27.386719 7.2421875 08 28 14
27.386719 7.2421875 08 28 14
24.785156 8.7421875 08 28 14
37.58203 10.2890625 08 28 14
26.121094 6.8203125 08 28 15
25.980469 8.0390625 08 28 15
27.175781 9.7265625 08 28 15
27.175781 9.7265625 08 28 15
26.683594 -1.0546875 08 28 16
23.167969 2.9765625 08 28 16
36.527344 -0.3046875 08 29 12
19.160156 6.9609375 08 29 12
17.613281 7.3828125 08 29 12
17.753906 7.3828125 08 29 12
23.941406 7.6640625 08 29 12
23.941406 7.6640625 08 29 12
11.988281 9.8203125 08 29 12
15.082031 9.9140625 08 29 12
14.800781 9.7265625 08 29 12
38.70703 14.0390625 08 29 13
5.3085938 15.1171875 08 29 15
5.3085938 15.1171875 08 29 15
18.457031 5.4140625 08 29 16
1.6523438 16.054688 08 29 16
20.425781 5.6015625 08 29 17
40.60547 11.1796875 08 29 17
35.191406 1.2890625 08 30 12
35.121094 1.3359375 08 30 12
35.191406 1.3359375 08 30 12
35.191406 1.3359375 08 30 12
6.5742188 7.5703125 08 30 12
27.246094 7.1953125 08 30 12
6.5742188 7.5703125 08 30 12
39.26953 7.8984375 08 30 12
39.26953 7.8984375 08 30 12
39.26953 7.8984375 08 30 12
39.26953 7.9453125 08 30 12
38.14453 9.7734375 08 30 12
38.003906 9.8203125 08 30 12
39.128906 13.3828125 08 30 12
37.79297 13.1484375 08 30 12
28.230469 -27.820312 08 30 13
27.246094 5.5078125 08 30 13
31.253906 5.1328125 08 30 13
27.457031 5.5546875 08 30 13
37.652344 15.8671875 08 30 13
37.652344 15.8671875 08 30 13
22.675781 16.054688 08 30 13
29.636719 -1.2421875 09 01 12
29.777344 -1.2421875 09 01 12
26.332031 4.0546875 09 01 12
26.332031 4.0546875 09 01 12
26.332031 4.0546875 09 01 12
26.332031 4.0546875 09 01 12
25.207031 4.5234375 09 01 12
25.277344 4.5234375 09 01 12
17.402344 5.3203125 09 01 12
34.41797 5.6484375 09 01 12
37.160156 6.0234375 09 01 12
34.48828 6.1171875 09 01 12
35.191406 7.2421875 09 01 12
6.0117188 7.2421875 09 01 12
5.7304688 7.9921875 09 01 12
5.7304688 7.9921875 09 01 12
38.63672 13.5703125 09 01 12
38.63672 13.5703125 09 01 12
38.566406 13.5703125 09 01 12
38.63672 13.5703125 09 01 12
17.683594 -1.2421875 09 01 13
17.683594 -1.2421875 09 01 13
29.425781 4.0078125 09 01 13
33.01172 7.4765625 09 01 14
20.003906 13.6640625 09 01 14
25.417969 -1.8984375 09 01 15
22.816406 -0.6796875 09 01 15
22.816406 -0.6796875 09 01 15
18.527344 12.4453125 09 01 15
23.800781 -3.3984375 09 01 16
19.019531 7.0546875 09 01 16
22.675781 -1.3359375 09 02 12
21.480469 -1.8515625 09 02 12
24.011719 -2.2265625 09 02 12
21.480469 -1.8515625 09 02 12
36.527344 -0.2578125 09 02 12
36.878906 -0.3984375 09 02 12
21.902344 -0.0703125 09 02 12
24.222656 2.1796875 09 02 12
31.816406 7.0546875 09 02 12
29.566406 6.5859375 09 02 12
38.003906 11.4609375 09 02 12
38.566406 13.7578125 09 02 12
24.574219 -0.3515625 09 02 13
10.792969 6.4453125 09 02 13
12.269531 7.0546875 09 02 15
18.738281 -0.1171875 09 02 17
30.128906 -1.0078125 09 03 12
36.66797 1.1484375 09 03 12
28.300781 6.3046875 09 03 12
29.074219 9.4453125 09 03 12
29.003906 9.4921875 09 03 12
29.707031 10.4296875 09 03 12
24.011719 12.9140625 09 03 12
39.48047 13.3828125 09 03 12
39.48047 13.3828125 09 03 12
18.105469 6.3515625 09 03 13
10.019531 10.7578125 09 03 13
21.058594 -6.9609375 09 03 14
13.394531 5.5078125 09 03 16
29.917969 -0.9140625 09 04 12
29.917969 -0.9140625 09 04 12
36.878906 0.7265625 09 04 12
36.878906 0.7265625 09 04 12
29.144531 6.5859375 09 04 12
29.074219 7.3828125 09 04 12
28.371094 8.0859375 09 04 12
28.371094 8.0859375 09 04 12
29.285156 8.6484375 09 04 12
29.144531 8.6484375 09 04 12
24.433594 8.6953125 09 04 12
27.316406 9.8671875 09 04 12
39.128906 12.3515625 09 04 12
39.128906 12.3515625 09 04 12
15.714844 4.2421875 09 04 13
16.628906 5.1328125 09 04 13
16.628906 5.1328125 09 04 13
14.730469 6.7734375 09 04 13
14.167969 7.1953125 09 04 13
14.167969 7.1953125 09 04 13
14.167969 7.2890625 09 04 13
24.152344 9.8203125 09 04 13
22.535156 10.4765625 09 04 13
22.535156 10.4765625 09 04 13
22.535156 10.4765625 09 04 13
18.738281 7.6640625 09 04 14
17.894531 7.8984375 09 04 14
18.738281 7.6640625 09 04 14
18.105469 8.3671875 09 04 14
18.105469 8.3671875 09 04 14
17.683594 8.1328125 09 04 14
18.105469 8.3671875 09 04 14
23.449219 12.1640625 09 04 14
19.441406 10.0078125 09 04 15
20.355469 10.2421875 09 04 15
20.355469 10.2421875 09 04 15
14.800781 13.0078125 09 04 15
10.230469 14.6015625 09 04 15
10.230469 14.6015625 09 04 15
17.402344 11.9765625 09 04 16
40.183594 12.3515625 09 04 16
18.949219 13.5234375 09 04 16
21.410156 -0.7734375 09 05 12
37.652344 0.3515625 09 05 12
36.878906 1.2890625 09 05 12
34.69922 1.6640625 09 05 12
33.996094 3.7265625 09 05 12
33.996094 3.7265625 09 05 12
33.996094 3.7265625 09 05 12
37.722656 8.7421875 09 05 12
16.347656 8.6015625 09 05 12
37.722656 8.7421875 09 05 12
37.58203 13.1953125 09 05 12
37.58203 13.1953125 09 05 12
39.26953 13.9453125 09 05 12
39.26953 13.9453125 09 05 12
33.01172 3.2109375 09 05 13
12.550781 5.4609375 09 05 16
5.5898438 15.3515625 09 05 16
18.386719 -3.8671875 09 06 12
18.808594 -3.8671875 09 06 12
18.386719 -3.8671875 09 06 12
18.386719 -3.8671875 09 06 12
25.207031 0.7265625 09 06 12
24.433594 1.2890625 09 06 12
24.574219 1.2421875 09 06 12
24.574219 1.2421875 09 06 12
24.292969 1.8984375 09 06 12
33.57422 3.1640625 09 06 12
30.832031 3.3515625 09 06 12
31.675781 3.6328125 09 06 12
31.675781 3.6328125 09 06 12
23.519531 7.9921875 09 06 12
38.91797 13.1015625 09 06 12
30.832031 4.3359375 09 06 13
23.238281 9.1640625 09 06 13
24.714844 14.0390625 09 06 14
33.01172 9.2578125 09 06 15
38.003906 6.0703125 09 06 16
5.4492188 15.0234375 09 06 16
20.003906 -7.0546875 09 06 17
24.363281 -8.2265625 09 07 12
23.308594 -8.6015625 09 07 12
23.308594 -8.6015625 09 07 12
24.433594 -7.4296875 09 07 12
24.011719 -7.1953125 09 07 12
25.277344 -7.3828125 09 07 12
26.472656 -7.1953125 09 07 12
23.730469 -7.2421875 09 07 12
23.800781 -7.1484375 09 07 12
24.011719 -7.1484375 09 07 12
23.660156 -5.3203125 09 07 12
23.800781 -4.7109375 09 07 12
24.082031 -4.0546875 09 07 12
19.230469 7.7578125 09 07 12
12.761719 7.8046875 09 07 12
37.089844 12.2578125 09 07 12
37.089844 12.2578125 09 07 12
37.089844 12.3984375 09 07 12
23.800781 13.8515625 09 07 12
38.847656 13.2421875 09 07 12
18.527344 1.3359375 09 07 13
17.753906 1.8984375 09 07 13
19.511719 3.3046875 09 07 13
17.472656 8.9765625 09 07 13
17.472656 8.9765625 09 07 13
22.957031 10.0546875 09 07 13
21.058594 -9.6328125 09 07 14
16.207031 -1.6171875 09 07 14
14.378906 7.2421875 09 07 14
14.238281 7.2421875 09 07 14
15.996094 8.8828125 09 07 14
15.996094 8.8828125 09 07 14
18.527344 8.6484375 09 07 15
21.128906 14.2265625 09 07 15
16.699219 3.1640625 09 08 12
16.699219 3.1640625 09 08 12
16.699219 3.1640625 09 08 12
16.699219 3.1640625 09 08 12
33.222656 5.6484375 09 08 12
34.347656 5.6484375 09 08 12
33.222656 5.6484375 09 08 12
12.199219 7.1953125 09 08 12
37.652344 9.2578125 09 08 12
35.05078 9.2578125 09 08 12
35.05078 9.2578125 09 08 12
30.410156 9.4921875 09 08 12
28.652344 0.5390625 09 08 13
24.152344 1.0078125 09 08 13
19.160156 0.8671875 09 08 14
14.941406 11.4140625 09 08 14
7.6992188 8.1328125 09 09 12
7.8398438 8.0390625 09 09 12
6.7851562 8.3203125 09 09 12
36.17578 7.7578125 09 09 12
6.2226562 7.8515625 09 09 12
6.7851562 8.3203125 09 09 12
9.457031 8.3203125 09 09 12
36.94922 9.1171875 09 09 12
37.01953 9.1171875 09 09 12
37.01953 9.1171875 09 09 12
38.63672 12.5390625 09 09 12
38.566406 12.5859375 09 09 12
38.35547 14.1796875 09 09 12
28.863281 0.1171875 09 09 13
19.089844 -3.8203125 09 09 14
19.441406 -3.9609375 09 09 14
20.003906 -3.9609375 09 09 14
22.675781 -3.6796875 09 09 14
23.519531 -3.4921875 09 09 14
24.996094 -1.8515625 09 09 14
26.402344 -0.0234375 09 09 14
24.996094 0.5859375 09 09 14
17.824219 -5.6015625 09 09 15
20.425781 -4.0546875 09 09 15
21.902344 0.4921875 09 09 15
19.582031 0.0234375 09 09 16
23.308594 0.6796875 09 09 16
6.5742188 6.6796875 09 09 16
28.722656 -0.3515625 09 10 12
27.105469 1.3359375 09 10 12
32.589844 4.0078125 09 10 12
26.964844 4.1953125 09 10 12
12.550781 7.6640625 09 10 12
12.550781 7.8046875 09 10 12
23.519531 9.3984375 09 10 12
24.152344 9.6328125 09 10 12
35.402344 9.2578125 09 10 12
25.207031 9.9140625 09 10 12
38.70703 14.0859375 09 10 12
24.714844 -0.0234375 09 10 14
14.449219 4.8515625 09 10 14
12.199219 7.1484375 09 10 14
13.253906 8.2734375 09 10 14
30.410156 3.7265625 09 11 12
30.410156 3.7265625 09 11 12
32.51953 3.5859375 09 11 12
32.027344 4.7578125 09 11 12
31.816406 4.8046875 09 11 12
31.816406 5.1328125 09 11 12
31.816406 5.3203125 09 11 12
30.128906 6.4921875 09 11 12
30.128906 6.4921875 09 11 12
21.621094 7.3359375 09 11 12
14.871094 8.0390625 09 11 12
21.621094 7.4296875 09 11 12
22.253906 7.9921875 09 11 12
31.183594 8.4609375 09 11 12
31.183594 8.4609375 09 11 12
34.347656 9.2578125 09 11 12
37.86328 12.0703125 09 11 12
30.902344 9.6328125 09 11 13
30.902344 9.6328125 09 11 13
29.496094 10.8046875 09 11 13
29.496094 10.8046875 09 11 13
19.230469 11.4140625 09 11 13
20.847656 12.0703125 09 11 13
21.832031 12.9609375 09 11 13
20.214844 13.5703125 09 11 13
22.675781 5.7890625 09 11 14
18.597656 12.3984375 09 11 14
14.871094 13.8515625 09 11 14
14.800781 13.8515625 09 11 14
14.871094 13.8515625 09 11 14
15.011719 13.9453125 09 11 14
14.871094 13.8515625 09 11 14
37.86328 10.3828125 09 11 15
22.746094 -3.4453125 09 11 17
15.503906 7.5234375 09 12 12
15.503906 7.5234375 09 12 12
14.027344 7.7578125 09 12 12
14.027344 7.7578125 09 12 12
17.402344 7.2421875 09 12 12
25.980469 8.2734375 09 12 12
12.199219 8.1328125 09 12 12
25.980469 8.2734375 09 12 12
24.574219 8.4609375 09 12 13
35.121094 8.0390625 09 12 15
37.441406 9.5390625 09 12 16
29.074219 4.6171875 09 12 17
15.714844 0.0234375 09 13 12
33.785156 2.4140625 09 13 12
33.714844 3.1640625 09 13 12
31.394531 3.4921875 09 13 12
16.488281 4.3828125 09 13 12
15.644531 4.0546875 09 13 12
16.488281 4.3828125 09 13 12
16.136719 4.5234375 09 13 12
16.277344 4.5234375 09 13 12
32.871094 4.7109375 09 13 12
32.871094 4.7109375 09 13 12
16.136719 5.5546875 09 13 12
10.582031 6.1640625 09 13 12
37.86328 7.6171875 09 13 12
39.19922 11.3671875 09 13 12
39.058594 13.4765625 09 13 12
39.058594 13.4765625 09 13 12
39.058594 13.4765625 09 13 12
24.503906 -6.1640625 09 13 13
26.824219 -0.3046875 09 13 13
26.894531 -0.3046875 09 13 13
33.29297 3.0703125 09 13 13
30.128906 3.3984375 09 13 13
28.722656 4.3828125 09 13 13
30.128906 4.6640625 09 13 13
12.972656 6.6328125 09 13 13
11.917969 7.1484375 09 13 13
12.761719 7.7109375 09 13 13
13.675781 7.8984375 09 13 13
12.480469 8.6015625 09 13 13
25.488281 -1.5703125 09 13 14
25.488281 -1.5703125 09 13 14
25.277344 -1.2421875 09 13 14
25.347656 0.0234375 09 13 14
28.230469 5.2734375 09 13 14
28.230469 5.2734375 09 13 14
24.714844 -0.1640625 09 13 16
24.714844 -0.1640625 09 13 16
23.167969 0.4921875 09 13 16
15.996094 7.9921875 09 13 16
9.457031 13.7109375 09 13 16
9.457031 13.7109375 09 13 16
23.589844 1.9453125 09 13 17
23.589844 1.9453125 09 13 17
12.269531 5.9765625 09 13 17
20.988281 -4.2890625 09 14 12
19.230469 -3.7734375 09 14 12
17.261719 -2.4609375 09 14 12
23.449219 -2.4609375 09 14 12
28.863281 -1.5703125 09 14 12
28.652344 -1.2890625 09 14 12
24.433594 -1.8515625 09 14 12
29.003906 -1.5234375 09 14 12
18.246094 -0.5390625 09 14 12
32.80078 3.7265625 09 14 12
31.253906 3.9140625 09 14 12
21.621094 4.7578125 09 14 12
9.808594 5.8828125 09 14 12
30.621094 5.8359375 09 14 12
31.816406 6.2109375 09 14 12
31.816406 6.2109375 09 14 12
31.816406 6.2109375 09 14 12
38.91797 7.6171875 09 14 12
38.07422 8.4609375 09 14 12
14.800781 8.0390625 09 14 12
15.011719 8.0859375 09 14 12
36.66797 9.4453125 09 14 12
38.003906 8.7421875 09 14 12
41.16797 9.0234375 09 14 12
36.66797 9.4453125 09 14 12
36.66797 9.4453125 09 14 12
36.66797 9.4453125 09 14 12
36.66797 9.4453125 09 14 12
37.30078 10.4296875 09 14 12
29.074219 11.9296875 09 14 12
30.269531 12.3515625 09 14 12
30.269531 12.3515625 09 14 12
30.269531 12.3515625 09 14 12
37.933594 13.3359375 09 14 12
38.003906 14.0859375 09 14 12
25.488281 -4.9453125 09 14 13
29.707031 4.5234375 09 14 13
15.644531 6.4453125 09 14 13
10.371094 6.6796875 09 14 13
11.566406 6.7265625 09 14 14
11.566406 6.7265625 09 14 14
11.566406 6.7265625 09 14 14
12.761719 6.7265625 09 14 14
31.394531 11.8828125 09 14 14
14.730469 -1.6171875 09 14 15
14.730469 -1.6171875 09 14 15
17.894531 11.3671875 09 14 16
15.363281 1.2890625 09 14 17
22.042969 10.2421875 09 14 17
28.230469 -30.492188 09 15 12
28.230469 -30.492188 09 15 12
20.285156 -26.929688 09 15 12
21.691406 -26.789062 09 15 12
21.691406 -26.789062 09 15 12
21.691406 -26.789062 09 15 12
21.691406 -26.789062 09 15 12
21.691406 -26.789062 09 15 12
21.691406 -26.789062 09 15 12
29.847656 -0.9140625 09 15 12
37.160156 -0.2109375 09 15 12
36.73828 -0.2109375 09 15 12
41.871094 9.2109375 09 15 12
36.878906 10.7109375 09 15 12
36.878906 11.0390625 09 15 12
38.214844 10.6640625 09 15 12
30.199219 11.1796875 09 15 12
30.199219 11.1796875 09 15 12
36.878906 11.0390625 09 15 12
36.878906 11.0390625 09 15 12
30.199219 11.1796875 09 15 12
36.17578 12.2578125 09 15 12
30.902344 12.1640625 09 15 12
28.511719 12.7734375 09 15 12
30.128906 13.1015625 09 15 12
28.582031 12.8203125 09 15 12
30.128906 13.9453125 09 15 12
32.44922 14.4140625 09 15 12
32.44922 14.4140625 09 15 12
35.121094 14.6484375 09 15 12
35.121094 14.6484375 09 15 12
26.964844 6.3515625 09 15 13
26.964844 6.3515625 09 15 13
14.027344 7.1015625 09 15 13
14.097656 7.8046875 09 15 13
25.980469 7.8984375 09 15 13
26.824219 10.7578125 09 15 13
29.707031 11.2265625 09 15 13
38.214844 13.8046875 09 15 13
22.183594 3.6796875 09 15 14
17.894531 8.1328125 09 15 14
12.761719 7.7109375 09 15 14
18.246094 7.7578125 09 15 14
17.894531 8.1328125 09 15 14
25.628906 9.0703125 09 15 14
18.035156 -6.1171875 09 15 15
16.769531 7.5703125 09 15 15
16.910156 7.9921875 09 15 15
16.910156 7.9921875 09 15 15
24.574219 10.1484375 09 15 15
21.269531 -4.9453125 09 15 16
33.785156 2.6015625 09 15 16
14.941406 6.9140625 09 15 16
14.941406 6.9140625 09 15 16
16.488281 8.9296875 09 15 16
21.691406 -2.9765625 09 15 17
23.589844 -26.929688 09 16 12
26.121094 -25.570312 09 16 12
23.800781 -26.039062 09 16 12
25.558594 -26.085938 09 16 12
23.800781 -26.039062 09 16 12
24.011719 -25.523438 09 16 12
24.855469 -22.570312 09 16 12
37.51172 0.0703125 09 16 12
14.660156 1.2421875 09 16 12
19.160156 3.0234375 09 16 12
19.792969 3.0703125 09 16 12
19.160156 3.0234375 09 16 12
19.722656 3.0703125 09 16 12
19.441406 4.6171875 09 16 12
36.94922 6.4453125 09 16 12
36.94922 6.4453125 09 16 12
36.94922 6.4453125 09 16 12
35.82422 7.7578125 09 16 12
42.08203 9.2109375 09 16 12
42.08203 9.2109375 09 16 12
42.08203 9.2109375 09 16 12
20.566406 9.5859375 09 16 12
36.878906 9.9609375 09 16 12
36.94922 10.8046875 09 16 12
37.01953 12.6328125 09 16 12
38.214844 13.7578125 09 16 12
16.417969 1.3359375 09 16 13
16.347656 1.3359375 09 16 13
20.917969 6.1640625 09 16 13
19.511719 5.6484375 09 16 13
21.058594 6.2578125 09 16 13
20.988281 6.2578125 09 16 13
20.847656 7.9453125 09 16 13
19.230469 8.8828125 09 16 13
21.339844 9.1171875 09 16 13
19.230469 10.6171875 09 16 13
19.300781 10.9921875 09 16 13
14.660156 1.7109375 09 16 14
18.808594 7.2890625 09 16 14
18.035156 8.2265625 09 16 14
8.964844 10.9921875 09 16 14
27.667969 -0.1171875 09 16 15
19.441406 1.5234375 09 16 15
16.910156 1.9453125 09 16 15
17.964844 1.5234375 09 16 16
24.644531 -17.039062 09 16 17
32.941406 -23.414062 09 17 12
32.941406 -23.414062 09 17 12
32.941406 -23.414062 09 17 12
31.816406 -22.898438 09 17 12
32.941406 -23.367188 09 17 12
32.941406 -23.226562 09 17 12
31.394531 -22.289062 09 17 12
31.394531 -22.289062 09 17 12
20.144531 -5.8828125 09 17 12
20.144531 -5.8828125 09 17 12
20.144531 -5.8828125 09 17 12
20.144531 -5.8828125 09 17 12
19.160156 -4.8046875 09 17 12
36.73828 -1.2421875 09 17 12
36.73828 -1.2421875 09 17 12
36.66797 -0.8203125 09 17 12
16.417969 0.9609375 09 17 12
13.535156 1.3828125 09 17 12
14.378906 2.7421875 09 17 12
13.183594 3.3515625 09 17 12
34.41797 5.8359375 09 17 12
34.20703 5.5546875 09 17 12
34.41797 5.8359375 09 17 12
34.41797 5.8359375 09 17 12
34.20703 5.8359375 09 17 12
14.097656 7.8046875 09 17 12
14.027344 7.9453125 09 17 12
13.957031 8.0859375 09 17 12
34.910156 10.7109375 09 17 12
29.496094 10.9921875 09 17 12
29.496094 10.9921875 09 17 12
39.128906 13.5234375 09 17 12
19.792969 -5.7890625 09 17 13
17.964844 -2.7421875 09 17 13
22.394531 1.6640625 09 17 13
17.402344 5.1328125 09 17 13
17.402344 5.1328125 09 17 13
29.214844 8.7421875 09 17 13
29.214844 8.7421875 09 17 13
29.285156 10.1953125 09 17 13
19.230469 10.8515625 09 17 13
31.324219 -18.398438 09 17 14
31.324219 -18.398438 09 17 14
14.589844 1.8046875 09 17 14
15.574219 1.4765625 09 17 14
11.917969 2.1796875 09 17 14
20.777344 7.2890625 09 17 14
13.042969 7.3359375 09 17 14
13.324219 8.6484375 09 17 14
18.527344 -5.0859375 09 17 15
19.230469 9.3046875 09 17 15
17.261719 -2.2734375 09 17 16
16.347656 7.1953125 09 17 16
32.589844 8.0859375 09 17 16
24.011719 -7.4765625 09 18 12
36.73828 -1.6640625 09 18 12
34.558594 1.8046875 09 18 12
11.355469 3.2109375 09 18 12
30.480469 4.3359375 09 18 12
30.972656 4.0546875 09 18 12
30.480469 4.3359375 09 18 12
30.972656 4.0546875 09 18 12
36.66797 12.1640625 09 18 12
36.10547 13.9921875 09 18 12
19.652344 -10.5703125 09 18 13
23.378906 7.6171875 09 18 13
14.027344 7.7109375 09 18 13
23.941406 8.7890625 09 18 13
17.683594 9.3984375 09 18 13
17.683594 9.3984375 09 18 13
18.738281 10.4296875 09 18 13
17.894531 10.6171875 09 18 13
23.308594 -11.3203125 09 18 14
23.308594 -11.3203125 09 18 14
19.582031 10.0078125 09 18 14
22.746094 9.9140625 09 18 14
25.136719 -6.8671875 09 19 12
25.136719 -6.8671875 09 19 12
24.292969 -6.7265625 09 19 12
27.035156 -5.9765625 09 19 12
27.035156 -5.6484375 09 19 12
20.707031 -5.5078125 09 19 12
26.964844 -5.6015625 09 19 12
20.917969 -5.2734375 09 19 12
20.355469 -4.9921875 09 19 12
23.519531 -4.9453125 09 19 12
20.144531 -2.1796875 09 19 12
23.519531 -4.9453125 09 19 12
24.292969 -3.4921875 09 19 12
24.292969 -3.2109375 09 19 12
22.042969 -1.5703125 09 19 12
25.769531 3.1171875 09 19 12
36.808594 10.8046875 09 19 12
36.808594 12.2109375 09 19 12
18.457031 -6.0234375 09 19 13
13.675781 7.2421875 09 19 13
18.527344 -8.1328125 09 19 14
18.527344 -6.3046875 09 19 14
18.246094 -11.5078125 09 19 15
14.519531 7.9921875 09 19 15
17.894531 -12.4921875 09 19 16
18.808594 -12.3046875 09 19 16
19.160156 -11.1328125 09 19 16
32.871094 3.9140625 09 20 12
20.496094 4.1953125 09 20 12
20.496094 4.1953125 09 20 12
12.199219 4.9453125 09 20 12
36.94922 10.0546875 09 20 12
36.527344 10.0546875 09 20 12
36.527344 10.0546875 09 20 12
36.73828 11.1328125 09 20 12
18.949219 -8.3671875 09 20 13
33.36328 2.3671875 09 20 13
33.85547 3.5390625 09 20 13
19.652344 4.4296875 09 20 13
17.753906 4.3828125 09 20 13
28.582031 5.9296875 09 20 13
18.246094 -26.554688 09 20 14
20.988281 -6.4921875 09 20 14
22.394531 -6.3515625 09 20 14
29.003906 6.5859375 09 20 14
18.105469 -7.9921875 09 20 15
18.105469 -7.9453125 09 20 15
28.511719 -0.7734375 09 20 15
26.402344 0.5859375 09 20 15
26.402344 0.5859375 09 20 15
26.683594 2.5546875 09 20 15
26.613281 2.5078125 09 20 15
26.613281 4.1953125 09 20 15
15.011719 9.3046875 09 20 15
16.628906 -7.8515625 09 20 16
22.324219 2.2734375 09 20 16
28.441406 -1.4765625 09 21 12
28.652344 -0.4453125 09 21 12
20.144531 0.1640625 09 21 12
20.214844 0.1640625 09 21 12
20.496094 0.4453125 09 21 12
20.636719 1.1015625 09 21 12
18.949219 1.3359375 09 21 12
19.792969 1.3359375 09 21 12
20.003906 1.6640625 09 21 12
19.511719 3.2578125 09 21 12
19.933594 3.1171875 09 21 12
32.16797 4.0546875 09 21 12
28.019531 5.2734375 09 21 12
27.949219 6.2109375 09 21 12
35.964844 9.9140625 09 21 12
35.964844 9.9140625 09 21 12
22.324219 -7.9921875 09 21 13
22.886719 -6.6328125 09 21 13
24.714844 -5.4609375 09 21 13
24.082031 -3.6328125 09 21 13
25.558594 -2.1796875 09 21 13
23.660156 -2.6015625 09 21 13
27.105469 -0.3515625 09 21 13
21.972656 -0.1640625 09 21 13
29.707031 3.2578125 09 21 13
27.035156 5.8828125 09 21 13
27.457031 6.0703125 09 21 13
13.957031 7.1015625 09 21 13
13.957031 7.1015625 09 21 13
28.089844 6.8203125 09 21 13
36.45703 11.7421875 09 21 13
21.199219 -6.4921875 09 21 14
19.441406 -6.1171875 09 21 14
18.808594 -5.0390625 09 21 14
22.746094 -2.0390625 09 21 14
21.972656 -1.1015625 09 21 14
28.722656 4.1484375 09 21 14
28.722656 4.1484375 09 21 14
30.550781 9.1640625 09 21 14
17.683594 -3.2109375 09 21 15
19.160156 -2.8828125 09 21 15
14.800781 13.8984375 09 21 15
14.800781 13.8984375 09 21 15
23.308594 -4.1484375 09 21 17
14.449219 9.4453125 09 21 17
25.347656 -3.8203125 09 22 12
21.199219 -3.3046875 09 22 12
20.917969 -2.5078125 09 22 12
21.199219 -3.1171875 09 22 12
20.917969 -2.2265625 09 22 12
24.785156 -2.4609375 09 22 12
20.917969 -2.2265625 09 22 12
20.917969 -2.2265625 09 22 12
17.964844 -1.5234375 09 22 12
21.339844 -2.0859375 09 22 12
25.066406 -1.9453125 09 22 12
25.488281 -0.3046875 09 22 12
25.488281 -0.3046875 09 22 12
22.816406 -0.0234375 09 22 12
26.824219 -0.4453125 09 22 12
26.261719 0.2109375 09 22 12
27.316406 0.0234375 09 22 12
24.011719 0.4453125 09 22 12
23.167969 0.8203125 09 22 12
26.261719 0.2109375 09 22 12
23.167969 0.8203125 09 22 12
26.683594 1.7109375 09 22 12
26.683594 1.7578125 09 22 12
23.449219 1.7109375 09 22 12
27.105469 1.4296875 09 22 12
26.683594 1.7578125 09 22 12
26.824219 2.8828125 09 22 12
17.753906 3.0234375 09 22 12
16.699219 3.2578125 09 22 12
31.253906 4.1953125 09 22 12
29.425781 5.3671875 09 22 12
29.425781 5.3671875 09 22 12
9.949219 7.7578125 09 22 12
10.441406 8.0859375 09 22 12
27.105469 8.1328125 09 22 12
32.73047 8.8359375 09 22 12
24.433594 9.5859375 09 22 12
24.433594 9.5859375 09 22 12
29.917969 11.4609375 09 22 12
37.722656 11.3671875 09 22 12
29.917969 11.4609375 09 22 12
29.917969 11.4609375 09 22 12
14.589844 5.8359375 09 22 13
14.027344 7.1015625 09 22 13
28.863281 7.6171875 09 22 13
29.566406 8.0859375 09 22 13
31.324219 10.2421875 09 22 13
31.957031 11.4609375 09 22 13
31.957031 11.4609375 09 22 13
34.69922 11.6953125 09 22 13
31.957031 11.4609375 09 22 13
21.058594 -7.9453125 09 22 14
22.113281 -7.4296875 09 22 14
22.113281 -7.4296875 09 22 14
22.886719 -6.4921875 09 22 14
32.73047 8.1328125 09 22 15
18.105469 9.5859375 09 22 15
33.36328 10.5234375 09 22 15
16.699219 -3.1171875 09 22 16
16.488281 -2.6953125 09 22 16
16.699219 -3.1171875 09 22 16
16.488281 -2.6953125 09 22 16
22.675781 -5.6015625 09 22 17
12.902344 -2.1796875 09 23 12
12.832031 -1.9921875 09 23 12
12.832031 -1.9921875 09 23 12
12.832031 -1.9921875 09 23 12
12.832031 -1.9921875 09 23 12
17.332031 4.1015625 09 23 12
26.683594 5.3203125 09 23 12
36.45703 9.1171875 09 23 12
42.85547 9.3515625 09 23 12
36.45703 9.1171875 09 23 12
37.51172 10.3828125 09 23 12
35.61328 10.4296875 09 23 12
36.45703 10.6171875 09 23 12
22.464844 -9.4453125 09 23 13
23.519531 -8.6953125 09 23 14
23.519531 -8.6953125 09 23 14
23.519531 -8.6953125 09 23 14
22.886719 -8.3671875 09 23 14
21.550781 -7.6640625 09 23 14
21.550781 -7.6640625 09 23 14
19.160156 -7.1484375 09 23 15
19.160156 -7.1484375 09 23 15
19.089844 -9.1640625 09 23 16
19.511719 -8.3671875 09 23 16
19.652344 6.4453125 09 23 16
22.886719 -4.0078125 09 23 17
22.394531 -32.039062 09 24 12
20.214844 -30.585938 09 24 12
19.792969 -29.929688 09 24 12
19.230469 -29.789062 09 24 12
18.738281 -27.914062 09 24 12
21.199219 -10.9453125 09 24 12
18.738281 -4.7109375 09 24 12
18.667969 -3.4921875 09 24 12
19.722656 -3.3046875 09 24 12
22.605469 -3.6796875 09 24 12
22.535156 -2.1328125 09 24 12
22.535156 -2.1328125 09 24 12
22.535156 -2.1328125 09 24 12
24.996094 -0.5859375 09 24 12
20.566406 0.3046875 09 24 12
20.847656 0.4453125 09 24 12
15.925781 3.3515625 09 24 12
29.285156 6.7265625 09 24 12
30.339844 6.4453125 09 24 12
29.074219 6.8203125 09 24 12
29.285156 6.8203125 09 24 12
29.285156 6.8203125 09 24 12
29.285156 6.8203125 09 24 12
35.191406 10.7578125 09 24 12
35.191406 10.7578125 09 24 12
36.10547 11.1328125 09 24 12
36.597656 11.8359375 09 24 12
36.597656 11.8359375 09 24 12
19.371094 -8.2265625 09 24 13
19.371094 -8.2265625 09 24 13
16.277344 -2.5078125 09 24 13
11.847656 3.4453125 09 24 13
11.847656 3.4453125 09 24 13
27.457031 5.4140625 09 24 13
27.175781 5.5078125 09 24 13
31.464844 5.6484375 09 24 13
31.464844 5.6484375 09 24 13
21.199219 -25.476562 09 24 14
19.511719 -7.3359375 09 24 14
19.511719 -7.3359375 09 24 14
19.511719 -7.3359375 09 24 14
11.285156 1.5234375 09 24 14
20.917969 5.8359375 09 24 14
20.847656 6.7265625 09 24 14
22.675781 -6.4921875 09 24 15
28.582031 4.2421875 09 24 15
17.121094 -4.8984375 09 24 16
29.214844 4.8046875 09 24 16
19.300781 6.0234375 09 24 16
14.519531 10.5703125 09 24 16
29.707031 -2.0859375 09 25 12
29.566406 -1.5234375 09 25 12
29.566406 -1.5234375 09 25 12
36.17578 10.7578125 09 25 12
36.45703 12.2109375 09 25 12
20.496094 -7.7578125 09 25 13
16.558594 1.0078125 09 25 13
22.183594 -9.3984375 09 25 14
21.199219 -9.2578125 09 25 14
18.949219 -8.5546875 09 25 14
18.316406 -10.6171875 09 25 15
21.621094 -8.5546875 09 25 15
36.808594 10.8046875 09 25 15
13.042969 2.4140625 09 25 16
25.417969 -5.0859375 09 26 12
26.542969 -4.9921875 09 26 12
28.089844 -2.3203125 09 26 12
28.441406 -1.4296875 09 26 12
29.074219 0.1171875 09 26 12
30.269531 3.3515625 09 26 12
15.785156 3.8203125 09 26 12
32.80078 4.0078125 09 26 12
31.394531 3.8671875 09 26 12
30.480469 4.5234375 09 26 12
30.621094 4.4765625 09 26 12
14.308594 4.9453125 09 26 12
28.230469 5.2734375 09 26 12
36.527344 10.8984375 09 26 12
19.300781 -10.1484375 09 26 13
19.089844 -6.7734375 09 26 13
25.277344 -4.2890625 09 26 13
26.542969 -2.1796875 09 26 13
23.238281 1.9453125 09 26 13
16.699219 3.4921875 09 26 13
14.800781 4.1015625 09 26 13
14.800781 4.1015625 09 26 13
9.949219 6.4453125 09 26 13
19.652344 6.7734375 09 26 13
30.621094 14.1796875 09 26 13
19.160156 -8.7890625 09 26 14
21.199219 -6.6796875 09 26 14
11.355469 5.5546875 09 26 14
18.667969 7.8515625 09 26 14
21.410156 7.9453125 09 26 14
31.394531 14.4609375 09 26 14
22.675781 0.1171875 09 26 15
17.261719 7.6171875 09 26 15
17.964844 5.8828125 09 26 16
27.949219 3.8203125 09 26 17
17.613281 -1.6640625 09 27 12
29.144531 0.0234375 09 27 12
16.347656 1.0546875 09 27 12
15.996094 1.8046875 09 27 12
30.199219 4.1953125 09 27 12
28.792969 3.4921875 09 27 13
29.285156 4.6171875 09 27 13
32.660156 3.9609375 09 27 14
14.167969 5.4609375 09 27 17
7.4882812 9.0234375 09 27 17
11.847656 2.7890625 09 28 12
34.277344 6.5390625 09 28 12
35.121094 7.1015625 09 28 12
35.121094 7.1015625 09 28 12
25.488281 11.3203125 09 28 12
36.597656 12.1640625 09 28 12
29.355469 -1.1953125 09 28 13
15.011719 6.8203125 09 28 13
34.910156 9.7734375 09 28 13
34.41797 11.9765625 09 28 13
23.800781 -11.0390625 09 28 14
23.941406 -10.2890625 09 28 14
23.941406 -10.2890625 09 28 14
21.832031 -9.9140625 09 28 14
19.722656 8.6484375 09 28 14
20.566406 -8.4609375 09 28 15
16.347656 7.9453125 09 28 15
13.675781 8.5078125 09 28 15
27.105469 7.1953125 09 28 17
26.472656 -9.5859375 09 29 12
35.33203 -8.2265625 09 29 12
21.621094 -0.3984375 09 29 12
21.832031 -1.0078125 09 29 12
26.753906 0.8671875 09 29 12
26.753906 0.8671875 09 29 12
28.230469 2.2734375 09 29 12
28.230469 2.2734375 09 29 12
27.808594 2.1328125 09 29 12
25.417969 3.4453125 09 29 12
22.816406 3.0703125 09 29 12
17.613281 2.9765625 09 29 12
17.613281 2.9765625 09 29 12
16.980469 3.5390625 09 29 12
22.957031 3.0234375 09 29 12
17.613281 2.9765625 09 29 12
16.558594 3.8671875 09 29 12
18.246094 3.3515625 09 29 12
16.558594 3.8671875 09 29 12
15.855469 3.9140625 09 29 12
16.558594 3.8671875 09 29 12
15.855469 3.9140625 09 29 12
25.277344 3.7265625 09 29 12
23.378906 4.6640625 09 29 12
23.589844 4.1953125 09 29 12
23.871094 6.0703125 09 29 13
36.73828 -5.4609375 09 29 14
17.402344 0.2578125 09 29 14
24.996094 7.9921875 09 29 14
20.917969 -13.8515625 09 29 15
20.917969 -13.8515625 09 29 15
37.652344 -3.1640625 09 29 15
23.238281 7.4296875 09 29 15
23.871094 8.4609375 09 29 15
23.800781 8.5078125 09 29 15
7.0664062 12.2578125 09 29 15
23.800781 -7.8984375 09 29 16
22.816406 8.2734375 09 29 16
22.253906 8.1328125 09 29 16
21.480469 7.0078125 09 29 17
19.722656 -11.8828125 09 30 12
19.722656 -11.8828125 09 30 12
19.722656 -11.8828125 09 30 12
24.925781 -10.9453125 09 30 12
18.457031 -10.7578125 09 30 12
18.457031 -10.7578125 09 30 12
19.160156 -9.2578125 09 30 12
19.160156 -9.2578125 09 30 12
18.878906 -8.2265625 09 30 12
18.878906 -8.2265625 09 30 12
21.199219 -7.7109375 09 30 12
18.878906 -8.2265625 09 30 12
22.957031 -7.7578125 09 30 12
21.902344 -7.3828125 09 30 12
23.660156 -7.3359375 09 30 12
20.355469 -7.3359375 09 30 12
22.957031 -7.7578125 09 30 12
21.902344 -7.3828125 09 30 12
23.660156 -7.3359375 09 30 12
20.355469 -7.2890625 09 30 12
21.902344 -7.3828125 09 30 12
21.902344 -7.3828125 09 30 12
17.964844 -6.3046875 09 30 12
20.355469 -7.2890625 09 30 12
17.964844 -6.3046875 09 30 12
17.613281 -5.7890625 09 30 12
18.035156 -5.2734375 09 30 12
18.035156 -5.2734375 09 30 12
18.457031 -4.9921875 09 30 12
18.175781 -0.3515625 09 30 12
18.175781 -0.3515625 09 30 12
18.949219 -0.6328125 09 30 12
28.300781 5.8828125 09 30 12
28.300781 5.8828125 09 30 12
29.144531 6.1171875 09 30 12
29.144531 6.1171875 09 30 12
28.300781 5.8828125 09 30 12
24.222656 9.7734375 09 30 12
22.816406 9.9609375 09 30 12
36.10547 9.9609375 09 30 12
24.222656 9.7734375 09 30 12
23.800781 10.2421875 09 30 12
23.167969 -12.2109375 09 30 13
11.355469 7.2421875 09 30 13
11.917969 7.5234375 09 30 13
13.183594 8.3203125 09 30 13
36.66797 12.4921875 09 30 14
15.855469 -10.4765625 09 30 15
30.761719 5.7890625 09 30 15
33.64453 1.8515625 09 30 16
